"Dataset","Tissue","Species","Method","Replicate","RefinementSelector","RefinementBudgetK","Bin","BinLower","BinUpper","N","Coverage","MeanConfidence","Accuracy","AbsCalibrationError"
"PBMC","PBMC","Human","DeepSeek-Plain",1,"none",0,1,0,0.1,0,0,NA,NA,NA
"PBMC","PBMC","Human","DeepSeek-Plain",1,"none",0,2,0.1,0.2,0,0,NA,NA,NA
"PBMC","PBMC","Human","DeepSeek-Plain",1,"none",0,3,0.2,0.3,0,0,NA,NA,NA
"PBMC","PBMC","Human","DeepSeek-Plain",1,"none",0,4,0.3,0.4,0,0,NA,NA,NA
"PBMC","PBMC","Human","DeepSeek-Plain",1,"none",0,5,0.4,0.5,0,0,NA,NA,NA
"PBMC","PBMC","Human","DeepSeek-Plain",1,"none",0,6,0.5,0.6,0,0,NA,NA,NA
"PBMC","PBMC","Human","DeepSeek-Plain",1,"none",0,7,0.6,0.7,0,0,NA,NA,NA
"PBMC","PBMC","Human","DeepSeek-Plain",1,"none",0,8,0.7,0.8,0,0,NA,NA,NA
"PBMC","PBMC","Human","DeepSeek-Plain",1,"none",0,9,0.8,0.9,0,0,NA,NA,NA
"PBMC","PBMC","Human","DeepSeek-Plain",1,"none",0,10,0.9,1,8,1,0.95,1,0.05
"PBMC","PBMC","Human","DeepSeekCell-Evidence",1,"none",0,1,0,0.1,0,0,NA,NA,NA
"PBMC","PBMC","Human","DeepSeekCell-Evidence",1,"none",0,2,0.1,0.2,0,0,NA,NA,NA
"PBMC","PBMC","Human","DeepSeekCell-Evidence",1,"none",0,3,0.2,0.3,0,0,NA,NA,NA
"PBMC","PBMC","Human","DeepSeekCell-Evidence",1,"none",0,4,0.3,0.4,0,0,NA,NA,NA
"PBMC","PBMC","Human","DeepSeekCell-Evidence",1,"none",0,5,0.4,0.5,0,0,NA,NA,NA
"PBMC","PBMC","Human","DeepSeekCell-Evidence",1,"none",0,6,0.5,0.6,0,0,NA,NA,NA
"PBMC","PBMC","Human","DeepSeekCell-Evidence",1,"none",0,7,0.6,0.7,0,0,NA,NA,NA
"PBMC","PBMC","Human","DeepSeekCell-Evidence",1,"none",0,8,0.7,0.8,0,0,NA,NA,NA
"PBMC","PBMC","Human","DeepSeekCell-Evidence",1,"none",0,9,0.8,0.9,0,0,NA,NA,NA
"PBMC","PBMC","Human","DeepSeekCell-Evidence",1,"none",0,10,0.9,1,8,1,0.95,1,0.05
"PBMC","PBMC","Human","DeepSeekCell-Calibrated",1,"none",0,1,0,0.1,0,0,NA,NA,NA
"PBMC","PBMC","Human","DeepSeekCell-Calibrated",1,"none",0,2,0.1,0.2,0,0,NA,NA,NA
"PBMC","PBMC","Human","DeepSeekCell-Calibrated",1,"none",0,3,0.2,0.3,0,0,NA,NA,NA
"PBMC","PBMC","Human","DeepSeekCell-Calibrated",1,"none",0,4,0.3,0.4,0,0,NA,NA,NA
"PBMC","PBMC","Human","DeepSeekCell-Calibrated",1,"none",0,5,0.4,0.5,0,0,NA,NA,NA
"PBMC","PBMC","Human","DeepSeekCell-Calibrated",1,"none",0,6,0.5,0.6,0,0,NA,NA,NA
"PBMC","PBMC","Human","DeepSeekCell-Calibrated",1,"none",0,7,0.6,0.7,0,0,NA,NA,NA
"PBMC","PBMC","Human","DeepSeekCell-Calibrated",1,"none",0,8,0.7,0.8,1,0.125,0.774,1,0.226
"PBMC","PBMC","Human","DeepSeekCell-Calibrated",1,"none",0,9,0.8,0.9,7,0.875,0.869571428571429,1,0.130428571428571
"PBMC","PBMC","Human","DeepSeekCell-Calibrated",1,"none",0,10,0.9,1,0,0,NA,NA,NA
"PBMC","PBMC","Human","DeepSeekCell-SelfRefined",1,"evidence-k",0,1,0,0.1,0,0,NA,NA,NA
"PBMC","PBMC","Human","DeepSeekCell-SelfRefined",1,"evidence-k",0,2,0.1,0.2,0,0,NA,NA,NA
"PBMC","PBMC","Human","DeepSeekCell-SelfRefined",1,"evidence-k",0,3,0.2,0.3,0,0,NA,NA,NA
"PBMC","PBMC","Human","DeepSeekCell-SelfRefined",1,"evidence-k",0,4,0.3,0.4,0,0,NA,NA,NA
"PBMC","PBMC","Human","DeepSeekCell-SelfRefined",1,"evidence-k",0,5,0.4,0.5,0,0,NA,NA,NA
"PBMC","PBMC","Human","DeepSeekCell-SelfRefined",1,"evidence-k",0,6,0.5,0.6,0,0,NA,NA,NA
"PBMC","PBMC","Human","DeepSeekCell-SelfRefined",1,"evidence-k",0,7,0.6,0.7,0,0,NA,NA,NA
"PBMC","PBMC","Human","DeepSeekCell-SelfRefined",1,"evidence-k",0,8,0.7,0.8,1,0.125,0.774,1,0.226
"PBMC","PBMC","Human","DeepSeekCell-SelfRefined",1,"evidence-k",0,9,0.8,0.9,7,0.875,0.869571428571429,1,0.130428571428571
"PBMC","PBMC","Human","DeepSeekCell-SelfRefined",1,"evidence-k",0,10,0.9,1,0,0,NA,NA,NA
"PBMC","PBMC","Human","DeepSeekCell-RandomK",1,"random-k",0,1,0,0.1,0,0,NA,NA,NA
"PBMC","PBMC","Human","DeepSeekCell-RandomK",1,"random-k",0,2,0.1,0.2,0,0,NA,NA,NA
"PBMC","PBMC","Human","DeepSeekCell-RandomK",1,"random-k",0,3,0.2,0.3,0,0,NA,NA,NA
"PBMC","PBMC","Human","DeepSeekCell-RandomK",1,"random-k",0,4,0.3,0.4,0,0,NA,NA,NA
"PBMC","PBMC","Human","DeepSeekCell-RandomK",1,"random-k",0,5,0.4,0.5,0,0,NA,NA,NA
"PBMC","PBMC","Human","DeepSeekCell-RandomK",1,"random-k",0,6,0.5,0.6,0,0,NA,NA,NA
"PBMC","PBMC","Human","DeepSeekCell-RandomK",1,"random-k",0,7,0.6,0.7,0,0,NA,NA,NA
"PBMC","PBMC","Human","DeepSeekCell-RandomK",1,"random-k",0,8,0.7,0.8,1,0.125,0.774,1,0.226
"PBMC","PBMC","Human","DeepSeekCell-RandomK",1,"random-k",0,9,0.8,0.9,7,0.875,0.869571428571429,1,0.130428571428571
"PBMC","PBMC","Human","DeepSeekCell-RandomK",1,"random-k",0,10,0.9,1,0,0,NA,NA,NA
"PBMC","PBMC","Human","DeepSeekCell-ConfidenceK",1,"confidence-k",0,1,0,0.1,0,0,NA,NA,NA
"PBMC","PBMC","Human","DeepSeekCell-ConfidenceK",1,"confidence-k",0,2,0.1,0.2,0,0,NA,NA,NA
"PBMC","PBMC","Human","DeepSeekCell-ConfidenceK",1,"confidence-k",0,3,0.2,0.3,0,0,NA,NA,NA
"PBMC","PBMC","Human","DeepSeekCell-ConfidenceK",1,"confidence-k",0,4,0.3,0.4,0,0,NA,NA,NA
"PBMC","PBMC","Human","DeepSeekCell-ConfidenceK",1,"confidence-k",0,5,0.4,0.5,0,0,NA,NA,NA
"PBMC","PBMC","Human","DeepSeekCell-ConfidenceK",1,"confidence-k",0,6,0.5,0.6,0,0,NA,NA,NA
"PBMC","PBMC","Human","DeepSeekCell-ConfidenceK",1,"confidence-k",0,7,0.6,0.7,0,0,NA,NA,NA
"PBMC","PBMC","Human","DeepSeekCell-ConfidenceK",1,"confidence-k",0,8,0.7,0.8,1,0.125,0.774,1,0.226
"PBMC","PBMC","Human","DeepSeekCell-ConfidenceK",1,"confidence-k",0,9,0.8,0.9,7,0.875,0.869571428571429,1,0.130428571428571
"PBMC","PBMC","Human","DeepSeekCell-ConfidenceK",1,"confidence-k",0,10,0.9,1,0,0,NA,NA,NA
"PBMC","PBMC","Human","DeepSeekCell-FullRefined",1,"full",8,1,0,0.1,0,0,NA,NA,NA
"PBMC","PBMC","Human","DeepSeekCell-FullRefined",1,"full",8,2,0.1,0.2,0,0,NA,NA,NA
"PBMC","PBMC","Human","DeepSeekCell-FullRefined",1,"full",8,3,0.2,0.3,0,0,NA,NA,NA
"PBMC","PBMC","Human","DeepSeekCell-FullRefined",1,"full",8,4,0.3,0.4,0,0,NA,NA,NA
"PBMC","PBMC","Human","DeepSeekCell-FullRefined",1,"full",8,5,0.4,0.5,0,0,NA,NA,NA
"PBMC","PBMC","Human","DeepSeekCell-FullRefined",1,"full",8,6,0.5,0.6,0,0,NA,NA,NA
"PBMC","PBMC","Human","DeepSeekCell-FullRefined",1,"full",8,7,0.6,0.7,0,0,NA,NA,NA
"PBMC","PBMC","Human","DeepSeekCell-FullRefined",1,"full",8,8,0.7,0.8,1,0.125,0.774,1,0.226
"PBMC","PBMC","Human","DeepSeekCell-FullRefined",1,"full",8,9,0.8,0.9,7,0.875,0.869571428571429,1,0.130428571428571
"PBMC","PBMC","Human","DeepSeekCell-FullRefined",1,"full",8,10,0.9,1,0,0,NA,NA,NA
"BaronPancreas","Pancreas","Human","DeepSeek-Plain",1,"none",0,1,0,0.1,0,0,NA,NA,NA
"BaronPancreas","Pancreas","Human","DeepSeek-Plain",1,"none",0,2,0.1,0.2,0,0,NA,NA,NA
"BaronPancreas","Pancreas","Human","DeepSeek-Plain",1,"none",0,3,0.2,0.3,0,0,NA,NA,NA
"BaronPancreas","Pancreas","Human","DeepSeek-Plain",1,"none",0,4,0.3,0.4,0,0,NA,NA,NA
"BaronPancreas","Pancreas","Human","DeepSeek-Plain",1,"none",0,5,0.4,0.5,0,0,NA,NA,NA
"BaronPancreas","Pancreas","Human","DeepSeek-Plain",1,"none",0,6,0.5,0.6,0,0,NA,NA,NA
"BaronPancreas","Pancreas","Human","DeepSeek-Plain",1,"none",0,7,0.6,0.7,0,0,NA,NA,NA
"BaronPancreas","Pancreas","Human","DeepSeek-Plain",1,"none",0,8,0.7,0.8,3,0.1875,0.8,0,0.8
"BaronPancreas","Pancreas","Human","DeepSeek-Plain",1,"none",0,9,0.8,0.9,5,0.3125,0.88,1,0.12
"BaronPancreas","Pancreas","Human","DeepSeek-Plain",1,"none",0,10,0.9,1,8,0.5,0.95,1,0.05
"BaronPancreas","Pancreas","Human","DeepSeekCell-Evidence",1,"none",0,1,0,0.1,0,0,NA,NA,NA
"BaronPancreas","Pancreas","Human","DeepSeekCell-Evidence",1,"none",0,2,0.1,0.2,0,0,NA,NA,NA
"BaronPancreas","Pancreas","Human","DeepSeekCell-Evidence",1,"none",0,3,0.2,0.3,0,0,NA,NA,NA
"BaronPancreas","Pancreas","Human","DeepSeekCell-Evidence",1,"none",0,4,0.3,0.4,0,0,NA,NA,NA
"BaronPancreas","Pancreas","Human","DeepSeekCell-Evidence",1,"none",0,5,0.4,0.5,0,0,NA,NA,NA
"BaronPancreas","Pancreas","Human","DeepSeekCell-Evidence",1,"none",0,6,0.5,0.6,0,0,NA,NA,NA
"BaronPancreas","Pancreas","Human","DeepSeekCell-Evidence",1,"none",0,7,0.6,0.7,0,0,NA,NA,NA
"BaronPancreas","Pancreas","Human","DeepSeekCell-Evidence",1,"none",0,8,0.7,0.8,3,0.1875,0.8,0,0.8
"BaronPancreas","Pancreas","Human","DeepSeekCell-Evidence",1,"none",0,9,0.8,0.9,5,0.3125,0.88,1,0.12
"BaronPancreas","Pancreas","Human","DeepSeekCell-Evidence",1,"none",0,10,0.9,1,8,0.5,0.95,1,0.05
"BaronPancreas","Pancreas","Human","DeepSeekCell-Calibrated",1,"none",0,1,0,0.1,0,0,NA,NA,NA
"BaronPancreas","Pancreas","Human","DeepSeekCell-Calibrated",1,"none",0,2,0.1,0.2,0,0,NA,NA,NA
"BaronPancreas","Pancreas","Human","DeepSeekCell-Calibrated",1,"none",0,3,0.2,0.3,0,0,NA,NA,NA
"BaronPancreas","Pancreas","Human","DeepSeekCell-Calibrated",1,"none",0,4,0.3,0.4,0,0,NA,NA,NA
"BaronPancreas","Pancreas","Human","DeepSeekCell-Calibrated",1,"none",0,5,0.4,0.5,0,0,NA,NA,NA
"BaronPancreas","Pancreas","Human","DeepSeekCell-Calibrated",1,"none",0,6,0.5,0.6,0,0,NA,NA,NA
"BaronPancreas","Pancreas","Human","DeepSeekCell-Calibrated",1,"none",0,7,0.6,0.7,0,0,NA,NA,NA
"BaronPancreas","Pancreas","Human","DeepSeekCell-Calibrated",1,"none",0,8,0.7,0.8,5,0.3125,0.7696,0.4,0.3696
"BaronPancreas","Pancreas","Human","DeepSeekCell-Calibrated",1,"none",0,9,0.8,0.9,10,0.625,0.8222,1,0.1778
"BaronPancreas","Pancreas","Human","DeepSeekCell-Calibrated",1,"none",0,10,0.9,1,1,0.0625,0.941,1,0.0590000000000001
"BaronPancreas","Pancreas","Human","DeepSeekCell-SelfRefined",1,"evidence-k",0,1,0,0.1,0,0,NA,NA,NA
"BaronPancreas","Pancreas","Human","DeepSeekCell-SelfRefined",1,"evidence-k",0,2,0.1,0.2,0,0,NA,NA,NA
"BaronPancreas","Pancreas","Human","DeepSeekCell-SelfRefined",1,"evidence-k",0,3,0.2,0.3,0,0,NA,NA,NA
"BaronPancreas","Pancreas","Human","DeepSeekCell-SelfRefined",1,"evidence-k",0,4,0.3,0.4,0,0,NA,NA,NA
"BaronPancreas","Pancreas","Human","DeepSeekCell-SelfRefined",1,"evidence-k",0,5,0.4,0.5,0,0,NA,NA,NA
"BaronPancreas","Pancreas","Human","DeepSeekCell-SelfRefined",1,"evidence-k",0,6,0.5,0.6,0,0,NA,NA,NA
"BaronPancreas","Pancreas","Human","DeepSeekCell-SelfRefined",1,"evidence-k",0,7,0.6,0.7,0,0,NA,NA,NA
"BaronPancreas","Pancreas","Human","DeepSeekCell-SelfRefined",1,"evidence-k",0,8,0.7,0.8,5,0.3125,0.7696,0.4,0.3696
"BaronPancreas","Pancreas","Human","DeepSeekCell-SelfRefined",1,"evidence-k",0,9,0.8,0.9,10,0.625,0.8222,1,0.1778
"BaronPancreas","Pancreas","Human","DeepSeekCell-SelfRefined",1,"evidence-k",0,10,0.9,1,1,0.0625,0.941,1,0.0590000000000001
"BaronPancreas","Pancreas","Human","DeepSeekCell-RandomK",1,"random-k",0,1,0,0.1,0,0,NA,NA,NA
"BaronPancreas","Pancreas","Human","DeepSeekCell-RandomK",1,"random-k",0,2,0.1,0.2,0,0,NA,NA,NA
"BaronPancreas","Pancreas","Human","DeepSeekCell-RandomK",1,"random-k",0,3,0.2,0.3,0,0,NA,NA,NA
"BaronPancreas","Pancreas","Human","DeepSeekCell-RandomK",1,"random-k",0,4,0.3,0.4,0,0,NA,NA,NA
"BaronPancreas","Pancreas","Human","DeepSeekCell-RandomK",1,"random-k",0,5,0.4,0.5,0,0,NA,NA,NA
"BaronPancreas","Pancreas","Human","DeepSeekCell-RandomK",1,"random-k",0,6,0.5,0.6,0,0,NA,NA,NA
"BaronPancreas","Pancreas","Human","DeepSeekCell-RandomK",1,"random-k",0,7,0.6,0.7,0,0,NA,NA,NA
"BaronPancreas","Pancreas","Human","DeepSeekCell-RandomK",1,"random-k",0,8,0.7,0.8,5,0.3125,0.7696,0.4,0.3696
"BaronPancreas","Pancreas","Human","DeepSeekCell-RandomK",1,"random-k",0,9,0.8,0.9,10,0.625,0.8222,1,0.1778
"BaronPancreas","Pancreas","Human","DeepSeekCell-RandomK",1,"random-k",0,10,0.9,1,1,0.0625,0.941,1,0.0590000000000001
"BaronPancreas","Pancreas","Human","DeepSeekCell-ConfidenceK",1,"confidence-k",0,1,0,0.1,0,0,NA,NA,NA
"BaronPancreas","Pancreas","Human","DeepSeekCell-ConfidenceK",1,"confidence-k",0,2,0.1,0.2,0,0,NA,NA,NA
"BaronPancreas","Pancreas","Human","DeepSeekCell-ConfidenceK",1,"confidence-k",0,3,0.2,0.3,0,0,NA,NA,NA
"BaronPancreas","Pancreas","Human","DeepSeekCell-ConfidenceK",1,"confidence-k",0,4,0.3,0.4,0,0,NA,NA,NA
"BaronPancreas","Pancreas","Human","DeepSeekCell-ConfidenceK",1,"confidence-k",0,5,0.4,0.5,0,0,NA,NA,NA
"BaronPancreas","Pancreas","Human","DeepSeekCell-ConfidenceK",1,"confidence-k",0,6,0.5,0.6,0,0,NA,NA,NA
"BaronPancreas","Pancreas","Human","DeepSeekCell-ConfidenceK",1,"confidence-k",0,7,0.6,0.7,0,0,NA,NA,NA
"BaronPancreas","Pancreas","Human","DeepSeekCell-ConfidenceK",1,"confidence-k",0,8,0.7,0.8,5,0.3125,0.7696,0.4,0.3696
"BaronPancreas","Pancreas","Human","DeepSeekCell-ConfidenceK",1,"confidence-k",0,9,0.8,0.9,10,0.625,0.8222,1,0.1778
"BaronPancreas","Pancreas","Human","DeepSeekCell-ConfidenceK",1,"confidence-k",0,10,0.9,1,1,0.0625,0.941,1,0.0590000000000001
"BaronPancreas","Pancreas","Human","DeepSeekCell-FullRefined",1,"full",16,1,0,0.1,0,0,NA,NA,NA
"BaronPancreas","Pancreas","Human","DeepSeekCell-FullRefined",1,"full",16,2,0.1,0.2,0,0,NA,NA,NA
"BaronPancreas","Pancreas","Human","DeepSeekCell-FullRefined",1,"full",16,3,0.2,0.3,0,0,NA,NA,NA
"BaronPancreas","Pancreas","Human","DeepSeekCell-FullRefined",1,"full",16,4,0.3,0.4,0,0,NA,NA,NA
"BaronPancreas","Pancreas","Human","DeepSeekCell-FullRefined",1,"full",16,5,0.4,0.5,0,0,NA,NA,NA
"BaronPancreas","Pancreas","Human","DeepSeekCell-FullRefined",1,"full",16,6,0.5,0.6,0,0,NA,NA,NA
"BaronPancreas","Pancreas","Human","DeepSeekCell-FullRefined",1,"full",16,7,0.6,0.7,0,0,NA,NA,NA
"BaronPancreas","Pancreas","Human","DeepSeekCell-FullRefined",1,"full",16,8,0.7,0.8,5,0.3125,0.7222,0.4,0.3222
"BaronPancreas","Pancreas","Human","DeepSeekCell-FullRefined",1,"full",16,9,0.8,0.9,10,0.625,0.8222,1,0.1778
"BaronPancreas","Pancreas","Human","DeepSeekCell-FullRefined",1,"full",16,10,0.9,1,1,0.0625,0.941,1,0.0590000000000001
"MuraroPancreas","Pancreas","Human","DeepSeek-Plain",1,"none",0,1,0,0.1,0,0,NA,NA,NA
"MuraroPancreas","Pancreas","Human","DeepSeek-Plain",1,"none",0,2,0.1,0.2,0,0,NA,NA,NA
"MuraroPancreas","Pancreas","Human","DeepSeek-Plain",1,"none",0,3,0.2,0.3,0,0,NA,NA,NA
"MuraroPancreas","Pancreas","Human","DeepSeek-Plain",1,"none",0,4,0.3,0.4,0,0,NA,NA,NA
"MuraroPancreas","Pancreas","Human","DeepSeek-Plain",1,"none",0,5,0.4,0.5,0,0,NA,NA,NA
"MuraroPancreas","Pancreas","Human","DeepSeek-Plain",1,"none",0,6,0.5,0.6,1,0.0909090909090909,0.6,0,0.6
"MuraroPancreas","Pancreas","Human","DeepSeek-Plain",1,"none",0,7,0.6,0.7,0,0,NA,NA,NA
"MuraroPancreas","Pancreas","Human","DeepSeek-Plain",1,"none",0,8,0.7,0.8,0,0,NA,NA,NA
"MuraroPancreas","Pancreas","Human","DeepSeek-Plain",1,"none",0,9,0.8,0.9,2,0.181818181818182,0.875,1,0.125
"MuraroPancreas","Pancreas","Human","DeepSeek-Plain",1,"none",0,10,0.9,1,8,0.727272727272727,0.95,0.875,0.075
"MuraroPancreas","Pancreas","Human","DeepSeekCell-Evidence",1,"none",0,1,0,0.1,0,0,NA,NA,NA
"MuraroPancreas","Pancreas","Human","DeepSeekCell-Evidence",1,"none",0,2,0.1,0.2,0,0,NA,NA,NA
"MuraroPancreas","Pancreas","Human","DeepSeekCell-Evidence",1,"none",0,3,0.2,0.3,0,0,NA,NA,NA
"MuraroPancreas","Pancreas","Human","DeepSeekCell-Evidence",1,"none",0,4,0.3,0.4,0,0,NA,NA,NA
"MuraroPancreas","Pancreas","Human","DeepSeekCell-Evidence",1,"none",0,5,0.4,0.5,0,0,NA,NA,NA
"MuraroPancreas","Pancreas","Human","DeepSeekCell-Evidence",1,"none",0,6,0.5,0.6,1,0.0909090909090909,0.6,0,0.6
"MuraroPancreas","Pancreas","Human","DeepSeekCell-Evidence",1,"none",0,7,0.6,0.7,0,0,NA,NA,NA
"MuraroPancreas","Pancreas","Human","DeepSeekCell-Evidence",1,"none",0,8,0.7,0.8,0,0,NA,NA,NA
"MuraroPancreas","Pancreas","Human","DeepSeekCell-Evidence",1,"none",0,9,0.8,0.9,2,0.181818181818182,0.875,1,0.125
"MuraroPancreas","Pancreas","Human","DeepSeekCell-Evidence",1,"none",0,10,0.9,1,8,0.727272727272727,0.95,0.875,0.075
"MuraroPancreas","Pancreas","Human","DeepSeekCell-Calibrated",1,"none",0,1,0,0.1,0,0,NA,NA,NA
"MuraroPancreas","Pancreas","Human","DeepSeekCell-Calibrated",1,"none",0,2,0.1,0.2,0,0,NA,NA,NA
"MuraroPancreas","Pancreas","Human","DeepSeekCell-Calibrated",1,"none",0,3,0.2,0.3,0,0,NA,NA,NA
"MuraroPancreas","Pancreas","Human","DeepSeekCell-Calibrated",1,"none",0,4,0.3,0.4,0,0,NA,NA,NA
"MuraroPancreas","Pancreas","Human","DeepSeekCell-Calibrated",1,"none",0,5,0.4,0.5,1,0.0909090909090909,0.49,0,0.49
"MuraroPancreas","Pancreas","Human","DeepSeekCell-Calibrated",1,"none",0,6,0.5,0.6,0,0,NA,NA,NA
"MuraroPancreas","Pancreas","Human","DeepSeekCell-Calibrated",1,"none",0,7,0.6,0.7,1,0.0909090909090909,0.69,1,0.31
"MuraroPancreas","Pancreas","Human","DeepSeekCell-Calibrated",1,"none",0,8,0.7,0.8,2,0.181818181818182,0.7535,1,0.2465
"MuraroPancreas","Pancreas","Human","DeepSeekCell-Calibrated",1,"none",0,9,0.8,0.9,7,0.636363636363636,0.834857142857143,0.857142857142857,0.0222857142857142
"MuraroPancreas","Pancreas","Human","DeepSeekCell-Calibrated",1,"none",0,10,0.9,1,0,0,NA,NA,NA
"MuraroPancreas","Pancreas","Human","DeepSeekCell-SelfRefined",1,"evidence-k",0,1,0,0.1,0,0,NA,NA,NA
"MuraroPancreas","Pancreas","Human","DeepSeekCell-SelfRefined",1,"evidence-k",0,2,0.1,0.2,0,0,NA,NA,NA
"MuraroPancreas","Pancreas","Human","DeepSeekCell-SelfRefined",1,"evidence-k",0,3,0.2,0.3,0,0,NA,NA,NA
"MuraroPancreas","Pancreas","Human","DeepSeekCell-SelfRefined",1,"evidence-k",0,4,0.3,0.4,0,0,NA,NA,NA
"MuraroPancreas","Pancreas","Human","DeepSeekCell-SelfRefined",1,"evidence-k",0,5,0.4,0.5,1,0.0909090909090909,0.49,0,0.49
"MuraroPancreas","Pancreas","Human","DeepSeekCell-SelfRefined",1,"evidence-k",0,6,0.5,0.6,0,0,NA,NA,NA
"MuraroPancreas","Pancreas","Human","DeepSeekCell-SelfRefined",1,"evidence-k",0,7,0.6,0.7,1,0.0909090909090909,0.69,1,0.31
"MuraroPancreas","Pancreas","Human","DeepSeekCell-SelfRefined",1,"evidence-k",0,8,0.7,0.8,2,0.181818181818182,0.7535,1,0.2465
"MuraroPancreas","Pancreas","Human","DeepSeekCell-SelfRefined",1,"evidence-k",0,9,0.8,0.9,7,0.636363636363636,0.834857142857143,0.857142857142857,0.0222857142857142
"MuraroPancreas","Pancreas","Human","DeepSeekCell-SelfRefined",1,"evidence-k",0,10,0.9,1,0,0,NA,NA,NA
"MuraroPancreas","Pancreas","Human","DeepSeekCell-RandomK",1,"random-k",0,1,0,0.1,0,0,NA,NA,NA
"MuraroPancreas","Pancreas","Human","DeepSeekCell-RandomK",1,"random-k",0,2,0.1,0.2,0,0,NA,NA,NA
"MuraroPancreas","Pancreas","Human","DeepSeekCell-RandomK",1,"random-k",0,3,0.2,0.3,0,0,NA,NA,NA
"MuraroPancreas","Pancreas","Human","DeepSeekCell-RandomK",1,"random-k",0,4,0.3,0.4,0,0,NA,NA,NA
"MuraroPancreas","Pancreas","Human","DeepSeekCell-RandomK",1,"random-k",0,5,0.4,0.5,1,0.0909090909090909,0.49,0,0.49
"MuraroPancreas","Pancreas","Human","DeepSeekCell-RandomK",1,"random-k",0,6,0.5,0.6,0,0,NA,NA,NA
"MuraroPancreas","Pancreas","Human","DeepSeekCell-RandomK",1,"random-k",0,7,0.6,0.7,1,0.0909090909090909,0.69,1,0.31
"MuraroPancreas","Pancreas","Human","DeepSeekCell-RandomK",1,"random-k",0,8,0.7,0.8,2,0.181818181818182,0.7535,1,0.2465
"MuraroPancreas","Pancreas","Human","DeepSeekCell-RandomK",1,"random-k",0,9,0.8,0.9,7,0.636363636363636,0.834857142857143,0.857142857142857,0.0222857142857142
"MuraroPancreas","Pancreas","Human","DeepSeekCell-RandomK",1,"random-k",0,10,0.9,1,0,0,NA,NA,NA
"MuraroPancreas","Pancreas","Human","DeepSeekCell-ConfidenceK",1,"confidence-k",0,1,0,0.1,0,0,NA,NA,NA
"MuraroPancreas","Pancreas","Human","DeepSeekCell-ConfidenceK",1,"confidence-k",0,2,0.1,0.2,0,0,NA,NA,NA
"MuraroPancreas","Pancreas","Human","DeepSeekCell-ConfidenceK",1,"confidence-k",0,3,0.2,0.3,0,0,NA,NA,NA
"MuraroPancreas","Pancreas","Human","DeepSeekCell-ConfidenceK",1,"confidence-k",0,4,0.3,0.4,0,0,NA,NA,NA
"MuraroPancreas","Pancreas","Human","DeepSeekCell-ConfidenceK",1,"confidence-k",0,5,0.4,0.5,1,0.0909090909090909,0.49,0,0.49
"MuraroPancreas","Pancreas","Human","DeepSeekCell-ConfidenceK",1,"confidence-k",0,6,0.5,0.6,0,0,NA,NA,NA
"MuraroPancreas","Pancreas","Human","DeepSeekCell-ConfidenceK",1,"confidence-k",0,7,0.6,0.7,1,0.0909090909090909,0.69,1,0.31
"MuraroPancreas","Pancreas","Human","DeepSeekCell-ConfidenceK",1,"confidence-k",0,8,0.7,0.8,2,0.181818181818182,0.7535,1,0.2465
"MuraroPancreas","Pancreas","Human","DeepSeekCell-ConfidenceK",1,"confidence-k",0,9,0.8,0.9,7,0.636363636363636,0.834857142857143,0.857142857142857,0.0222857142857142
"MuraroPancreas","Pancreas","Human","DeepSeekCell-ConfidenceK",1,"confidence-k",0,10,0.9,1,0,0,NA,NA,NA
"MuraroPancreas","Pancreas","Human","DeepSeekCell-FullRefined",1,"full",11,1,0,0.1,0,0,NA,NA,NA
"MuraroPancreas","Pancreas","Human","DeepSeekCell-FullRefined",1,"full",11,2,0.1,0.2,0,0,NA,NA,NA
"MuraroPancreas","Pancreas","Human","DeepSeekCell-FullRefined",1,"full",11,3,0.2,0.3,0,0,NA,NA,NA
"MuraroPancreas","Pancreas","Human","DeepSeekCell-FullRefined",1,"full",11,4,0.3,0.4,0,0,NA,NA,NA
"MuraroPancreas","Pancreas","Human","DeepSeekCell-FullRefined",1,"full",11,5,0.4,0.5,0,0,NA,NA,NA
"MuraroPancreas","Pancreas","Human","DeepSeekCell-FullRefined",1,"full",11,6,0.5,0.6,1,0.0909090909090909,0.545,0,0.545
"MuraroPancreas","Pancreas","Human","DeepSeekCell-FullRefined",1,"full",11,7,0.6,0.7,1,0.0909090909090909,0.69,1,0.31
"MuraroPancreas","Pancreas","Human","DeepSeekCell-FullRefined",1,"full",11,8,0.7,0.8,2,0.181818181818182,0.7535,1,0.2465
"MuraroPancreas","Pancreas","Human","DeepSeekCell-FullRefined",1,"full",11,9,0.8,0.9,7,0.636363636363636,0.834857142857143,0.857142857142857,0.0222857142857142
"MuraroPancreas","Pancreas","Human","DeepSeekCell-FullRefined",1,"full",11,10,0.9,1,0,0,NA,NA,NA
"TasicBrain","Brain","Mouse","DeepSeek-Plain",1,"none",0,1,0,0.1,0,0,NA,NA,NA
"TasicBrain","Brain","Mouse","DeepSeek-Plain",1,"none",0,2,0.1,0.2,0,0,NA,NA,NA
"TasicBrain","Brain","Mouse","DeepSeek-Plain",1,"none",0,3,0.2,0.3,0,0,NA,NA,NA
"TasicBrain","Brain","Mouse","DeepSeek-Plain",1,"none",0,4,0.3,0.4,0,0,NA,NA,NA
"TasicBrain","Brain","Mouse","DeepSeek-Plain",1,"none",0,5,0.4,0.5,0,0,NA,NA,NA
"TasicBrain","Brain","Mouse","DeepSeek-Plain",1,"none",0,6,0.5,0.6,0,0,NA,NA,NA
"TasicBrain","Brain","Mouse","DeepSeek-Plain",1,"none",0,7,0.6,0.7,1,0.0666666666666667,0.7,1,0.3
"TasicBrain","Brain","Mouse","DeepSeek-Plain",1,"none",0,8,0.7,0.8,0,0,NA,NA,NA
"TasicBrain","Brain","Mouse","DeepSeek-Plain",1,"none",0,9,0.8,0.9,4,0.266666666666667,0.8625,1,0.1375
"TasicBrain","Brain","Mouse","DeepSeek-Plain",1,"none",0,10,0.9,1,10,0.666666666666667,0.95,1,0.05
"TasicBrain","Brain","Mouse","DeepSeekCell-Evidence",1,"none",0,1,0,0.1,0,0,NA,NA,NA
"TasicBrain","Brain","Mouse","DeepSeekCell-Evidence",1,"none",0,2,0.1,0.2,0,0,NA,NA,NA
"TasicBrain","Brain","Mouse","DeepSeekCell-Evidence",1,"none",0,3,0.2,0.3,0,0,NA,NA,NA
"TasicBrain","Brain","Mouse","DeepSeekCell-Evidence",1,"none",0,4,0.3,0.4,0,0,NA,NA,NA
"TasicBrain","Brain","Mouse","DeepSeekCell-Evidence",1,"none",0,5,0.4,0.5,0,0,NA,NA,NA
"TasicBrain","Brain","Mouse","DeepSeekCell-Evidence",1,"none",0,6,0.5,0.6,0,0,NA,NA,NA
"TasicBrain","Brain","Mouse","DeepSeekCell-Evidence",1,"none",0,7,0.6,0.7,1,0.0666666666666667,0.7,1,0.3
"TasicBrain","Brain","Mouse","DeepSeekCell-Evidence",1,"none",0,8,0.7,0.8,0,0,NA,NA,NA
"TasicBrain","Brain","Mouse","DeepSeekCell-Evidence",1,"none",0,9,0.8,0.9,4,0.266666666666667,0.8625,1,0.1375
"TasicBrain","Brain","Mouse","DeepSeekCell-Evidence",1,"none",0,10,0.9,1,10,0.666666666666667,0.95,1,0.05
"TasicBrain","Brain","Mouse","DeepSeekCell-Calibrated",1,"none",0,1,0,0.1,0,0,NA,NA,NA
"TasicBrain","Brain","Mouse","DeepSeekCell-Calibrated",1,"none",0,2,0.1,0.2,0,0,NA,NA,NA
"TasicBrain","Brain","Mouse","DeepSeekCell-Calibrated",1,"none",0,3,0.2,0.3,0,0,NA,NA,NA
"TasicBrain","Brain","Mouse","DeepSeekCell-Calibrated",1,"none",0,4,0.3,0.4,0,0,NA,NA,NA
"TasicBrain","Brain","Mouse","DeepSeekCell-Calibrated",1,"none",0,5,0.4,0.5,0,0,NA,NA,NA
"TasicBrain","Brain","Mouse","DeepSeekCell-Calibrated",1,"none",0,6,0.5,0.6,0,0,NA,NA,NA
"TasicBrain","Brain","Mouse","DeepSeekCell-Calibrated",1,"none",0,7,0.6,0.7,0,0,NA,NA,NA
"TasicBrain","Brain","Mouse","DeepSeekCell-Calibrated",1,"none",0,8,0.7,0.8,5,0.333333333333333,0.7804,1,0.2196
"TasicBrain","Brain","Mouse","DeepSeekCell-Calibrated",1,"none",0,9,0.8,0.9,8,0.533333333333333,0.836375,1,0.163625
"TasicBrain","Brain","Mouse","DeepSeekCell-Calibrated",1,"none",0,10,0.9,1,2,0.133333333333333,0.941,1,0.0590000000000001
"TasicBrain","Brain","Mouse","DeepSeekCell-SelfRefined",1,"evidence-k",0,1,0,0.1,0,0,NA,NA,NA
"TasicBrain","Brain","Mouse","DeepSeekCell-SelfRefined",1,"evidence-k",0,2,0.1,0.2,0,0,NA,NA,NA
"TasicBrain","Brain","Mouse","DeepSeekCell-SelfRefined",1,"evidence-k",0,3,0.2,0.3,0,0,NA,NA,NA
"TasicBrain","Brain","Mouse","DeepSeekCell-SelfRefined",1,"evidence-k",0,4,0.3,0.4,0,0,NA,NA,NA
"TasicBrain","Brain","Mouse","DeepSeekCell-SelfRefined",1,"evidence-k",0,5,0.4,0.5,0,0,NA,NA,NA
"TasicBrain","Brain","Mouse","DeepSeekCell-SelfRefined",1,"evidence-k",0,6,0.5,0.6,0,0,NA,NA,NA
"TasicBrain","Brain","Mouse","DeepSeekCell-SelfRefined",1,"evidence-k",0,7,0.6,0.7,0,0,NA,NA,NA
"TasicBrain","Brain","Mouse","DeepSeekCell-SelfRefined",1,"evidence-k",0,8,0.7,0.8,5,0.333333333333333,0.7804,1,0.2196
"TasicBrain","Brain","Mouse","DeepSeekCell-SelfRefined",1,"evidence-k",0,9,0.8,0.9,8,0.533333333333333,0.836375,1,0.163625
"TasicBrain","Brain","Mouse","DeepSeekCell-SelfRefined",1,"evidence-k",0,10,0.9,1,2,0.133333333333333,0.941,1,0.0590000000000001
"TasicBrain","Brain","Mouse","DeepSeekCell-RandomK",1,"random-k",0,1,0,0.1,0,0,NA,NA,NA
"TasicBrain","Brain","Mouse","DeepSeekCell-RandomK",1,"random-k",0,2,0.1,0.2,0,0,NA,NA,NA
"TasicBrain","Brain","Mouse","DeepSeekCell-RandomK",1,"random-k",0,3,0.2,0.3,0,0,NA,NA,NA
"TasicBrain","Brain","Mouse","DeepSeekCell-RandomK",1,"random-k",0,4,0.3,0.4,0,0,NA,NA,NA
"TasicBrain","Brain","Mouse","DeepSeekCell-RandomK",1,"random-k",0,5,0.4,0.5,0,0,NA,NA,NA
"TasicBrain","Brain","Mouse","DeepSeekCell-RandomK",1,"random-k",0,6,0.5,0.6,0,0,NA,NA,NA
"TasicBrain","Brain","Mouse","DeepSeekCell-RandomK",1,"random-k",0,7,0.6,0.7,0,0,NA,NA,NA
"TasicBrain","Brain","Mouse","DeepSeekCell-RandomK",1,"random-k",0,8,0.7,0.8,5,0.333333333333333,0.7804,1,0.2196
"TasicBrain","Brain","Mouse","DeepSeekCell-RandomK",1,"random-k",0,9,0.8,0.9,8,0.533333333333333,0.836375,1,0.163625
"TasicBrain","Brain","Mouse","DeepSeekCell-RandomK",1,"random-k",0,10,0.9,1,2,0.133333333333333,0.941,1,0.0590000000000001
"TasicBrain","Brain","Mouse","DeepSeekCell-ConfidenceK",1,"confidence-k",0,1,0,0.1,0,0,NA,NA,NA
"TasicBrain","Brain","Mouse","DeepSeekCell-ConfidenceK",1,"confidence-k",0,2,0.1,0.2,0,0,NA,NA,NA
"TasicBrain","Brain","Mouse","DeepSeekCell-ConfidenceK",1,"confidence-k",0,3,0.2,0.3,0,0,NA,NA,NA
"TasicBrain","Brain","Mouse","DeepSeekCell-ConfidenceK",1,"confidence-k",0,4,0.3,0.4,0,0,NA,NA,NA
"TasicBrain","Brain","Mouse","DeepSeekCell-ConfidenceK",1,"confidence-k",0,5,0.4,0.5,0,0,NA,NA,NA
"TasicBrain","Brain","Mouse","DeepSeekCell-ConfidenceK",1,"confidence-k",0,6,0.5,0.6,0,0,NA,NA,NA
"TasicBrain","Brain","Mouse","DeepSeekCell-ConfidenceK",1,"confidence-k",0,7,0.6,0.7,0,0,NA,NA,NA
"TasicBrain","Brain","Mouse","DeepSeekCell-ConfidenceK",1,"confidence-k",0,8,0.7,0.8,5,0.333333333333333,0.7804,1,0.2196
"TasicBrain","Brain","Mouse","DeepSeekCell-ConfidenceK",1,"confidence-k",0,9,0.8,0.9,8,0.533333333333333,0.836375,1,0.163625
"TasicBrain","Brain","Mouse","DeepSeekCell-ConfidenceK",1,"confidence-k",0,10,0.9,1,2,0.133333333333333,0.941,1,0.0590000000000001
"TasicBrain","Brain","Mouse","DeepSeekCell-FullRefined",1,"full",15,1,0,0.1,0,0,NA,NA,NA
"TasicBrain","Brain","Mouse","DeepSeekCell-FullRefined",1,"full",15,2,0.1,0.2,0,0,NA,NA,NA
"TasicBrain","Brain","Mouse","DeepSeekCell-FullRefined",1,"full",15,3,0.2,0.3,0,0,NA,NA,NA
"TasicBrain","Brain","Mouse","DeepSeekCell-FullRefined",1,"full",15,4,0.3,0.4,0,0,NA,NA,NA
"TasicBrain","Brain","Mouse","DeepSeekCell-FullRefined",1,"full",15,5,0.4,0.5,0,0,NA,NA,NA
"TasicBrain","Brain","Mouse","DeepSeekCell-FullRefined",1,"full",15,6,0.5,0.6,0,0,NA,NA,NA
"TasicBrain","Brain","Mouse","DeepSeekCell-FullRefined",1,"full",15,7,0.6,0.7,0,0,NA,NA,NA
"TasicBrain","Brain","Mouse","DeepSeekCell-FullRefined",1,"full",15,8,0.7,0.8,5,0.333333333333333,0.7804,1,0.2196
"TasicBrain","Brain","Mouse","DeepSeekCell-FullRefined",1,"full",15,9,0.8,0.9,8,0.533333333333333,0.836375,1,0.163625
"TasicBrain","Brain","Mouse","DeepSeekCell-FullRefined",1,"full",15,10,0.9,1,2,0.133333333333333,0.941,1,0.0590000000000001
"ZeiselBrain","Brain","Mouse","DeepSeek-Plain",1,"none",0,1,0,0.1,0,0,NA,NA,NA
"ZeiselBrain","Brain","Mouse","DeepSeek-Plain",1,"none",0,2,0.1,0.2,0,0,NA,NA,NA
"ZeiselBrain","Brain","Mouse","DeepSeek-Plain",1,"none",0,3,0.2,0.3,0,0,NA,NA,NA
"ZeiselBrain","Brain","Mouse","DeepSeek-Plain",1,"none",0,4,0.3,0.4,0,0,NA,NA,NA
"ZeiselBrain","Brain","Mouse","DeepSeek-Plain",1,"none",0,5,0.4,0.5,0,0,NA,NA,NA
"ZeiselBrain","Brain","Mouse","DeepSeek-Plain",1,"none",0,6,0.5,0.6,0,0,NA,NA,NA
"ZeiselBrain","Brain","Mouse","DeepSeek-Plain",1,"none",0,7,0.6,0.7,1,0.0625,0.7,0,0.7
"ZeiselBrain","Brain","Mouse","DeepSeek-Plain",1,"none",0,8,0.7,0.8,0,0,NA,NA,NA
"ZeiselBrain","Brain","Mouse","DeepSeek-Plain",1,"none",0,9,0.8,0.9,5,0.3125,0.89,0.6,0.29
"ZeiselBrain","Brain","Mouse","DeepSeek-Plain",1,"none",0,10,0.9,1,10,0.625,0.965,0.8,0.165
"ZeiselBrain","Brain","Mouse","DeepSeekCell-Evidence",1,"none",0,1,0,0.1,0,0,NA,NA,NA
"ZeiselBrain","Brain","Mouse","DeepSeekCell-Evidence",1,"none",0,2,0.1,0.2,0,0,NA,NA,NA
"ZeiselBrain","Brain","Mouse","DeepSeekCell-Evidence",1,"none",0,3,0.2,0.3,0,0,NA,NA,NA
"ZeiselBrain","Brain","Mouse","DeepSeekCell-Evidence",1,"none",0,4,0.3,0.4,0,0,NA,NA,NA
"ZeiselBrain","Brain","Mouse","DeepSeekCell-Evidence",1,"none",0,5,0.4,0.5,0,0,NA,NA,NA
"ZeiselBrain","Brain","Mouse","DeepSeekCell-Evidence",1,"none",0,6,0.5,0.6,0,0,NA,NA,NA
"ZeiselBrain","Brain","Mouse","DeepSeekCell-Evidence",1,"none",0,7,0.6,0.7,1,0.0625,0.7,0,0.7
"ZeiselBrain","Brain","Mouse","DeepSeekCell-Evidence",1,"none",0,8,0.7,0.8,0,0,NA,NA,NA
"ZeiselBrain","Brain","Mouse","DeepSeekCell-Evidence",1,"none",0,9,0.8,0.9,5,0.3125,0.89,0.6,0.29
"ZeiselBrain","Brain","Mouse","DeepSeekCell-Evidence",1,"none",0,10,0.9,1,10,0.625,0.965,0.8,0.165
"ZeiselBrain","Brain","Mouse","DeepSeekCell-Calibrated",1,"none",0,1,0,0.1,0,0,NA,NA,NA
"ZeiselBrain","Brain","Mouse","DeepSeekCell-Calibrated",1,"none",0,2,0.1,0.2,0,0,NA,NA,NA
"ZeiselBrain","Brain","Mouse","DeepSeekCell-Calibrated",1,"none",0,3,0.2,0.3,0,0,NA,NA,NA
"ZeiselBrain","Brain","Mouse","DeepSeekCell-Calibrated",1,"none",0,4,0.3,0.4,0,0,NA,NA,NA
"ZeiselBrain","Brain","Mouse","DeepSeekCell-Calibrated",1,"none",0,5,0.4,0.5,0,0,NA,NA,NA
"ZeiselBrain","Brain","Mouse","DeepSeekCell-Calibrated",1,"none",0,6,0.5,0.6,1,0.0625,0.522,0,0.522
"ZeiselBrain","Brain","Mouse","DeepSeekCell-Calibrated",1,"none",0,7,0.6,0.7,0,0,NA,NA,NA
"ZeiselBrain","Brain","Mouse","DeepSeekCell-Calibrated",1,"none",0,8,0.7,0.8,4,0.25,0.77,0.75,0.02
"ZeiselBrain","Brain","Mouse","DeepSeekCell-Calibrated",1,"none",0,9,0.8,0.9,7,0.4375,0.848428571428571,0.571428571428571,0.277
"ZeiselBrain","Brain","Mouse","DeepSeekCell-Calibrated",1,"none",0,10,0.9,1,4,0.25,0.94075,1,0.05925
"ZeiselBrain","Brain","Mouse","DeepSeekCell-SelfRefined",1,"evidence-k",1,1,0,0.1,0,0,NA,NA,NA
"ZeiselBrain","Brain","Mouse","DeepSeekCell-SelfRefined",1,"evidence-k",1,2,0.1,0.2,0,0,NA,NA,NA
"ZeiselBrain","Brain","Mouse","DeepSeekCell-SelfRefined",1,"evidence-k",1,3,0.2,0.3,0,0,NA,NA,NA
"ZeiselBrain","Brain","Mouse","DeepSeekCell-SelfRefined",1,"evidence-k",1,4,0.3,0.4,0,0,NA,NA,NA
"ZeiselBrain","Brain","Mouse","DeepSeekCell-SelfRefined",1,"evidence-k",1,5,0.4,0.5,0,0,NA,NA,NA
"ZeiselBrain","Brain","Mouse","DeepSeekCell-SelfRefined",1,"evidence-k",1,6,0.5,0.6,1,0.0625,0.522,0,0.522
"ZeiselBrain","Brain","Mouse","DeepSeekCell-SelfRefined",1,"evidence-k",1,7,0.6,0.7,0,0,NA,NA,NA
"ZeiselBrain","Brain","Mouse","DeepSeekCell-SelfRefined",1,"evidence-k",1,8,0.7,0.8,3,0.1875,0.787,1,0.213
"ZeiselBrain","Brain","Mouse","DeepSeekCell-SelfRefined",1,"evidence-k",1,9,0.8,0.9,8,0.5,0.850375,0.625,0.225375
"ZeiselBrain","Brain","Mouse","DeepSeekCell-SelfRefined",1,"evidence-k",1,10,0.9,1,4,0.25,0.94075,1,0.05925
"ZeiselBrain","Brain","Mouse","DeepSeekCell-RandomK",1,"random-k",1,1,0,0.1,0,0,NA,NA,NA
"ZeiselBrain","Brain","Mouse","DeepSeekCell-RandomK",1,"random-k",1,2,0.1,0.2,0,0,NA,NA,NA
"ZeiselBrain","Brain","Mouse","DeepSeekCell-RandomK",1,"random-k",1,3,0.2,0.3,0,0,NA,NA,NA
"ZeiselBrain","Brain","Mouse","DeepSeekCell-RandomK",1,"random-k",1,4,0.3,0.4,0,0,NA,NA,NA
"ZeiselBrain","Brain","Mouse","DeepSeekCell-RandomK",1,"random-k",1,5,0.4,0.5,0,0,NA,NA,NA
"ZeiselBrain","Brain","Mouse","DeepSeekCell-RandomK",1,"random-k",1,6,0.5,0.6,1,0.0625,0.522,0,0.522
"ZeiselBrain","Brain","Mouse","DeepSeekCell-RandomK",1,"random-k",1,7,0.6,0.7,0,0,NA,NA,NA
"ZeiselBrain","Brain","Mouse","DeepSeekCell-RandomK",1,"random-k",1,8,0.7,0.8,4,0.25,0.77,0.75,0.02
"ZeiselBrain","Brain","Mouse","DeepSeekCell-RandomK",1,"random-k",1,9,0.8,0.9,7,0.4375,0.848428571428571,0.571428571428571,0.277
"ZeiselBrain","Brain","Mouse","DeepSeekCell-RandomK",1,"random-k",1,10,0.9,1,4,0.25,0.94075,1,0.05925
"ZeiselBrain","Brain","Mouse","DeepSeekCell-ConfidenceK",1,"confidence-k",1,1,0,0.1,0,0,NA,NA,NA
"ZeiselBrain","Brain","Mouse","DeepSeekCell-ConfidenceK",1,"confidence-k",1,2,0.1,0.2,0,0,NA,NA,NA
"ZeiselBrain","Brain","Mouse","DeepSeekCell-ConfidenceK",1,"confidence-k",1,3,0.2,0.3,0,0,NA,NA,NA
"ZeiselBrain","Brain","Mouse","DeepSeekCell-ConfidenceK",1,"confidence-k",1,4,0.3,0.4,0,0,NA,NA,NA
"ZeiselBrain","Brain","Mouse","DeepSeekCell-ConfidenceK",1,"confidence-k",1,5,0.4,0.5,0,0,NA,NA,NA
"ZeiselBrain","Brain","Mouse","DeepSeekCell-ConfidenceK",1,"confidence-k",1,6,0.5,0.6,0,0,NA,NA,NA
"ZeiselBrain","Brain","Mouse","DeepSeekCell-ConfidenceK",1,"confidence-k",1,7,0.6,0.7,0,0,NA,NA,NA
"ZeiselBrain","Brain","Mouse","DeepSeekCell-ConfidenceK",1,"confidence-k",1,8,0.7,0.8,5,0.3125,0.7606,0.6,0.1606
"ZeiselBrain","Brain","Mouse","DeepSeekCell-ConfidenceK",1,"confidence-k",1,9,0.8,0.9,7,0.4375,0.848428571428571,0.571428571428571,0.277
"ZeiselBrain","Brain","Mouse","DeepSeekCell-ConfidenceK",1,"confidence-k",1,10,0.9,1,4,0.25,0.94075,1,0.05925
"ZeiselBrain","Brain","Mouse","DeepSeekCell-FullRefined",1,"full",16,1,0,0.1,0,0,NA,NA,NA
"ZeiselBrain","Brain","Mouse","DeepSeekCell-FullRefined",1,"full",16,2,0.1,0.2,0,0,NA,NA,NA
"ZeiselBrain","Brain","Mouse","DeepSeekCell-FullRefined",1,"full",16,3,0.2,0.3,0,0,NA,NA,NA
"ZeiselBrain","Brain","Mouse","DeepSeekCell-FullRefined",1,"full",16,4,0.3,0.4,0,0,NA,NA,NA
"ZeiselBrain","Brain","Mouse","DeepSeekCell-FullRefined",1,"full",16,5,0.4,0.5,0,0,NA,NA,NA
"ZeiselBrain","Brain","Mouse","DeepSeekCell-FullRefined",1,"full",16,6,0.5,0.6,0,0,NA,NA,NA
"ZeiselBrain","Brain","Mouse","DeepSeekCell-FullRefined",1,"full",16,7,0.6,0.7,1,0.0625,0.605,0,0.605
"ZeiselBrain","Brain","Mouse","DeepSeekCell-FullRefined",1,"full",16,8,0.7,0.8,4,0.25,0.77,0.75,0.02
"ZeiselBrain","Brain","Mouse","DeepSeekCell-FullRefined",1,"full",16,9,0.8,0.9,7,0.4375,0.848428571428571,0.571428571428571,0.277
"ZeiselBrain","Brain","Mouse","DeepSeekCell-FullRefined",1,"full",16,10,0.9,1,4,0.25,0.94075,1,0.05925
"ZilionisLung","Lung","Human","DeepSeek-Plain",1,"none",0,1,0,0.1,0,0,NA,NA,NA
"ZilionisLung","Lung","Human","DeepSeek-Plain",1,"none",0,2,0.1,0.2,0,0,NA,NA,NA
"ZilionisLung","Lung","Human","DeepSeek-Plain",1,"none",0,3,0.2,0.3,0,0,NA,NA,NA
"ZilionisLung","Lung","Human","DeepSeek-Plain",1,"none",0,4,0.3,0.4,0,0,NA,NA,NA
"ZilionisLung","Lung","Human","DeepSeek-Plain",1,"none",0,5,0.4,0.5,17,1,0.5,0,0.5
"ZilionisLung","Lung","Human","DeepSeek-Plain",1,"none",0,6,0.5,0.6,0,0,NA,NA,NA
"ZilionisLung","Lung","Human","DeepSeek-Plain",1,"none",0,7,0.6,0.7,0,0,NA,NA,NA
"ZilionisLung","Lung","Human","DeepSeek-Plain",1,"none",0,8,0.7,0.8,0,0,NA,NA,NA
"ZilionisLung","Lung","Human","DeepSeek-Plain",1,"none",0,9,0.8,0.9,0,0,NA,NA,NA
"ZilionisLung","Lung","Human","DeepSeek-Plain",1,"none",0,10,0.9,1,0,0,NA,NA,NA
"ZilionisLung","Lung","Human","DeepSeekCell-Evidence",1,"none",0,1,0,0.1,0,0,NA,NA,NA
"ZilionisLung","Lung","Human","DeepSeekCell-Evidence",1,"none",0,2,0.1,0.2,0,0,NA,NA,NA
"ZilionisLung","Lung","Human","DeepSeekCell-Evidence",1,"none",0,3,0.2,0.3,0,0,NA,NA,NA
"ZilionisLung","Lung","Human","DeepSeekCell-Evidence",1,"none",0,4,0.3,0.4,0,0,NA,NA,NA
"ZilionisLung","Lung","Human","DeepSeekCell-Evidence",1,"none",0,5,0.4,0.5,17,1,0.5,0,0.5
"ZilionisLung","Lung","Human","DeepSeekCell-Evidence",1,"none",0,6,0.5,0.6,0,0,NA,NA,NA
"ZilionisLung","Lung","Human","DeepSeekCell-Evidence",1,"none",0,7,0.6,0.7,0,0,NA,NA,NA
"ZilionisLung","Lung","Human","DeepSeekCell-Evidence",1,"none",0,8,0.7,0.8,0,0,NA,NA,NA
"ZilionisLung","Lung","Human","DeepSeekCell-Evidence",1,"none",0,9,0.8,0.9,0,0,NA,NA,NA
"ZilionisLung","Lung","Human","DeepSeekCell-Evidence",1,"none",0,10,0.9,1,0,0,NA,NA,NA
"ZilionisLung","Lung","Human","DeepSeekCell-Calibrated",1,"none",0,1,0,0.1,0,0,NA,NA,NA
"ZilionisLung","Lung","Human","DeepSeekCell-Calibrated",1,"none",0,2,0.1,0.2,0,0,NA,NA,NA
"ZilionisLung","Lung","Human","DeepSeekCell-Calibrated",1,"none",0,3,0.2,0.3,0,0,NA,NA,NA
"ZilionisLung","Lung","Human","DeepSeekCell-Calibrated",1,"none",0,4,0.3,0.4,6,0.352941176470588,0.372,0,0.372
"ZilionisLung","Lung","Human","DeepSeekCell-Calibrated",1,"none",0,5,0.4,0.5,6,0.352941176470588,0.41,0,0.41
"ZilionisLung","Lung","Human","DeepSeekCell-Calibrated",1,"none",0,6,0.5,0.6,5,0.294117647058824,0.535,0,0.535
"ZilionisLung","Lung","Human","DeepSeekCell-Calibrated",1,"none",0,7,0.6,0.7,0,0,NA,NA,NA
"ZilionisLung","Lung","Human","DeepSeekCell-Calibrated",1,"none",0,8,0.7,0.8,0,0,NA,NA,NA
"ZilionisLung","Lung","Human","DeepSeekCell-Calibrated",1,"none",0,9,0.8,0.9,0,0,NA,NA,NA
"ZilionisLung","Lung","Human","DeepSeekCell-Calibrated",1,"none",0,10,0.9,1,0,0,NA,NA,NA
"ZilionisLung","Lung","Human","DeepSeekCell-SelfRefined",1,"evidence-k",6,1,0,0.1,0,0,NA,NA,NA
"ZilionisLung","Lung","Human","DeepSeekCell-SelfRefined",1,"evidence-k",6,2,0.1,0.2,0,0,NA,NA,NA
"ZilionisLung","Lung","Human","DeepSeekCell-SelfRefined",1,"evidence-k",6,3,0.2,0.3,0,0,NA,NA,NA
"ZilionisLung","Lung","Human","DeepSeekCell-SelfRefined",1,"evidence-k",6,4,0.3,0.4,0,0,NA,NA,NA
"ZilionisLung","Lung","Human","DeepSeekCell-SelfRefined",1,"evidence-k",6,5,0.4,0.5,6,0.352941176470588,0.41,0,0.41
"ZilionisLung","Lung","Human","DeepSeekCell-SelfRefined",1,"evidence-k",6,6,0.5,0.6,5,0.294117647058824,0.535,0,0.535
"ZilionisLung","Lung","Human","DeepSeekCell-SelfRefined",1,"evidence-k",6,7,0.6,0.7,0,0,NA,NA,NA
"ZilionisLung","Lung","Human","DeepSeekCell-SelfRefined",1,"evidence-k",6,8,0.7,0.8,0,0,NA,NA,NA
"ZilionisLung","Lung","Human","DeepSeekCell-SelfRefined",1,"evidence-k",6,9,0.8,0.9,3,0.176470588235294,0.856333333333333,0.666666666666667,0.189666666666667
"ZilionisLung","Lung","Human","DeepSeekCell-SelfRefined",1,"evidence-k",6,10,0.9,1,3,0.176470588235294,0.911666666666667,1,0.0883333333333333
"ZilionisLung","Lung","Human","DeepSeekCell-RandomK",1,"random-k",6,1,0,0.1,0,0,NA,NA,NA
"ZilionisLung","Lung","Human","DeepSeekCell-RandomK",1,"random-k",6,2,0.1,0.2,0,0,NA,NA,NA
"ZilionisLung","Lung","Human","DeepSeekCell-RandomK",1,"random-k",6,3,0.2,0.3,0,0,NA,NA,NA
"ZilionisLung","Lung","Human","DeepSeekCell-RandomK",1,"random-k",6,4,0.3,0.4,3,0.176470588235294,0.372,0,0.372
"ZilionisLung","Lung","Human","DeepSeekCell-RandomK",1,"random-k",6,5,0.4,0.5,5,0.294117647058824,0.41,0,0.41
"ZilionisLung","Lung","Human","DeepSeekCell-RandomK",1,"random-k",6,6,0.5,0.6,3,0.176470588235294,0.535,0,0.535
"ZilionisLung","Lung","Human","DeepSeekCell-RandomK",1,"random-k",6,7,0.6,0.7,2,0.117647058823529,0.7,0,0.7
"ZilionisLung","Lung","Human","DeepSeekCell-RandomK",1,"random-k",6,8,0.7,0.8,1,0.0588235294117647,0.781,1,0.219
"ZilionisLung","Lung","Human","DeepSeekCell-RandomK",1,"random-k",6,9,0.8,0.9,1,0.0588235294117647,0.823,0,0.823
"ZilionisLung","Lung","Human","DeepSeekCell-RandomK",1,"random-k",6,10,0.9,1,2,0.117647058823529,0.9145,1,0.0854999999999999
"ZilionisLung","Lung","Human","DeepSeekCell-ConfidenceK",1,"confidence-k",6,1,0,0.1,0,0,NA,NA,NA
"ZilionisLung","Lung","Human","DeepSeekCell-ConfidenceK",1,"confidence-k",6,2,0.1,0.2,0,0,NA,NA,NA
"ZilionisLung","Lung","Human","DeepSeekCell-ConfidenceK",1,"confidence-k",6,3,0.2,0.3,0,0,NA,NA,NA
"ZilionisLung","Lung","Human","DeepSeekCell-ConfidenceK",1,"confidence-k",6,4,0.3,0.4,5,0.294117647058824,0.372,0,0.372
"ZilionisLung","Lung","Human","DeepSeekCell-ConfidenceK",1,"confidence-k",6,5,0.4,0.5,4,0.235294117647059,0.41,0,0.41
"ZilionisLung","Lung","Human","DeepSeekCell-ConfidenceK",1,"confidence-k",6,6,0.5,0.6,2,0.117647058823529,0.535,0,0.535
"ZilionisLung","Lung","Human","DeepSeekCell-ConfidenceK",1,"confidence-k",6,7,0.6,0.7,0,0,NA,NA,NA
"ZilionisLung","Lung","Human","DeepSeekCell-ConfidenceK",1,"confidence-k",6,8,0.7,0.8,1,0.0588235294117647,0.798,0,0.798
"ZilionisLung","Lung","Human","DeepSeekCell-ConfidenceK",1,"confidence-k",6,9,0.8,0.9,4,0.235294117647059,0.81675,0.75,0.06675
"ZilionisLung","Lung","Human","DeepSeekCell-ConfidenceK",1,"confidence-k",6,10,0.9,1,1,0.0588235294117647,0.941,1,0.0590000000000001
"ZilionisLung","Lung","Human","DeepSeekCell-FullRefined",1,"full",17,1,0,0.1,0,0,NA,NA,NA
"ZilionisLung","Lung","Human","DeepSeekCell-FullRefined",1,"full",17,2,0.1,0.2,0,0,NA,NA,NA
"ZilionisLung","Lung","Human","DeepSeekCell-FullRefined",1,"full",17,3,0.2,0.3,0,0,NA,NA,NA
"ZilionisLung","Lung","Human","DeepSeekCell-FullRefined",1,"full",17,4,0.3,0.4,0,0,NA,NA,NA
"ZilionisLung","Lung","Human","DeepSeekCell-FullRefined",1,"full",17,5,0.4,0.5,0,0,NA,NA,NA
"ZilionisLung","Lung","Human","DeepSeekCell-FullRefined",1,"full",17,6,0.5,0.6,0,0,NA,NA,NA
"ZilionisLung","Lung","Human","DeepSeekCell-FullRefined",1,"full",17,7,0.6,0.7,1,0.0588235294117647,0.698,1,0.302
"ZilionisLung","Lung","Human","DeepSeekCell-FullRefined",1,"full",17,8,0.7,0.8,2,0.117647058823529,0.798,0.5,0.298
"ZilionisLung","Lung","Human","DeepSeekCell-FullRefined",1,"full",17,9,0.8,0.9,11,0.647058823529412,0.834090909090909,0.545454545454545,0.288636363636364
"ZilionisLung","Lung","Human","DeepSeekCell-FullRefined",1,"full",17,10,0.9,1,3,0.176470588235294,0.941,1,0.0590000000000001
"PBMC","PBMC","Human","DeepSeek-Plain",2,"none",0,1,0,0.1,0,0,NA,NA,NA
"PBMC","PBMC","Human","DeepSeek-Plain",2,"none",0,2,0.1,0.2,0,0,NA,NA,NA
"PBMC","PBMC","Human","DeepSeek-Plain",2,"none",0,3,0.2,0.3,0,0,NA,NA,NA
"PBMC","PBMC","Human","DeepSeek-Plain",2,"none",0,4,0.3,0.4,0,0,NA,NA,NA
"PBMC","PBMC","Human","DeepSeek-Plain",2,"none",0,5,0.4,0.5,0,0,NA,NA,NA
"PBMC","PBMC","Human","DeepSeek-Plain",2,"none",0,6,0.5,0.6,0,0,NA,NA,NA
"PBMC","PBMC","Human","DeepSeek-Plain",2,"none",0,7,0.6,0.7,0,0,NA,NA,NA
"PBMC","PBMC","Human","DeepSeek-Plain",2,"none",0,8,0.7,0.8,0,0,NA,NA,NA
"PBMC","PBMC","Human","DeepSeek-Plain",2,"none",0,9,0.8,0.9,0,0,NA,NA,NA
"PBMC","PBMC","Human","DeepSeek-Plain",2,"none",0,10,0.9,1,8,1,0.95,1,0.05
"PBMC","PBMC","Human","DeepSeekCell-Evidence",2,"none",0,1,0,0.1,0,0,NA,NA,NA
"PBMC","PBMC","Human","DeepSeekCell-Evidence",2,"none",0,2,0.1,0.2,0,0,NA,NA,NA
"PBMC","PBMC","Human","DeepSeekCell-Evidence",2,"none",0,3,0.2,0.3,0,0,NA,NA,NA
"PBMC","PBMC","Human","DeepSeekCell-Evidence",2,"none",0,4,0.3,0.4,0,0,NA,NA,NA
"PBMC","PBMC","Human","DeepSeekCell-Evidence",2,"none",0,5,0.4,0.5,0,0,NA,NA,NA
"PBMC","PBMC","Human","DeepSeekCell-Evidence",2,"none",0,6,0.5,0.6,0,0,NA,NA,NA
"PBMC","PBMC","Human","DeepSeekCell-Evidence",2,"none",0,7,0.6,0.7,0,0,NA,NA,NA
"PBMC","PBMC","Human","DeepSeekCell-Evidence",2,"none",0,8,0.7,0.8,0,0,NA,NA,NA
"PBMC","PBMC","Human","DeepSeekCell-Evidence",2,"none",0,9,0.8,0.9,0,0,NA,NA,NA
"PBMC","PBMC","Human","DeepSeekCell-Evidence",2,"none",0,10,0.9,1,8,1,0.95,1,0.05
"PBMC","PBMC","Human","DeepSeekCell-Calibrated",2,"none",0,1,0,0.1,0,0,NA,NA,NA
"PBMC","PBMC","Human","DeepSeekCell-Calibrated",2,"none",0,2,0.1,0.2,0,0,NA,NA,NA
"PBMC","PBMC","Human","DeepSeekCell-Calibrated",2,"none",0,3,0.2,0.3,0,0,NA,NA,NA
"PBMC","PBMC","Human","DeepSeekCell-Calibrated",2,"none",0,4,0.3,0.4,0,0,NA,NA,NA
"PBMC","PBMC","Human","DeepSeekCell-Calibrated",2,"none",0,5,0.4,0.5,0,0,NA,NA,NA
"PBMC","PBMC","Human","DeepSeekCell-Calibrated",2,"none",0,6,0.5,0.6,0,0,NA,NA,NA
"PBMC","PBMC","Human","DeepSeekCell-Calibrated",2,"none",0,7,0.6,0.7,0,0,NA,NA,NA
"PBMC","PBMC","Human","DeepSeekCell-Calibrated",2,"none",0,8,0.7,0.8,1,0.125,0.774,1,0.226
"PBMC","PBMC","Human","DeepSeekCell-Calibrated",2,"none",0,9,0.8,0.9,7,0.875,0.869571428571429,1,0.130428571428571
"PBMC","PBMC","Human","DeepSeekCell-Calibrated",2,"none",0,10,0.9,1,0,0,NA,NA,NA
"PBMC","PBMC","Human","DeepSeekCell-SelfRefined",2,"evidence-k",0,1,0,0.1,0,0,NA,NA,NA
"PBMC","PBMC","Human","DeepSeekCell-SelfRefined",2,"evidence-k",0,2,0.1,0.2,0,0,NA,NA,NA
"PBMC","PBMC","Human","DeepSeekCell-SelfRefined",2,"evidence-k",0,3,0.2,0.3,0,0,NA,NA,NA
"PBMC","PBMC","Human","DeepSeekCell-SelfRefined",2,"evidence-k",0,4,0.3,0.4,0,0,NA,NA,NA
"PBMC","PBMC","Human","DeepSeekCell-SelfRefined",2,"evidence-k",0,5,0.4,0.5,0,0,NA,NA,NA
"PBMC","PBMC","Human","DeepSeekCell-SelfRefined",2,"evidence-k",0,6,0.5,0.6,0,0,NA,NA,NA
"PBMC","PBMC","Human","DeepSeekCell-SelfRefined",2,"evidence-k",0,7,0.6,0.7,0,0,NA,NA,NA
"PBMC","PBMC","Human","DeepSeekCell-SelfRefined",2,"evidence-k",0,8,0.7,0.8,1,0.125,0.774,1,0.226
"PBMC","PBMC","Human","DeepSeekCell-SelfRefined",2,"evidence-k",0,9,0.8,0.9,7,0.875,0.869571428571429,1,0.130428571428571
"PBMC","PBMC","Human","DeepSeekCell-SelfRefined",2,"evidence-k",0,10,0.9,1,0,0,NA,NA,NA
"PBMC","PBMC","Human","DeepSeekCell-RandomK",2,"random-k",0,1,0,0.1,0,0,NA,NA,NA
"PBMC","PBMC","Human","DeepSeekCell-RandomK",2,"random-k",0,2,0.1,0.2,0,0,NA,NA,NA
"PBMC","PBMC","Human","DeepSeekCell-RandomK",2,"random-k",0,3,0.2,0.3,0,0,NA,NA,NA
"PBMC","PBMC","Human","DeepSeekCell-RandomK",2,"random-k",0,4,0.3,0.4,0,0,NA,NA,NA
"PBMC","PBMC","Human","DeepSeekCell-RandomK",2,"random-k",0,5,0.4,0.5,0,0,NA,NA,NA
"PBMC","PBMC","Human","DeepSeekCell-RandomK",2,"random-k",0,6,0.5,0.6,0,0,NA,NA,NA
"PBMC","PBMC","Human","DeepSeekCell-RandomK",2,"random-k",0,7,0.6,0.7,0,0,NA,NA,NA
"PBMC","PBMC","Human","DeepSeekCell-RandomK",2,"random-k",0,8,0.7,0.8,1,0.125,0.774,1,0.226
"PBMC","PBMC","Human","DeepSeekCell-RandomK",2,"random-k",0,9,0.8,0.9,7,0.875,0.869571428571429,1,0.130428571428571
"PBMC","PBMC","Human","DeepSeekCell-RandomK",2,"random-k",0,10,0.9,1,0,0,NA,NA,NA
"PBMC","PBMC","Human","DeepSeekCell-ConfidenceK",2,"confidence-k",0,1,0,0.1,0,0,NA,NA,NA
"PBMC","PBMC","Human","DeepSeekCell-ConfidenceK",2,"confidence-k",0,2,0.1,0.2,0,0,NA,NA,NA
"PBMC","PBMC","Human","DeepSeekCell-ConfidenceK",2,"confidence-k",0,3,0.2,0.3,0,0,NA,NA,NA
"PBMC","PBMC","Human","DeepSeekCell-ConfidenceK",2,"confidence-k",0,4,0.3,0.4,0,0,NA,NA,NA
"PBMC","PBMC","Human","DeepSeekCell-ConfidenceK",2,"confidence-k",0,5,0.4,0.5,0,0,NA,NA,NA
"PBMC","PBMC","Human","DeepSeekCell-ConfidenceK",2,"confidence-k",0,6,0.5,0.6,0,0,NA,NA,NA
"PBMC","PBMC","Human","DeepSeekCell-ConfidenceK",2,"confidence-k",0,7,0.6,0.7,0,0,NA,NA,NA
"PBMC","PBMC","Human","DeepSeekCell-ConfidenceK",2,"confidence-k",0,8,0.7,0.8,1,0.125,0.774,1,0.226
"PBMC","PBMC","Human","DeepSeekCell-ConfidenceK",2,"confidence-k",0,9,0.8,0.9,7,0.875,0.869571428571429,1,0.130428571428571
"PBMC","PBMC","Human","DeepSeekCell-ConfidenceK",2,"confidence-k",0,10,0.9,1,0,0,NA,NA,NA
"PBMC","PBMC","Human","DeepSeekCell-FullRefined",2,"full",8,1,0,0.1,0,0,NA,NA,NA
"PBMC","PBMC","Human","DeepSeekCell-FullRefined",2,"full",8,2,0.1,0.2,0,0,NA,NA,NA
"PBMC","PBMC","Human","DeepSeekCell-FullRefined",2,"full",8,3,0.2,0.3,0,0,NA,NA,NA
"PBMC","PBMC","Human","DeepSeekCell-FullRefined",2,"full",8,4,0.3,0.4,0,0,NA,NA,NA
"PBMC","PBMC","Human","DeepSeekCell-FullRefined",2,"full",8,5,0.4,0.5,0,0,NA,NA,NA
"PBMC","PBMC","Human","DeepSeekCell-FullRefined",2,"full",8,6,0.5,0.6,0,0,NA,NA,NA
"PBMC","PBMC","Human","DeepSeekCell-FullRefined",2,"full",8,7,0.6,0.7,0,0,NA,NA,NA
"PBMC","PBMC","Human","DeepSeekCell-FullRefined",2,"full",8,8,0.7,0.8,1,0.125,0.774,1,0.226
"PBMC","PBMC","Human","DeepSeekCell-FullRefined",2,"full",8,9,0.8,0.9,7,0.875,0.869571428571429,1,0.130428571428571
"PBMC","PBMC","Human","DeepSeekCell-FullRefined",2,"full",8,10,0.9,1,0,0,NA,NA,NA
"BaronPancreas","Pancreas","Human","DeepSeek-Plain",2,"none",0,1,0,0.1,0,0,NA,NA,NA
"BaronPancreas","Pancreas","Human","DeepSeek-Plain",2,"none",0,2,0.1,0.2,0,0,NA,NA,NA
"BaronPancreas","Pancreas","Human","DeepSeek-Plain",2,"none",0,3,0.2,0.3,0,0,NA,NA,NA
"BaronPancreas","Pancreas","Human","DeepSeek-Plain",2,"none",0,4,0.3,0.4,0,0,NA,NA,NA
"BaronPancreas","Pancreas","Human","DeepSeek-Plain",2,"none",0,5,0.4,0.5,0,0,NA,NA,NA
"BaronPancreas","Pancreas","Human","DeepSeek-Plain",2,"none",0,6,0.5,0.6,0,0,NA,NA,NA
"BaronPancreas","Pancreas","Human","DeepSeek-Plain",2,"none",0,7,0.6,0.7,0,0,NA,NA,NA
"BaronPancreas","Pancreas","Human","DeepSeek-Plain",2,"none",0,8,0.7,0.8,1,0.0625,0.8,0,0.8
"BaronPancreas","Pancreas","Human","DeepSeek-Plain",2,"none",0,9,0.8,0.9,7,0.4375,0.871428571428571,0.571428571428571,0.3
"BaronPancreas","Pancreas","Human","DeepSeek-Plain",2,"none",0,10,0.9,1,8,0.5,0.96125,1,0.0387500000000001
"BaronPancreas","Pancreas","Human","DeepSeekCell-Evidence",2,"none",0,1,0,0.1,0,0,NA,NA,NA
"BaronPancreas","Pancreas","Human","DeepSeekCell-Evidence",2,"none",0,2,0.1,0.2,0,0,NA,NA,NA
"BaronPancreas","Pancreas","Human","DeepSeekCell-Evidence",2,"none",0,3,0.2,0.3,0,0,NA,NA,NA
"BaronPancreas","Pancreas","Human","DeepSeekCell-Evidence",2,"none",0,4,0.3,0.4,0,0,NA,NA,NA
"BaronPancreas","Pancreas","Human","DeepSeekCell-Evidence",2,"none",0,5,0.4,0.5,0,0,NA,NA,NA
"BaronPancreas","Pancreas","Human","DeepSeekCell-Evidence",2,"none",0,6,0.5,0.6,0,0,NA,NA,NA
"BaronPancreas","Pancreas","Human","DeepSeekCell-Evidence",2,"none",0,7,0.6,0.7,0,0,NA,NA,NA
"BaronPancreas","Pancreas","Human","DeepSeekCell-Evidence",2,"none",0,8,0.7,0.8,1,0.0625,0.8,0,0.8
"BaronPancreas","Pancreas","Human","DeepSeekCell-Evidence",2,"none",0,9,0.8,0.9,7,0.4375,0.871428571428571,0.571428571428571,0.3
"BaronPancreas","Pancreas","Human","DeepSeekCell-Evidence",2,"none",0,10,0.9,1,8,0.5,0.96125,1,0.0387500000000001
"BaronPancreas","Pancreas","Human","DeepSeekCell-Calibrated",2,"none",0,1,0,0.1,0,0,NA,NA,NA
"BaronPancreas","Pancreas","Human","DeepSeekCell-Calibrated",2,"none",0,2,0.1,0.2,0,0,NA,NA,NA
"BaronPancreas","Pancreas","Human","DeepSeekCell-Calibrated",2,"none",0,3,0.2,0.3,0,0,NA,NA,NA
"BaronPancreas","Pancreas","Human","DeepSeekCell-Calibrated",2,"none",0,4,0.3,0.4,0,0,NA,NA,NA
"BaronPancreas","Pancreas","Human","DeepSeekCell-Calibrated",2,"none",0,5,0.4,0.5,0,0,NA,NA,NA
"BaronPancreas","Pancreas","Human","DeepSeekCell-Calibrated",2,"none",0,6,0.5,0.6,0,0,NA,NA,NA
"BaronPancreas","Pancreas","Human","DeepSeekCell-Calibrated",2,"none",0,7,0.6,0.7,0,0,NA,NA,NA
"BaronPancreas","Pancreas","Human","DeepSeekCell-Calibrated",2,"none",0,8,0.7,0.8,3,0.1875,0.758333333333333,0.666666666666667,0.0916666666666667
"BaronPancreas","Pancreas","Human","DeepSeekCell-Calibrated",2,"none",0,9,0.8,0.9,12,0.75,0.819916666666667,0.75,0.0699166666666666
"BaronPancreas","Pancreas","Human","DeepSeekCell-Calibrated",2,"none",0,10,0.9,1,1,0.0625,0.951,1,0.049
"BaronPancreas","Pancreas","Human","DeepSeekCell-SelfRefined",2,"evidence-k",0,1,0,0.1,0,0,NA,NA,NA
"BaronPancreas","Pancreas","Human","DeepSeekCell-SelfRefined",2,"evidence-k",0,2,0.1,0.2,0,0,NA,NA,NA
"BaronPancreas","Pancreas","Human","DeepSeekCell-SelfRefined",2,"evidence-k",0,3,0.2,0.3,0,0,NA,NA,NA
"BaronPancreas","Pancreas","Human","DeepSeekCell-SelfRefined",2,"evidence-k",0,4,0.3,0.4,0,0,NA,NA,NA
"BaronPancreas","Pancreas","Human","DeepSeekCell-SelfRefined",2,"evidence-k",0,5,0.4,0.5,0,0,NA,NA,NA
"BaronPancreas","Pancreas","Human","DeepSeekCell-SelfRefined",2,"evidence-k",0,6,0.5,0.6,0,0,NA,NA,NA
"BaronPancreas","Pancreas","Human","DeepSeekCell-SelfRefined",2,"evidence-k",0,7,0.6,0.7,0,0,NA,NA,NA
"BaronPancreas","Pancreas","Human","DeepSeekCell-SelfRefined",2,"evidence-k",0,8,0.7,0.8,3,0.1875,0.758333333333333,0.666666666666667,0.0916666666666667
"BaronPancreas","Pancreas","Human","DeepSeekCell-SelfRefined",2,"evidence-k",0,9,0.8,0.9,12,0.75,0.819916666666667,0.75,0.0699166666666666
"BaronPancreas","Pancreas","Human","DeepSeekCell-SelfRefined",2,"evidence-k",0,10,0.9,1,1,0.0625,0.951,1,0.049
"BaronPancreas","Pancreas","Human","DeepSeekCell-RandomK",2,"random-k",0,1,0,0.1,0,0,NA,NA,NA
"BaronPancreas","Pancreas","Human","DeepSeekCell-RandomK",2,"random-k",0,2,0.1,0.2,0,0,NA,NA,NA
"BaronPancreas","Pancreas","Human","DeepSeekCell-RandomK",2,"random-k",0,3,0.2,0.3,0,0,NA,NA,NA
"BaronPancreas","Pancreas","Human","DeepSeekCell-RandomK",2,"random-k",0,4,0.3,0.4,0,0,NA,NA,NA
"BaronPancreas","Pancreas","Human","DeepSeekCell-RandomK",2,"random-k",0,5,0.4,0.5,0,0,NA,NA,NA
"BaronPancreas","Pancreas","Human","DeepSeekCell-RandomK",2,"random-k",0,6,0.5,0.6,0,0,NA,NA,NA
"BaronPancreas","Pancreas","Human","DeepSeekCell-RandomK",2,"random-k",0,7,0.6,0.7,0,0,NA,NA,NA
"BaronPancreas","Pancreas","Human","DeepSeekCell-RandomK",2,"random-k",0,8,0.7,0.8,3,0.1875,0.758333333333333,0.666666666666667,0.0916666666666667
"BaronPancreas","Pancreas","Human","DeepSeekCell-RandomK",2,"random-k",0,9,0.8,0.9,12,0.75,0.819916666666667,0.75,0.0699166666666666
"BaronPancreas","Pancreas","Human","DeepSeekCell-RandomK",2,"random-k",0,10,0.9,1,1,0.0625,0.951,1,0.049
"BaronPancreas","Pancreas","Human","DeepSeekCell-ConfidenceK",2,"confidence-k",0,1,0,0.1,0,0,NA,NA,NA
"BaronPancreas","Pancreas","Human","DeepSeekCell-ConfidenceK",2,"confidence-k",0,2,0.1,0.2,0,0,NA,NA,NA
"BaronPancreas","Pancreas","Human","DeepSeekCell-ConfidenceK",2,"confidence-k",0,3,0.2,0.3,0,0,NA,NA,NA
"BaronPancreas","Pancreas","Human","DeepSeekCell-ConfidenceK",2,"confidence-k",0,4,0.3,0.4,0,0,NA,NA,NA
"BaronPancreas","Pancreas","Human","DeepSeekCell-ConfidenceK",2,"confidence-k",0,5,0.4,0.5,0,0,NA,NA,NA
"BaronPancreas","Pancreas","Human","DeepSeekCell-ConfidenceK",2,"confidence-k",0,6,0.5,0.6,0,0,NA,NA,NA
"BaronPancreas","Pancreas","Human","DeepSeekCell-ConfidenceK",2,"confidence-k",0,7,0.6,0.7,0,0,NA,NA,NA
"BaronPancreas","Pancreas","Human","DeepSeekCell-ConfidenceK",2,"confidence-k",0,8,0.7,0.8,3,0.1875,0.758333333333333,0.666666666666667,0.0916666666666667
"BaronPancreas","Pancreas","Human","DeepSeekCell-ConfidenceK",2,"confidence-k",0,9,0.8,0.9,12,0.75,0.819916666666667,0.75,0.0699166666666666
"BaronPancreas","Pancreas","Human","DeepSeekCell-ConfidenceK",2,"confidence-k",0,10,0.9,1,1,0.0625,0.951,1,0.049
"BaronPancreas","Pancreas","Human","DeepSeekCell-FullRefined",2,"full",16,1,0,0.1,0,0,NA,NA,NA
"BaronPancreas","Pancreas","Human","DeepSeekCell-FullRefined",2,"full",16,2,0.1,0.2,0,0,NA,NA,NA
"BaronPancreas","Pancreas","Human","DeepSeekCell-FullRefined",2,"full",16,3,0.2,0.3,0,0,NA,NA,NA
"BaronPancreas","Pancreas","Human","DeepSeekCell-FullRefined",2,"full",16,4,0.3,0.4,0,0,NA,NA,NA
"BaronPancreas","Pancreas","Human","DeepSeekCell-FullRefined",2,"full",16,5,0.4,0.5,0,0,NA,NA,NA
"BaronPancreas","Pancreas","Human","DeepSeekCell-FullRefined",2,"full",16,6,0.5,0.6,0,0,NA,NA,NA
"BaronPancreas","Pancreas","Human","DeepSeekCell-FullRefined",2,"full",16,7,0.6,0.7,0,0,NA,NA,NA
"BaronPancreas","Pancreas","Human","DeepSeekCell-FullRefined",2,"full",16,8,0.7,0.8,3,0.1875,0.758333333333333,0.666666666666667,0.0916666666666667
"BaronPancreas","Pancreas","Human","DeepSeekCell-FullRefined",2,"full",16,9,0.8,0.9,12,0.75,0.819916666666667,0.75,0.0699166666666666
"BaronPancreas","Pancreas","Human","DeepSeekCell-FullRefined",2,"full",16,10,0.9,1,1,0.0625,0.951,1,0.049
"MuraroPancreas","Pancreas","Human","DeepSeek-Plain",2,"none",0,1,0,0.1,0,0,NA,NA,NA
"MuraroPancreas","Pancreas","Human","DeepSeek-Plain",2,"none",0,2,0.1,0.2,0,0,NA,NA,NA
"MuraroPancreas","Pancreas","Human","DeepSeek-Plain",2,"none",0,3,0.2,0.3,0,0,NA,NA,NA
"MuraroPancreas","Pancreas","Human","DeepSeek-Plain",2,"none",0,4,0.3,0.4,0,0,NA,NA,NA
"MuraroPancreas","Pancreas","Human","DeepSeek-Plain",2,"none",0,5,0.4,0.5,0,0,NA,NA,NA
"MuraroPancreas","Pancreas","Human","DeepSeek-Plain",2,"none",0,6,0.5,0.6,1,0.0909090909090909,0.6,0,0.6
"MuraroPancreas","Pancreas","Human","DeepSeek-Plain",2,"none",0,7,0.6,0.7,0,0,NA,NA,NA
"MuraroPancreas","Pancreas","Human","DeepSeek-Plain",2,"none",0,8,0.7,0.8,0,0,NA,NA,NA
"MuraroPancreas","Pancreas","Human","DeepSeek-Plain",2,"none",0,9,0.8,0.9,2,0.181818181818182,0.875,1,0.125
"MuraroPancreas","Pancreas","Human","DeepSeek-Plain",2,"none",0,10,0.9,1,8,0.727272727272727,0.95,0.875,0.075
"MuraroPancreas","Pancreas","Human","DeepSeekCell-Evidence",2,"none",0,1,0,0.1,0,0,NA,NA,NA
"MuraroPancreas","Pancreas","Human","DeepSeekCell-Evidence",2,"none",0,2,0.1,0.2,0,0,NA,NA,NA
"MuraroPancreas","Pancreas","Human","DeepSeekCell-Evidence",2,"none",0,3,0.2,0.3,0,0,NA,NA,NA
"MuraroPancreas","Pancreas","Human","DeepSeekCell-Evidence",2,"none",0,4,0.3,0.4,0,0,NA,NA,NA
"MuraroPancreas","Pancreas","Human","DeepSeekCell-Evidence",2,"none",0,5,0.4,0.5,0,0,NA,NA,NA
"MuraroPancreas","Pancreas","Human","DeepSeekCell-Evidence",2,"none",0,6,0.5,0.6,1,0.0909090909090909,0.6,0,0.6
"MuraroPancreas","Pancreas","Human","DeepSeekCell-Evidence",2,"none",0,7,0.6,0.7,0,0,NA,NA,NA
"MuraroPancreas","Pancreas","Human","DeepSeekCell-Evidence",2,"none",0,8,0.7,0.8,0,0,NA,NA,NA
"MuraroPancreas","Pancreas","Human","DeepSeekCell-Evidence",2,"none",0,9,0.8,0.9,2,0.181818181818182,0.875,1,0.125
"MuraroPancreas","Pancreas","Human","DeepSeekCell-Evidence",2,"none",0,10,0.9,1,8,0.727272727272727,0.95,0.875,0.075
"MuraroPancreas","Pancreas","Human","DeepSeekCell-Calibrated",2,"none",0,1,0,0.1,0,0,NA,NA,NA
"MuraroPancreas","Pancreas","Human","DeepSeekCell-Calibrated",2,"none",0,2,0.1,0.2,0,0,NA,NA,NA
"MuraroPancreas","Pancreas","Human","DeepSeekCell-Calibrated",2,"none",0,3,0.2,0.3,0,0,NA,NA,NA
"MuraroPancreas","Pancreas","Human","DeepSeekCell-Calibrated",2,"none",0,4,0.3,0.4,0,0,NA,NA,NA
"MuraroPancreas","Pancreas","Human","DeepSeekCell-Calibrated",2,"none",0,5,0.4,0.5,1,0.0909090909090909,0.49,0,0.49
"MuraroPancreas","Pancreas","Human","DeepSeekCell-Calibrated",2,"none",0,6,0.5,0.6,0,0,NA,NA,NA
"MuraroPancreas","Pancreas","Human","DeepSeekCell-Calibrated",2,"none",0,7,0.6,0.7,1,0.0909090909090909,0.69,1,0.31
"MuraroPancreas","Pancreas","Human","DeepSeekCell-Calibrated",2,"none",0,8,0.7,0.8,2,0.181818181818182,0.7535,1,0.2465
"MuraroPancreas","Pancreas","Human","DeepSeekCell-Calibrated",2,"none",0,9,0.8,0.9,7,0.636363636363636,0.834857142857143,0.857142857142857,0.0222857142857142
"MuraroPancreas","Pancreas","Human","DeepSeekCell-Calibrated",2,"none",0,10,0.9,1,0,0,NA,NA,NA
"MuraroPancreas","Pancreas","Human","DeepSeekCell-SelfRefined",2,"evidence-k",0,1,0,0.1,0,0,NA,NA,NA
"MuraroPancreas","Pancreas","Human","DeepSeekCell-SelfRefined",2,"evidence-k",0,2,0.1,0.2,0,0,NA,NA,NA
"MuraroPancreas","Pancreas","Human","DeepSeekCell-SelfRefined",2,"evidence-k",0,3,0.2,0.3,0,0,NA,NA,NA
"MuraroPancreas","Pancreas","Human","DeepSeekCell-SelfRefined",2,"evidence-k",0,4,0.3,0.4,0,0,NA,NA,NA
"MuraroPancreas","Pancreas","Human","DeepSeekCell-SelfRefined",2,"evidence-k",0,5,0.4,0.5,1,0.0909090909090909,0.49,0,0.49
"MuraroPancreas","Pancreas","Human","DeepSeekCell-SelfRefined",2,"evidence-k",0,6,0.5,0.6,0,0,NA,NA,NA
"MuraroPancreas","Pancreas","Human","DeepSeekCell-SelfRefined",2,"evidence-k",0,7,0.6,0.7,1,0.0909090909090909,0.69,1,0.31
"MuraroPancreas","Pancreas","Human","DeepSeekCell-SelfRefined",2,"evidence-k",0,8,0.7,0.8,2,0.181818181818182,0.7535,1,0.2465
"MuraroPancreas","Pancreas","Human","DeepSeekCell-SelfRefined",2,"evidence-k",0,9,0.8,0.9,7,0.636363636363636,0.834857142857143,0.857142857142857,0.0222857142857142
"MuraroPancreas","Pancreas","Human","DeepSeekCell-SelfRefined",2,"evidence-k",0,10,0.9,1,0,0,NA,NA,NA
"MuraroPancreas","Pancreas","Human","DeepSeekCell-RandomK",2,"random-k",0,1,0,0.1,0,0,NA,NA,NA
"MuraroPancreas","Pancreas","Human","DeepSeekCell-RandomK",2,"random-k",0,2,0.1,0.2,0,0,NA,NA,NA
"MuraroPancreas","Pancreas","Human","DeepSeekCell-RandomK",2,"random-k",0,3,0.2,0.3,0,0,NA,NA,NA
"MuraroPancreas","Pancreas","Human","DeepSeekCell-RandomK",2,"random-k",0,4,0.3,0.4,0,0,NA,NA,NA
"MuraroPancreas","Pancreas","Human","DeepSeekCell-RandomK",2,"random-k",0,5,0.4,0.5,1,0.0909090909090909,0.49,0,0.49
"MuraroPancreas","Pancreas","Human","DeepSeekCell-RandomK",2,"random-k",0,6,0.5,0.6,0,0,NA,NA,NA
"MuraroPancreas","Pancreas","Human","DeepSeekCell-RandomK",2,"random-k",0,7,0.6,0.7,1,0.0909090909090909,0.69,1,0.31
"MuraroPancreas","Pancreas","Human","DeepSeekCell-RandomK",2,"random-k",0,8,0.7,0.8,2,0.181818181818182,0.7535,1,0.2465
"MuraroPancreas","Pancreas","Human","DeepSeekCell-RandomK",2,"random-k",0,9,0.8,0.9,7,0.636363636363636,0.834857142857143,0.857142857142857,0.0222857142857142
"MuraroPancreas","Pancreas","Human","DeepSeekCell-RandomK",2,"random-k",0,10,0.9,1,0,0,NA,NA,NA
"MuraroPancreas","Pancreas","Human","DeepSeekCell-ConfidenceK",2,"confidence-k",0,1,0,0.1,0,0,NA,NA,NA
"MuraroPancreas","Pancreas","Human","DeepSeekCell-ConfidenceK",2,"confidence-k",0,2,0.1,0.2,0,0,NA,NA,NA
"MuraroPancreas","Pancreas","Human","DeepSeekCell-ConfidenceK",2,"confidence-k",0,3,0.2,0.3,0,0,NA,NA,NA
"MuraroPancreas","Pancreas","Human","DeepSeekCell-ConfidenceK",2,"confidence-k",0,4,0.3,0.4,0,0,NA,NA,NA
"MuraroPancreas","Pancreas","Human","DeepSeekCell-ConfidenceK",2,"confidence-k",0,5,0.4,0.5,1,0.0909090909090909,0.49,0,0.49
"MuraroPancreas","Pancreas","Human","DeepSeekCell-ConfidenceK",2,"confidence-k",0,6,0.5,0.6,0,0,NA,NA,NA
"MuraroPancreas","Pancreas","Human","DeepSeekCell-ConfidenceK",2,"confidence-k",0,7,0.6,0.7,1,0.0909090909090909,0.69,1,0.31
"MuraroPancreas","Pancreas","Human","DeepSeekCell-ConfidenceK",2,"confidence-k",0,8,0.7,0.8,2,0.181818181818182,0.7535,1,0.2465
"MuraroPancreas","Pancreas","Human","DeepSeekCell-ConfidenceK",2,"confidence-k",0,9,0.8,0.9,7,0.636363636363636,0.834857142857143,0.857142857142857,0.0222857142857142
"MuraroPancreas","Pancreas","Human","DeepSeekCell-ConfidenceK",2,"confidence-k",0,10,0.9,1,0,0,NA,NA,NA
"MuraroPancreas","Pancreas","Human","DeepSeekCell-FullRefined",2,"full",11,1,0,0.1,0,0,NA,NA,NA
"MuraroPancreas","Pancreas","Human","DeepSeekCell-FullRefined",2,"full",11,2,0.1,0.2,0,0,NA,NA,NA
"MuraroPancreas","Pancreas","Human","DeepSeekCell-FullRefined",2,"full",11,3,0.2,0.3,0,0,NA,NA,NA
"MuraroPancreas","Pancreas","Human","DeepSeekCell-FullRefined",2,"full",11,4,0.3,0.4,0,0,NA,NA,NA
"MuraroPancreas","Pancreas","Human","DeepSeekCell-FullRefined",2,"full",11,5,0.4,0.5,0,0,NA,NA,NA
"MuraroPancreas","Pancreas","Human","DeepSeekCell-FullRefined",2,"full",11,6,0.5,0.6,1,0.0909090909090909,0.545,0,0.545
"MuraroPancreas","Pancreas","Human","DeepSeekCell-FullRefined",2,"full",11,7,0.6,0.7,1,0.0909090909090909,0.69,1,0.31
"MuraroPancreas","Pancreas","Human","DeepSeekCell-FullRefined",2,"full",11,8,0.7,0.8,2,0.181818181818182,0.7535,1,0.2465
"MuraroPancreas","Pancreas","Human","DeepSeekCell-FullRefined",2,"full",11,9,0.8,0.9,7,0.636363636363636,0.834857142857143,0.857142857142857,0.0222857142857142
"MuraroPancreas","Pancreas","Human","DeepSeekCell-FullRefined",2,"full",11,10,0.9,1,0,0,NA,NA,NA
"TasicBrain","Brain","Mouse","DeepSeek-Plain",2,"none",0,1,0,0.1,0,0,NA,NA,NA
"TasicBrain","Brain","Mouse","DeepSeek-Plain",2,"none",0,2,0.1,0.2,0,0,NA,NA,NA
"TasicBrain","Brain","Mouse","DeepSeek-Plain",2,"none",0,3,0.2,0.3,0,0,NA,NA,NA
"TasicBrain","Brain","Mouse","DeepSeek-Plain",2,"none",0,4,0.3,0.4,0,0,NA,NA,NA
"TasicBrain","Brain","Mouse","DeepSeek-Plain",2,"none",0,5,0.4,0.5,0,0,NA,NA,NA
"TasicBrain","Brain","Mouse","DeepSeek-Plain",2,"none",0,6,0.5,0.6,0,0,NA,NA,NA
"TasicBrain","Brain","Mouse","DeepSeek-Plain",2,"none",0,7,0.6,0.7,1,0.0666666666666667,0.7,1,0.3
"TasicBrain","Brain","Mouse","DeepSeek-Plain",2,"none",0,8,0.7,0.8,0,0,NA,NA,NA
"TasicBrain","Brain","Mouse","DeepSeek-Plain",2,"none",0,9,0.8,0.9,4,0.266666666666667,0.8625,1,0.1375
"TasicBrain","Brain","Mouse","DeepSeek-Plain",2,"none",0,10,0.9,1,10,0.666666666666667,0.95,1,0.05
"TasicBrain","Brain","Mouse","DeepSeekCell-Evidence",2,"none",0,1,0,0.1,0,0,NA,NA,NA
"TasicBrain","Brain","Mouse","DeepSeekCell-Evidence",2,"none",0,2,0.1,0.2,0,0,NA,NA,NA
"TasicBrain","Brain","Mouse","DeepSeekCell-Evidence",2,"none",0,3,0.2,0.3,0,0,NA,NA,NA
"TasicBrain","Brain","Mouse","DeepSeekCell-Evidence",2,"none",0,4,0.3,0.4,0,0,NA,NA,NA
"TasicBrain","Brain","Mouse","DeepSeekCell-Evidence",2,"none",0,5,0.4,0.5,0,0,NA,NA,NA
"TasicBrain","Brain","Mouse","DeepSeekCell-Evidence",2,"none",0,6,0.5,0.6,0,0,NA,NA,NA
"TasicBrain","Brain","Mouse","DeepSeekCell-Evidence",2,"none",0,7,0.6,0.7,1,0.0666666666666667,0.7,1,0.3
"TasicBrain","Brain","Mouse","DeepSeekCell-Evidence",2,"none",0,8,0.7,0.8,0,0,NA,NA,NA
"TasicBrain","Brain","Mouse","DeepSeekCell-Evidence",2,"none",0,9,0.8,0.9,4,0.266666666666667,0.8625,1,0.1375
"TasicBrain","Brain","Mouse","DeepSeekCell-Evidence",2,"none",0,10,0.9,1,10,0.666666666666667,0.95,1,0.05
"TasicBrain","Brain","Mouse","DeepSeekCell-Calibrated",2,"none",0,1,0,0.1,0,0,NA,NA,NA
"TasicBrain","Brain","Mouse","DeepSeekCell-Calibrated",2,"none",0,2,0.1,0.2,0,0,NA,NA,NA
"TasicBrain","Brain","Mouse","DeepSeekCell-Calibrated",2,"none",0,3,0.2,0.3,0,0,NA,NA,NA
"TasicBrain","Brain","Mouse","DeepSeekCell-Calibrated",2,"none",0,4,0.3,0.4,0,0,NA,NA,NA
"TasicBrain","Brain","Mouse","DeepSeekCell-Calibrated",2,"none",0,5,0.4,0.5,0,0,NA,NA,NA
"TasicBrain","Brain","Mouse","DeepSeekCell-Calibrated",2,"none",0,6,0.5,0.6,0,0,NA,NA,NA
"TasicBrain","Brain","Mouse","DeepSeekCell-Calibrated",2,"none",0,7,0.6,0.7,0,0,NA,NA,NA
"TasicBrain","Brain","Mouse","DeepSeekCell-Calibrated",2,"none",0,8,0.7,0.8,5,0.333333333333333,0.7804,1,0.2196
"TasicBrain","Brain","Mouse","DeepSeekCell-Calibrated",2,"none",0,9,0.8,0.9,8,0.533333333333333,0.836375,1,0.163625
"TasicBrain","Brain","Mouse","DeepSeekCell-Calibrated",2,"none",0,10,0.9,1,2,0.133333333333333,0.941,1,0.0590000000000001
"TasicBrain","Brain","Mouse","DeepSeekCell-SelfRefined",2,"evidence-k",0,1,0,0.1,0,0,NA,NA,NA
"TasicBrain","Brain","Mouse","DeepSeekCell-SelfRefined",2,"evidence-k",0,2,0.1,0.2,0,0,NA,NA,NA
"TasicBrain","Brain","Mouse","DeepSeekCell-SelfRefined",2,"evidence-k",0,3,0.2,0.3,0,0,NA,NA,NA
"TasicBrain","Brain","Mouse","DeepSeekCell-SelfRefined",2,"evidence-k",0,4,0.3,0.4,0,0,NA,NA,NA
"TasicBrain","Brain","Mouse","DeepSeekCell-SelfRefined",2,"evidence-k",0,5,0.4,0.5,0,0,NA,NA,NA
"TasicBrain","Brain","Mouse","DeepSeekCell-SelfRefined",2,"evidence-k",0,6,0.5,0.6,0,0,NA,NA,NA
"TasicBrain","Brain","Mouse","DeepSeekCell-SelfRefined",2,"evidence-k",0,7,0.6,0.7,0,0,NA,NA,NA
"TasicBrain","Brain","Mouse","DeepSeekCell-SelfRefined",2,"evidence-k",0,8,0.7,0.8,5,0.333333333333333,0.7804,1,0.2196
"TasicBrain","Brain","Mouse","DeepSeekCell-SelfRefined",2,"evidence-k",0,9,0.8,0.9,8,0.533333333333333,0.836375,1,0.163625
"TasicBrain","Brain","Mouse","DeepSeekCell-SelfRefined",2,"evidence-k",0,10,0.9,1,2,0.133333333333333,0.941,1,0.0590000000000001
"TasicBrain","Brain","Mouse","DeepSeekCell-RandomK",2,"random-k",0,1,0,0.1,0,0,NA,NA,NA
"TasicBrain","Brain","Mouse","DeepSeekCell-RandomK",2,"random-k",0,2,0.1,0.2,0,0,NA,NA,NA
"TasicBrain","Brain","Mouse","DeepSeekCell-RandomK",2,"random-k",0,3,0.2,0.3,0,0,NA,NA,NA
"TasicBrain","Brain","Mouse","DeepSeekCell-RandomK",2,"random-k",0,4,0.3,0.4,0,0,NA,NA,NA
"TasicBrain","Brain","Mouse","DeepSeekCell-RandomK",2,"random-k",0,5,0.4,0.5,0,0,NA,NA,NA
"TasicBrain","Brain","Mouse","DeepSeekCell-RandomK",2,"random-k",0,6,0.5,0.6,0,0,NA,NA,NA
"TasicBrain","Brain","Mouse","DeepSeekCell-RandomK",2,"random-k",0,7,0.6,0.7,0,0,NA,NA,NA
"TasicBrain","Brain","Mouse","DeepSeekCell-RandomK",2,"random-k",0,8,0.7,0.8,5,0.333333333333333,0.7804,1,0.2196
"TasicBrain","Brain","Mouse","DeepSeekCell-RandomK",2,"random-k",0,9,0.8,0.9,8,0.533333333333333,0.836375,1,0.163625
"TasicBrain","Brain","Mouse","DeepSeekCell-RandomK",2,"random-k",0,10,0.9,1,2,0.133333333333333,0.941,1,0.0590000000000001
"TasicBrain","Brain","Mouse","DeepSeekCell-ConfidenceK",2,"confidence-k",0,1,0,0.1,0,0,NA,NA,NA
"TasicBrain","Brain","Mouse","DeepSeekCell-ConfidenceK",2,"confidence-k",0,2,0.1,0.2,0,0,NA,NA,NA
"TasicBrain","Brain","Mouse","DeepSeekCell-ConfidenceK",2,"confidence-k",0,3,0.2,0.3,0,0,NA,NA,NA
"TasicBrain","Brain","Mouse","DeepSeekCell-ConfidenceK",2,"confidence-k",0,4,0.3,0.4,0,0,NA,NA,NA
"TasicBrain","Brain","Mouse","DeepSeekCell-ConfidenceK",2,"confidence-k",0,5,0.4,0.5,0,0,NA,NA,NA
"TasicBrain","Brain","Mouse","DeepSeekCell-ConfidenceK",2,"confidence-k",0,6,0.5,0.6,0,0,NA,NA,NA
"TasicBrain","Brain","Mouse","DeepSeekCell-ConfidenceK",2,"confidence-k",0,7,0.6,0.7,0,0,NA,NA,NA
"TasicBrain","Brain","Mouse","DeepSeekCell-ConfidenceK",2,"confidence-k",0,8,0.7,0.8,5,0.333333333333333,0.7804,1,0.2196
"TasicBrain","Brain","Mouse","DeepSeekCell-ConfidenceK",2,"confidence-k",0,9,0.8,0.9,8,0.533333333333333,0.836375,1,0.163625
"TasicBrain","Brain","Mouse","DeepSeekCell-ConfidenceK",2,"confidence-k",0,10,0.9,1,2,0.133333333333333,0.941,1,0.0590000000000001
"TasicBrain","Brain","Mouse","DeepSeekCell-FullRefined",2,"full",15,1,0,0.1,0,0,NA,NA,NA
"TasicBrain","Brain","Mouse","DeepSeekCell-FullRefined",2,"full",15,2,0.1,0.2,0,0,NA,NA,NA
"TasicBrain","Brain","Mouse","DeepSeekCell-FullRefined",2,"full",15,3,0.2,0.3,0,0,NA,NA,NA
"TasicBrain","Brain","Mouse","DeepSeekCell-FullRefined",2,"full",15,4,0.3,0.4,0,0,NA,NA,NA
"TasicBrain","Brain","Mouse","DeepSeekCell-FullRefined",2,"full",15,5,0.4,0.5,0,0,NA,NA,NA
"TasicBrain","Brain","Mouse","DeepSeekCell-FullRefined",2,"full",15,6,0.5,0.6,0,0,NA,NA,NA
"TasicBrain","Brain","Mouse","DeepSeekCell-FullRefined",2,"full",15,7,0.6,0.7,0,0,NA,NA,NA
"TasicBrain","Brain","Mouse","DeepSeekCell-FullRefined",2,"full",15,8,0.7,0.8,5,0.333333333333333,0.7804,1,0.2196
"TasicBrain","Brain","Mouse","DeepSeekCell-FullRefined",2,"full",15,9,0.8,0.9,8,0.533333333333333,0.836375,1,0.163625
"TasicBrain","Brain","Mouse","DeepSeekCell-FullRefined",2,"full",15,10,0.9,1,2,0.133333333333333,0.941,1,0.0590000000000001
"ZeiselBrain","Brain","Mouse","DeepSeek-Plain",2,"none",0,1,0,0.1,0,0,NA,NA,NA
"ZeiselBrain","Brain","Mouse","DeepSeek-Plain",2,"none",0,2,0.1,0.2,0,0,NA,NA,NA
"ZeiselBrain","Brain","Mouse","DeepSeek-Plain",2,"none",0,3,0.2,0.3,0,0,NA,NA,NA
"ZeiselBrain","Brain","Mouse","DeepSeek-Plain",2,"none",0,4,0.3,0.4,0,0,NA,NA,NA
"ZeiselBrain","Brain","Mouse","DeepSeek-Plain",2,"none",0,5,0.4,0.5,0,0,NA,NA,NA
"ZeiselBrain","Brain","Mouse","DeepSeek-Plain",2,"none",0,6,0.5,0.6,1,0.0625,0.6,0,0.6
"ZeiselBrain","Brain","Mouse","DeepSeek-Plain",2,"none",0,7,0.6,0.7,0,0,NA,NA,NA
"ZeiselBrain","Brain","Mouse","DeepSeek-Plain",2,"none",0,8,0.7,0.8,0,0,NA,NA,NA
"ZeiselBrain","Brain","Mouse","DeepSeek-Plain",2,"none",0,9,0.8,0.9,5,0.3125,0.89,0.6,0.29
"ZeiselBrain","Brain","Mouse","DeepSeek-Plain",2,"none",0,10,0.9,1,10,0.625,0.968,0.8,0.168
"ZeiselBrain","Brain","Mouse","DeepSeekCell-Evidence",2,"none",0,1,0,0.1,0,0,NA,NA,NA
"ZeiselBrain","Brain","Mouse","DeepSeekCell-Evidence",2,"none",0,2,0.1,0.2,0,0,NA,NA,NA
"ZeiselBrain","Brain","Mouse","DeepSeekCell-Evidence",2,"none",0,3,0.2,0.3,0,0,NA,NA,NA
"ZeiselBrain","Brain","Mouse","DeepSeekCell-Evidence",2,"none",0,4,0.3,0.4,0,0,NA,NA,NA
"ZeiselBrain","Brain","Mouse","DeepSeekCell-Evidence",2,"none",0,5,0.4,0.5,0,0,NA,NA,NA
"ZeiselBrain","Brain","Mouse","DeepSeekCell-Evidence",2,"none",0,6,0.5,0.6,1,0.0625,0.6,0,0.6
"ZeiselBrain","Brain","Mouse","DeepSeekCell-Evidence",2,"none",0,7,0.6,0.7,0,0,NA,NA,NA
"ZeiselBrain","Brain","Mouse","DeepSeekCell-Evidence",2,"none",0,8,0.7,0.8,0,0,NA,NA,NA
"ZeiselBrain","Brain","Mouse","DeepSeekCell-Evidence",2,"none",0,9,0.8,0.9,5,0.3125,0.89,0.6,0.29
"ZeiselBrain","Brain","Mouse","DeepSeekCell-Evidence",2,"none",0,10,0.9,1,10,0.625,0.968,0.8,0.168
"ZeiselBrain","Brain","Mouse","DeepSeekCell-Calibrated",2,"none",0,1,0,0.1,0,0,NA,NA,NA
"ZeiselBrain","Brain","Mouse","DeepSeekCell-Calibrated",2,"none",0,2,0.1,0.2,0,0,NA,NA,NA
"ZeiselBrain","Brain","Mouse","DeepSeekCell-Calibrated",2,"none",0,3,0.2,0.3,0,0,NA,NA,NA
"ZeiselBrain","Brain","Mouse","DeepSeekCell-Calibrated",2,"none",0,4,0.3,0.4,0,0,NA,NA,NA
"ZeiselBrain","Brain","Mouse","DeepSeekCell-Calibrated",2,"none",0,5,0.4,0.5,1,0.0625,0.49,0,0.49
"ZeiselBrain","Brain","Mouse","DeepSeekCell-Calibrated",2,"none",0,6,0.5,0.6,0,0,NA,NA,NA
"ZeiselBrain","Brain","Mouse","DeepSeekCell-Calibrated",2,"none",0,7,0.6,0.7,0,0,NA,NA,NA
"ZeiselBrain","Brain","Mouse","DeepSeekCell-Calibrated",2,"none",0,8,0.7,0.8,4,0.25,0.77,0.75,0.02
"ZeiselBrain","Brain","Mouse","DeepSeekCell-Calibrated",2,"none",0,9,0.8,0.9,7,0.4375,0.849857142857143,0.571428571428571,0.278428571428571
"ZeiselBrain","Brain","Mouse","DeepSeekCell-Calibrated",2,"none",0,10,0.9,1,4,0.25,0.94075,1,0.05925
"ZeiselBrain","Brain","Mouse","DeepSeekCell-SelfRefined",2,"evidence-k",1,1,0,0.1,0,0,NA,NA,NA
"ZeiselBrain","Brain","Mouse","DeepSeekCell-SelfRefined",2,"evidence-k",1,2,0.1,0.2,0,0,NA,NA,NA
"ZeiselBrain","Brain","Mouse","DeepSeekCell-SelfRefined",2,"evidence-k",1,3,0.2,0.3,0,0,NA,NA,NA
"ZeiselBrain","Brain","Mouse","DeepSeekCell-SelfRefined",2,"evidence-k",1,4,0.3,0.4,0,0,NA,NA,NA
"ZeiselBrain","Brain","Mouse","DeepSeekCell-SelfRefined",2,"evidence-k",1,5,0.4,0.5,1,0.0625,0.49,0,0.49
"ZeiselBrain","Brain","Mouse","DeepSeekCell-SelfRefined",2,"evidence-k",1,6,0.5,0.6,0,0,NA,NA,NA
"ZeiselBrain","Brain","Mouse","DeepSeekCell-SelfRefined",2,"evidence-k",1,7,0.6,0.7,0,0,NA,NA,NA
"ZeiselBrain","Brain","Mouse","DeepSeekCell-SelfRefined",2,"evidence-k",1,8,0.7,0.8,3,0.1875,0.787,1,0.213
"ZeiselBrain","Brain","Mouse","DeepSeekCell-SelfRefined",2,"evidence-k",1,9,0.8,0.9,8,0.5,0.851625,0.625,0.226625
"ZeiselBrain","Brain","Mouse","DeepSeekCell-SelfRefined",2,"evidence-k",1,10,0.9,1,4,0.25,0.94075,1,0.05925
"ZeiselBrain","Brain","Mouse","DeepSeekCell-RandomK",2,"random-k",1,1,0,0.1,0,0,NA,NA,NA
"ZeiselBrain","Brain","Mouse","DeepSeekCell-RandomK",2,"random-k",1,2,0.1,0.2,0,0,NA,NA,NA
"ZeiselBrain","Brain","Mouse","DeepSeekCell-RandomK",2,"random-k",1,3,0.2,0.3,0,0,NA,NA,NA
"ZeiselBrain","Brain","Mouse","DeepSeekCell-RandomK",2,"random-k",1,4,0.3,0.4,0,0,NA,NA,NA
"ZeiselBrain","Brain","Mouse","DeepSeekCell-RandomK",2,"random-k",1,5,0.4,0.5,1,0.0625,0.49,0,0.49
"ZeiselBrain","Brain","Mouse","DeepSeekCell-RandomK",2,"random-k",1,6,0.5,0.6,0,0,NA,NA,NA
"ZeiselBrain","Brain","Mouse","DeepSeekCell-RandomK",2,"random-k",1,7,0.6,0.7,0,0,NA,NA,NA
"ZeiselBrain","Brain","Mouse","DeepSeekCell-RandomK",2,"random-k",1,8,0.7,0.8,4,0.25,0.77,0.75,0.02
"ZeiselBrain","Brain","Mouse","DeepSeekCell-RandomK",2,"random-k",1,9,0.8,0.9,7,0.4375,0.849857142857143,0.571428571428571,0.278428571428571
"ZeiselBrain","Brain","Mouse","DeepSeekCell-RandomK",2,"random-k",1,10,0.9,1,4,0.25,0.94075,1,0.05925
"ZeiselBrain","Brain","Mouse","DeepSeekCell-ConfidenceK",2,"confidence-k",1,1,0,0.1,0,0,NA,NA,NA
"ZeiselBrain","Brain","Mouse","DeepSeekCell-ConfidenceK",2,"confidence-k",1,2,0.1,0.2,0,0,NA,NA,NA
"ZeiselBrain","Brain","Mouse","DeepSeekCell-ConfidenceK",2,"confidence-k",1,3,0.2,0.3,0,0,NA,NA,NA
"ZeiselBrain","Brain","Mouse","DeepSeekCell-ConfidenceK",2,"confidence-k",1,4,0.3,0.4,0,0,NA,NA,NA
"ZeiselBrain","Brain","Mouse","DeepSeekCell-ConfidenceK",2,"confidence-k",1,5,0.4,0.5,0,0,NA,NA,NA
"ZeiselBrain","Brain","Mouse","DeepSeekCell-ConfidenceK",2,"confidence-k",1,6,0.5,0.6,0,0,NA,NA,NA
"ZeiselBrain","Brain","Mouse","DeepSeekCell-ConfidenceK",2,"confidence-k",1,7,0.6,0.7,0,0,NA,NA,NA
"ZeiselBrain","Brain","Mouse","DeepSeekCell-ConfidenceK",2,"confidence-k",1,8,0.7,0.8,5,0.3125,0.757,0.6,0.157
"ZeiselBrain","Brain","Mouse","DeepSeekCell-ConfidenceK",2,"confidence-k",1,9,0.8,0.9,7,0.4375,0.849857142857143,0.571428571428571,0.278428571428571
"ZeiselBrain","Brain","Mouse","DeepSeekCell-ConfidenceK",2,"confidence-k",1,10,0.9,1,4,0.25,0.94075,1,0.05925
"ZeiselBrain","Brain","Mouse","DeepSeekCell-FullRefined",2,"full",16,1,0,0.1,0,0,NA,NA,NA
"ZeiselBrain","Brain","Mouse","DeepSeekCell-FullRefined",2,"full",16,2,0.1,0.2,0,0,NA,NA,NA
"ZeiselBrain","Brain","Mouse","DeepSeekCell-FullRefined",2,"full",16,3,0.2,0.3,0,0,NA,NA,NA
"ZeiselBrain","Brain","Mouse","DeepSeekCell-FullRefined",2,"full",16,4,0.3,0.4,0,0,NA,NA,NA
"ZeiselBrain","Brain","Mouse","DeepSeekCell-FullRefined",2,"full",16,5,0.4,0.5,0,0,NA,NA,NA
"ZeiselBrain","Brain","Mouse","DeepSeekCell-FullRefined",2,"full",16,6,0.5,0.6,1,0.0625,0.545,0,0.545
"ZeiselBrain","Brain","Mouse","DeepSeekCell-FullRefined",2,"full",16,7,0.6,0.7,0,0,NA,NA,NA
"ZeiselBrain","Brain","Mouse","DeepSeekCell-FullRefined",2,"full",16,8,0.7,0.8,4,0.25,0.77,0.75,0.02
"ZeiselBrain","Brain","Mouse","DeepSeekCell-FullRefined",2,"full",16,9,0.8,0.9,7,0.4375,0.849857142857143,0.571428571428571,0.278428571428571
"ZeiselBrain","Brain","Mouse","DeepSeekCell-FullRefined",2,"full",16,10,0.9,1,4,0.25,0.94075,1,0.05925
"ZilionisLung","Lung","Human","DeepSeek-Plain",2,"none",0,1,0,0.1,0,0,NA,NA,NA
"ZilionisLung","Lung","Human","DeepSeek-Plain",2,"none",0,2,0.1,0.2,0,0,NA,NA,NA
"ZilionisLung","Lung","Human","DeepSeek-Plain",2,"none",0,3,0.2,0.3,0,0,NA,NA,NA
"ZilionisLung","Lung","Human","DeepSeek-Plain",2,"none",0,4,0.3,0.4,0,0,NA,NA,NA
"ZilionisLung","Lung","Human","DeepSeek-Plain",2,"none",0,5,0.4,0.5,1,0.0625,0.5,0,0.5
"ZilionisLung","Lung","Human","DeepSeek-Plain",2,"none",0,6,0.5,0.6,0,0,NA,NA,NA
"ZilionisLung","Lung","Human","DeepSeek-Plain",2,"none",0,7,0.6,0.7,1,0.0625,0.7,0,0.7
"ZilionisLung","Lung","Human","DeepSeek-Plain",2,"none",0,8,0.7,0.8,1,0.0625,0.8,1,0.2
"ZilionisLung","Lung","Human","DeepSeek-Plain",2,"none",0,9,0.8,0.9,5,0.3125,0.9,0.2,0.7
"ZilionisLung","Lung","Human","DeepSeek-Plain",2,"none",0,10,0.9,1,8,0.5,0.95,0.75,0.2
"ZilionisLung","Lung","Human","DeepSeekCell-Evidence",2,"none",0,1,0,0.1,0,0,NA,NA,NA
"ZilionisLung","Lung","Human","DeepSeekCell-Evidence",2,"none",0,2,0.1,0.2,0,0,NA,NA,NA
"ZilionisLung","Lung","Human","DeepSeekCell-Evidence",2,"none",0,3,0.2,0.3,0,0,NA,NA,NA
"ZilionisLung","Lung","Human","DeepSeekCell-Evidence",2,"none",0,4,0.3,0.4,0,0,NA,NA,NA
"ZilionisLung","Lung","Human","DeepSeekCell-Evidence",2,"none",0,5,0.4,0.5,1,0.0625,0.5,0,0.5
"ZilionisLung","Lung","Human","DeepSeekCell-Evidence",2,"none",0,6,0.5,0.6,0,0,NA,NA,NA
"ZilionisLung","Lung","Human","DeepSeekCell-Evidence",2,"none",0,7,0.6,0.7,1,0.0625,0.7,0,0.7
"ZilionisLung","Lung","Human","DeepSeekCell-Evidence",2,"none",0,8,0.7,0.8,1,0.0625,0.8,1,0.2
"ZilionisLung","Lung","Human","DeepSeekCell-Evidence",2,"none",0,9,0.8,0.9,5,0.3125,0.9,0.2,0.7
"ZilionisLung","Lung","Human","DeepSeekCell-Evidence",2,"none",0,10,0.9,1,8,0.5,0.95,0.75,0.2
"ZilionisLung","Lung","Human","DeepSeekCell-Calibrated",2,"none",0,1,0,0.1,0,0,NA,NA,NA
"ZilionisLung","Lung","Human","DeepSeekCell-Calibrated",2,"none",0,2,0.1,0.2,0,0,NA,NA,NA
"ZilionisLung","Lung","Human","DeepSeekCell-Calibrated",2,"none",0,3,0.2,0.3,0,0,NA,NA,NA
"ZilionisLung","Lung","Human","DeepSeekCell-Calibrated",2,"none",0,4,0.3,0.4,0,0,NA,NA,NA
"ZilionisLung","Lung","Human","DeepSeekCell-Calibrated",2,"none",0,5,0.4,0.5,0,0,NA,NA,NA
"ZilionisLung","Lung","Human","DeepSeekCell-Calibrated",2,"none",0,6,0.5,0.6,2,0.125,0.545,0,0.545
"ZilionisLung","Lung","Human","DeepSeekCell-Calibrated",2,"none",0,7,0.6,0.7,1,0.0625,0.677,0,0.677
"ZilionisLung","Lung","Human","DeepSeekCell-Calibrated",2,"none",0,8,0.7,0.8,3,0.1875,0.733,1,0.267
"ZilionisLung","Lung","Human","DeepSeekCell-Calibrated",2,"none",0,9,0.8,0.9,9,0.5625,0.844,0.444444444444444,0.399555555555556
"ZilionisLung","Lung","Human","DeepSeekCell-Calibrated",2,"none",0,10,0.9,1,1,0.0625,0.941,1,0.0590000000000001
"ZilionisLung","Lung","Human","DeepSeekCell-SelfRefined",2,"evidence-k",1,1,0,0.1,0,0,NA,NA,NA
"ZilionisLung","Lung","Human","DeepSeekCell-SelfRefined",2,"evidence-k",1,2,0.1,0.2,0,0,NA,NA,NA
"ZilionisLung","Lung","Human","DeepSeekCell-SelfRefined",2,"evidence-k",1,3,0.2,0.3,0,0,NA,NA,NA
"ZilionisLung","Lung","Human","DeepSeekCell-SelfRefined",2,"evidence-k",1,4,0.3,0.4,0,0,NA,NA,NA
"ZilionisLung","Lung","Human","DeepSeekCell-SelfRefined",2,"evidence-k",1,5,0.4,0.5,0,0,NA,NA,NA
"ZilionisLung","Lung","Human","DeepSeekCell-SelfRefined",2,"evidence-k",1,6,0.5,0.6,2,0.125,0.545,0,0.545
"ZilionisLung","Lung","Human","DeepSeekCell-SelfRefined",2,"evidence-k",1,7,0.6,0.7,0,0,NA,NA,NA
"ZilionisLung","Lung","Human","DeepSeekCell-SelfRefined",2,"evidence-k",1,8,0.7,0.8,3,0.1875,0.733,1,0.267
"ZilionisLung","Lung","Human","DeepSeekCell-SelfRefined",2,"evidence-k",1,9,0.8,0.9,9,0.5625,0.844,0.444444444444444,0.399555555555556
"ZilionisLung","Lung","Human","DeepSeekCell-SelfRefined",2,"evidence-k",1,10,0.9,1,2,0.125,0.9235,1,0.0765
"ZilionisLung","Lung","Human","DeepSeekCell-RandomK",2,"random-k",1,1,0,0.1,0,0,NA,NA,NA
"ZilionisLung","Lung","Human","DeepSeekCell-RandomK",2,"random-k",1,2,0.1,0.2,0,0,NA,NA,NA
"ZilionisLung","Lung","Human","DeepSeekCell-RandomK",2,"random-k",1,3,0.2,0.3,0,0,NA,NA,NA
"ZilionisLung","Lung","Human","DeepSeekCell-RandomK",2,"random-k",1,4,0.3,0.4,0,0,NA,NA,NA
"ZilionisLung","Lung","Human","DeepSeekCell-RandomK",2,"random-k",1,5,0.4,0.5,0,0,NA,NA,NA
"ZilionisLung","Lung","Human","DeepSeekCell-RandomK",2,"random-k",1,6,0.5,0.6,2,0.125,0.545,0,0.545
"ZilionisLung","Lung","Human","DeepSeekCell-RandomK",2,"random-k",1,7,0.6,0.7,1,0.0625,0.677,0,0.677
"ZilionisLung","Lung","Human","DeepSeekCell-RandomK",2,"random-k",1,8,0.7,0.8,3,0.1875,0.733,1,0.267
"ZilionisLung","Lung","Human","DeepSeekCell-RandomK",2,"random-k",1,9,0.8,0.9,9,0.5625,0.844,0.444444444444444,0.399555555555556
"ZilionisLung","Lung","Human","DeepSeekCell-RandomK",2,"random-k",1,10,0.9,1,1,0.0625,0.941,1,0.0590000000000001
"ZilionisLung","Lung","Human","DeepSeekCell-ConfidenceK",2,"confidence-k",1,1,0,0.1,0,0,NA,NA,NA
"ZilionisLung","Lung","Human","DeepSeekCell-ConfidenceK",2,"confidence-k",1,2,0.1,0.2,0,0,NA,NA,NA
"ZilionisLung","Lung","Human","DeepSeekCell-ConfidenceK",2,"confidence-k",1,3,0.2,0.3,0,0,NA,NA,NA
"ZilionisLung","Lung","Human","DeepSeekCell-ConfidenceK",2,"confidence-k",1,4,0.3,0.4,0,0,NA,NA,NA
"ZilionisLung","Lung","Human","DeepSeekCell-ConfidenceK",2,"confidence-k",1,5,0.4,0.5,0,0,NA,NA,NA
"ZilionisLung","Lung","Human","DeepSeekCell-ConfidenceK",2,"confidence-k",1,6,0.5,0.6,1,0.0625,0.58,0,0.58
"ZilionisLung","Lung","Human","DeepSeekCell-ConfidenceK",2,"confidence-k",1,7,0.6,0.7,1,0.0625,0.677,0,0.677
"ZilionisLung","Lung","Human","DeepSeekCell-ConfidenceK",2,"confidence-k",1,8,0.7,0.8,3,0.1875,0.733,1,0.267
"ZilionisLung","Lung","Human","DeepSeekCell-ConfidenceK",2,"confidence-k",1,9,0.8,0.9,10,0.625,0.8419,0.4,0.4419
"ZilionisLung","Lung","Human","DeepSeekCell-ConfidenceK",2,"confidence-k",1,10,0.9,1,1,0.0625,0.941,1,0.0590000000000001
"ZilionisLung","Lung","Human","DeepSeekCell-FullRefined",2,"full",16,1,0,0.1,0,0,NA,NA,NA
"ZilionisLung","Lung","Human","DeepSeekCell-FullRefined",2,"full",16,2,0.1,0.2,0,0,NA,NA,NA
"ZilionisLung","Lung","Human","DeepSeekCell-FullRefined",2,"full",16,3,0.2,0.3,0,0,NA,NA,NA
"ZilionisLung","Lung","Human","DeepSeekCell-FullRefined",2,"full",16,4,0.3,0.4,0,0,NA,NA,NA
"ZilionisLung","Lung","Human","DeepSeekCell-FullRefined",2,"full",16,5,0.4,0.5,0,0,NA,NA,NA
"ZilionisLung","Lung","Human","DeepSeekCell-FullRefined",2,"full",16,6,0.5,0.6,2,0.125,0.545,0,0.545
"ZilionisLung","Lung","Human","DeepSeekCell-FullRefined",2,"full",16,7,0.6,0.7,1,0.0625,0.677,0,0.677
"ZilionisLung","Lung","Human","DeepSeekCell-FullRefined",2,"full",16,8,0.7,0.8,3,0.1875,0.733,1,0.267
"ZilionisLung","Lung","Human","DeepSeekCell-FullRefined",2,"full",16,9,0.8,0.9,9,0.5625,0.844,0.444444444444444,0.399555555555556
"ZilionisLung","Lung","Human","DeepSeekCell-FullRefined",2,"full",16,10,0.9,1,1,0.0625,0.941,1,0.0590000000000001
"PBMC","PBMC","Human","DeepSeek-Plain",3,"none",0,1,0,0.1,0,0,NA,NA,NA
"PBMC","PBMC","Human","DeepSeek-Plain",3,"none",0,2,0.1,0.2,0,0,NA,NA,NA
"PBMC","PBMC","Human","DeepSeek-Plain",3,"none",0,3,0.2,0.3,0,0,NA,NA,NA
"PBMC","PBMC","Human","DeepSeek-Plain",3,"none",0,4,0.3,0.4,0,0,NA,NA,NA
"PBMC","PBMC","Human","DeepSeek-Plain",3,"none",0,5,0.4,0.5,0,0,NA,NA,NA
"PBMC","PBMC","Human","DeepSeek-Plain",3,"none",0,6,0.5,0.6,0,0,NA,NA,NA
"PBMC","PBMC","Human","DeepSeek-Plain",3,"none",0,7,0.6,0.7,0,0,NA,NA,NA
"PBMC","PBMC","Human","DeepSeek-Plain",3,"none",0,8,0.7,0.8,0,0,NA,NA,NA
"PBMC","PBMC","Human","DeepSeek-Plain",3,"none",0,9,0.8,0.9,1,0.125,0.9,1,0.1
"PBMC","PBMC","Human","DeepSeek-Plain",3,"none",0,10,0.9,1,7,0.875,0.958571428571429,1,0.0414285714285715
"PBMC","PBMC","Human","DeepSeekCell-Evidence",3,"none",0,1,0,0.1,0,0,NA,NA,NA
"PBMC","PBMC","Human","DeepSeekCell-Evidence",3,"none",0,2,0.1,0.2,0,0,NA,NA,NA
"PBMC","PBMC","Human","DeepSeekCell-Evidence",3,"none",0,3,0.2,0.3,0,0,NA,NA,NA
"PBMC","PBMC","Human","DeepSeekCell-Evidence",3,"none",0,4,0.3,0.4,0,0,NA,NA,NA
"PBMC","PBMC","Human","DeepSeekCell-Evidence",3,"none",0,5,0.4,0.5,0,0,NA,NA,NA
"PBMC","PBMC","Human","DeepSeekCell-Evidence",3,"none",0,6,0.5,0.6,0,0,NA,NA,NA
"PBMC","PBMC","Human","DeepSeekCell-Evidence",3,"none",0,7,0.6,0.7,0,0,NA,NA,NA
"PBMC","PBMC","Human","DeepSeekCell-Evidence",3,"none",0,8,0.7,0.8,0,0,NA,NA,NA
"PBMC","PBMC","Human","DeepSeekCell-Evidence",3,"none",0,9,0.8,0.9,1,0.125,0.9,1,0.1
"PBMC","PBMC","Human","DeepSeekCell-Evidence",3,"none",0,10,0.9,1,7,0.875,0.958571428571429,1,0.0414285714285715
"PBMC","PBMC","Human","DeepSeekCell-Calibrated",3,"none",0,1,0,0.1,0,0,NA,NA,NA
"PBMC","PBMC","Human","DeepSeekCell-Calibrated",3,"none",0,2,0.1,0.2,0,0,NA,NA,NA
"PBMC","PBMC","Human","DeepSeekCell-Calibrated",3,"none",0,3,0.2,0.3,0,0,NA,NA,NA
"PBMC","PBMC","Human","DeepSeekCell-Calibrated",3,"none",0,4,0.3,0.4,0,0,NA,NA,NA
"PBMC","PBMC","Human","DeepSeekCell-Calibrated",3,"none",0,5,0.4,0.5,0,0,NA,NA,NA
"PBMC","PBMC","Human","DeepSeekCell-Calibrated",3,"none",0,6,0.5,0.6,0,0,NA,NA,NA
"PBMC","PBMC","Human","DeepSeekCell-Calibrated",3,"none",0,7,0.6,0.7,0,0,NA,NA,NA
"PBMC","PBMC","Human","DeepSeekCell-Calibrated",3,"none",0,8,0.7,0.8,2,0.25,0.786,1,0.214
"PBMC","PBMC","Human","DeepSeekCell-Calibrated",3,"none",0,9,0.8,0.9,5,0.625,0.8764,1,0.1236
"PBMC","PBMC","Human","DeepSeekCell-Calibrated",3,"none",0,10,0.9,1,1,0.125,0.91,1,0.09
"PBMC","PBMC","Human","DeepSeekCell-SelfRefined",3,"evidence-k",0,1,0,0.1,0,0,NA,NA,NA
"PBMC","PBMC","Human","DeepSeekCell-SelfRefined",3,"evidence-k",0,2,0.1,0.2,0,0,NA,NA,NA
"PBMC","PBMC","Human","DeepSeekCell-SelfRefined",3,"evidence-k",0,3,0.2,0.3,0,0,NA,NA,NA
"PBMC","PBMC","Human","DeepSeekCell-SelfRefined",3,"evidence-k",0,4,0.3,0.4,0,0,NA,NA,NA
"PBMC","PBMC","Human","DeepSeekCell-SelfRefined",3,"evidence-k",0,5,0.4,0.5,0,0,NA,NA,NA
"PBMC","PBMC","Human","DeepSeekCell-SelfRefined",3,"evidence-k",0,6,0.5,0.6,0,0,NA,NA,NA
"PBMC","PBMC","Human","DeepSeekCell-SelfRefined",3,"evidence-k",0,7,0.6,0.7,0,0,NA,NA,NA
"PBMC","PBMC","Human","DeepSeekCell-SelfRefined",3,"evidence-k",0,8,0.7,0.8,2,0.25,0.786,1,0.214
"PBMC","PBMC","Human","DeepSeekCell-SelfRefined",3,"evidence-k",0,9,0.8,0.9,5,0.625,0.8764,1,0.1236
"PBMC","PBMC","Human","DeepSeekCell-SelfRefined",3,"evidence-k",0,10,0.9,1,1,0.125,0.91,1,0.09
"PBMC","PBMC","Human","DeepSeekCell-RandomK",3,"random-k",0,1,0,0.1,0,0,NA,NA,NA
"PBMC","PBMC","Human","DeepSeekCell-RandomK",3,"random-k",0,2,0.1,0.2,0,0,NA,NA,NA
"PBMC","PBMC","Human","DeepSeekCell-RandomK",3,"random-k",0,3,0.2,0.3,0,0,NA,NA,NA
"PBMC","PBMC","Human","DeepSeekCell-RandomK",3,"random-k",0,4,0.3,0.4,0,0,NA,NA,NA
"PBMC","PBMC","Human","DeepSeekCell-RandomK",3,"random-k",0,5,0.4,0.5,0,0,NA,NA,NA
"PBMC","PBMC","Human","DeepSeekCell-RandomK",3,"random-k",0,6,0.5,0.6,0,0,NA,NA,NA
"PBMC","PBMC","Human","DeepSeekCell-RandomK",3,"random-k",0,7,0.6,0.7,0,0,NA,NA,NA
"PBMC","PBMC","Human","DeepSeekCell-RandomK",3,"random-k",0,8,0.7,0.8,2,0.25,0.786,1,0.214
"PBMC","PBMC","Human","DeepSeekCell-RandomK",3,"random-k",0,9,0.8,0.9,5,0.625,0.8764,1,0.1236
"PBMC","PBMC","Human","DeepSeekCell-RandomK",3,"random-k",0,10,0.9,1,1,0.125,0.91,1,0.09
"PBMC","PBMC","Human","DeepSeekCell-ConfidenceK",3,"confidence-k",0,1,0,0.1,0,0,NA,NA,NA
"PBMC","PBMC","Human","DeepSeekCell-ConfidenceK",3,"confidence-k",0,2,0.1,0.2,0,0,NA,NA,NA
"PBMC","PBMC","Human","DeepSeekCell-ConfidenceK",3,"confidence-k",0,3,0.2,0.3,0,0,NA,NA,NA
"PBMC","PBMC","Human","DeepSeekCell-ConfidenceK",3,"confidence-k",0,4,0.3,0.4,0,0,NA,NA,NA
"PBMC","PBMC","Human","DeepSeekCell-ConfidenceK",3,"confidence-k",0,5,0.4,0.5,0,0,NA,NA,NA
"PBMC","PBMC","Human","DeepSeekCell-ConfidenceK",3,"confidence-k",0,6,0.5,0.6,0,0,NA,NA,NA
"PBMC","PBMC","Human","DeepSeekCell-ConfidenceK",3,"confidence-k",0,7,0.6,0.7,0,0,NA,NA,NA
"PBMC","PBMC","Human","DeepSeekCell-ConfidenceK",3,"confidence-k",0,8,0.7,0.8,2,0.25,0.786,1,0.214
"PBMC","PBMC","Human","DeepSeekCell-ConfidenceK",3,"confidence-k",0,9,0.8,0.9,5,0.625,0.8764,1,0.1236
"PBMC","PBMC","Human","DeepSeekCell-ConfidenceK",3,"confidence-k",0,10,0.9,1,1,0.125,0.91,1,0.09
"PBMC","PBMC","Human","DeepSeekCell-FullRefined",3,"full",8,1,0,0.1,0,0,NA,NA,NA
"PBMC","PBMC","Human","DeepSeekCell-FullRefined",3,"full",8,2,0.1,0.2,0,0,NA,NA,NA
"PBMC","PBMC","Human","DeepSeekCell-FullRefined",3,"full",8,3,0.2,0.3,0,0,NA,NA,NA
"PBMC","PBMC","Human","DeepSeekCell-FullRefined",3,"full",8,4,0.3,0.4,0,0,NA,NA,NA
"PBMC","PBMC","Human","DeepSeekCell-FullRefined",3,"full",8,5,0.4,0.5,0,0,NA,NA,NA
"PBMC","PBMC","Human","DeepSeekCell-FullRefined",3,"full",8,6,0.5,0.6,0,0,NA,NA,NA
"PBMC","PBMC","Human","DeepSeekCell-FullRefined",3,"full",8,7,0.6,0.7,0,0,NA,NA,NA
"PBMC","PBMC","Human","DeepSeekCell-FullRefined",3,"full",8,8,0.7,0.8,2,0.25,0.786,1,0.214
"PBMC","PBMC","Human","DeepSeekCell-FullRefined",3,"full",8,9,0.8,0.9,5,0.625,0.8764,1,0.1236
"PBMC","PBMC","Human","DeepSeekCell-FullRefined",3,"full",8,10,0.9,1,1,0.125,0.91,1,0.09
"BaronPancreas","Pancreas","Human","DeepSeek-Plain",3,"none",0,1,0,0.1,0,0,NA,NA,NA
"BaronPancreas","Pancreas","Human","DeepSeek-Plain",3,"none",0,2,0.1,0.2,0,0,NA,NA,NA
"BaronPancreas","Pancreas","Human","DeepSeek-Plain",3,"none",0,3,0.2,0.3,0,0,NA,NA,NA
"BaronPancreas","Pancreas","Human","DeepSeek-Plain",3,"none",0,4,0.3,0.4,0,0,NA,NA,NA
"BaronPancreas","Pancreas","Human","DeepSeek-Plain",3,"none",0,5,0.4,0.5,0,0,NA,NA,NA
"BaronPancreas","Pancreas","Human","DeepSeek-Plain",3,"none",0,6,0.5,0.6,0,0,NA,NA,NA
"BaronPancreas","Pancreas","Human","DeepSeek-Plain",3,"none",0,7,0.6,0.7,0,0,NA,NA,NA
"BaronPancreas","Pancreas","Human","DeepSeek-Plain",3,"none",0,8,0.7,0.8,1,0.0625,0.8,0,0.8
"BaronPancreas","Pancreas","Human","DeepSeek-Plain",3,"none",0,9,0.8,0.9,7,0.4375,0.871428571428571,0.571428571428571,0.3
"BaronPancreas","Pancreas","Human","DeepSeek-Plain",3,"none",0,10,0.9,1,8,0.5,0.96125,1,0.0387500000000001
"BaronPancreas","Pancreas","Human","DeepSeekCell-Evidence",3,"none",0,1,0,0.1,0,0,NA,NA,NA
"BaronPancreas","Pancreas","Human","DeepSeekCell-Evidence",3,"none",0,2,0.1,0.2,0,0,NA,NA,NA
"BaronPancreas","Pancreas","Human","DeepSeekCell-Evidence",3,"none",0,3,0.2,0.3,0,0,NA,NA,NA
"BaronPancreas","Pancreas","Human","DeepSeekCell-Evidence",3,"none",0,4,0.3,0.4,0,0,NA,NA,NA
"BaronPancreas","Pancreas","Human","DeepSeekCell-Evidence",3,"none",0,5,0.4,0.5,0,0,NA,NA,NA
"BaronPancreas","Pancreas","Human","DeepSeekCell-Evidence",3,"none",0,6,0.5,0.6,0,0,NA,NA,NA
"BaronPancreas","Pancreas","Human","DeepSeekCell-Evidence",3,"none",0,7,0.6,0.7,0,0,NA,NA,NA
"BaronPancreas","Pancreas","Human","DeepSeekCell-Evidence",3,"none",0,8,0.7,0.8,1,0.0625,0.8,0,0.8
"BaronPancreas","Pancreas","Human","DeepSeekCell-Evidence",3,"none",0,9,0.8,0.9,7,0.4375,0.871428571428571,0.571428571428571,0.3
"BaronPancreas","Pancreas","Human","DeepSeekCell-Evidence",3,"none",0,10,0.9,1,8,0.5,0.96125,1,0.0387500000000001
"BaronPancreas","Pancreas","Human","DeepSeekCell-Calibrated",3,"none",0,1,0,0.1,0,0,NA,NA,NA
"BaronPancreas","Pancreas","Human","DeepSeekCell-Calibrated",3,"none",0,2,0.1,0.2,0,0,NA,NA,NA
"BaronPancreas","Pancreas","Human","DeepSeekCell-Calibrated",3,"none",0,3,0.2,0.3,0,0,NA,NA,NA
"BaronPancreas","Pancreas","Human","DeepSeekCell-Calibrated",3,"none",0,4,0.3,0.4,0,0,NA,NA,NA
"BaronPancreas","Pancreas","Human","DeepSeekCell-Calibrated",3,"none",0,5,0.4,0.5,0,0,NA,NA,NA
"BaronPancreas","Pancreas","Human","DeepSeekCell-Calibrated",3,"none",0,6,0.5,0.6,0,0,NA,NA,NA
"BaronPancreas","Pancreas","Human","DeepSeekCell-Calibrated",3,"none",0,7,0.6,0.7,0,0,NA,NA,NA
"BaronPancreas","Pancreas","Human","DeepSeekCell-Calibrated",3,"none",0,8,0.7,0.8,3,0.1875,0.758333333333333,0.666666666666667,0.0916666666666667
"BaronPancreas","Pancreas","Human","DeepSeekCell-Calibrated",3,"none",0,9,0.8,0.9,12,0.75,0.819916666666667,0.75,0.0699166666666666
"BaronPancreas","Pancreas","Human","DeepSeekCell-Calibrated",3,"none",0,10,0.9,1,1,0.0625,0.951,1,0.049
"BaronPancreas","Pancreas","Human","DeepSeekCell-SelfRefined",3,"evidence-k",0,1,0,0.1,0,0,NA,NA,NA
"BaronPancreas","Pancreas","Human","DeepSeekCell-SelfRefined",3,"evidence-k",0,2,0.1,0.2,0,0,NA,NA,NA
"BaronPancreas","Pancreas","Human","DeepSeekCell-SelfRefined",3,"evidence-k",0,3,0.2,0.3,0,0,NA,NA,NA
"BaronPancreas","Pancreas","Human","DeepSeekCell-SelfRefined",3,"evidence-k",0,4,0.3,0.4,0,0,NA,NA,NA
"BaronPancreas","Pancreas","Human","DeepSeekCell-SelfRefined",3,"evidence-k",0,5,0.4,0.5,0,0,NA,NA,NA
"BaronPancreas","Pancreas","Human","DeepSeekCell-SelfRefined",3,"evidence-k",0,6,0.5,0.6,0,0,NA,NA,NA
"BaronPancreas","Pancreas","Human","DeepSeekCell-SelfRefined",3,"evidence-k",0,7,0.6,0.7,0,0,NA,NA,NA
"BaronPancreas","Pancreas","Human","DeepSeekCell-SelfRefined",3,"evidence-k",0,8,0.7,0.8,3,0.1875,0.758333333333333,0.666666666666667,0.0916666666666667
"BaronPancreas","Pancreas","Human","DeepSeekCell-SelfRefined",3,"evidence-k",0,9,0.8,0.9,12,0.75,0.819916666666667,0.75,0.0699166666666666
"BaronPancreas","Pancreas","Human","DeepSeekCell-SelfRefined",3,"evidence-k",0,10,0.9,1,1,0.0625,0.951,1,0.049
"BaronPancreas","Pancreas","Human","DeepSeekCell-RandomK",3,"random-k",0,1,0,0.1,0,0,NA,NA,NA
"BaronPancreas","Pancreas","Human","DeepSeekCell-RandomK",3,"random-k",0,2,0.1,0.2,0,0,NA,NA,NA
"BaronPancreas","Pancreas","Human","DeepSeekCell-RandomK",3,"random-k",0,3,0.2,0.3,0,0,NA,NA,NA
"BaronPancreas","Pancreas","Human","DeepSeekCell-RandomK",3,"random-k",0,4,0.3,0.4,0,0,NA,NA,NA
"BaronPancreas","Pancreas","Human","DeepSeekCell-RandomK",3,"random-k",0,5,0.4,0.5,0,0,NA,NA,NA
"BaronPancreas","Pancreas","Human","DeepSeekCell-RandomK",3,"random-k",0,6,0.5,0.6,0,0,NA,NA,NA
"BaronPancreas","Pancreas","Human","DeepSeekCell-RandomK",3,"random-k",0,7,0.6,0.7,0,0,NA,NA,NA
"BaronPancreas","Pancreas","Human","DeepSeekCell-RandomK",3,"random-k",0,8,0.7,0.8,3,0.1875,0.758333333333333,0.666666666666667,0.0916666666666667
"BaronPancreas","Pancreas","Human","DeepSeekCell-RandomK",3,"random-k",0,9,0.8,0.9,12,0.75,0.819916666666667,0.75,0.0699166666666666
"BaronPancreas","Pancreas","Human","DeepSeekCell-RandomK",3,"random-k",0,10,0.9,1,1,0.0625,0.951,1,0.049
"BaronPancreas","Pancreas","Human","DeepSeekCell-ConfidenceK",3,"confidence-k",0,1,0,0.1,0,0,NA,NA,NA
"BaronPancreas","Pancreas","Human","DeepSeekCell-ConfidenceK",3,"confidence-k",0,2,0.1,0.2,0,0,NA,NA,NA
"BaronPancreas","Pancreas","Human","DeepSeekCell-ConfidenceK",3,"confidence-k",0,3,0.2,0.3,0,0,NA,NA,NA
"BaronPancreas","Pancreas","Human","DeepSeekCell-ConfidenceK",3,"confidence-k",0,4,0.3,0.4,0,0,NA,NA,NA
"BaronPancreas","Pancreas","Human","DeepSeekCell-ConfidenceK",3,"confidence-k",0,5,0.4,0.5,0,0,NA,NA,NA
"BaronPancreas","Pancreas","Human","DeepSeekCell-ConfidenceK",3,"confidence-k",0,6,0.5,0.6,0,0,NA,NA,NA
"BaronPancreas","Pancreas","Human","DeepSeekCell-ConfidenceK",3,"confidence-k",0,7,0.6,0.7,0,0,NA,NA,NA
"BaronPancreas","Pancreas","Human","DeepSeekCell-ConfidenceK",3,"confidence-k",0,8,0.7,0.8,3,0.1875,0.758333333333333,0.666666666666667,0.0916666666666667
"BaronPancreas","Pancreas","Human","DeepSeekCell-ConfidenceK",3,"confidence-k",0,9,0.8,0.9,12,0.75,0.819916666666667,0.75,0.0699166666666666
"BaronPancreas","Pancreas","Human","DeepSeekCell-ConfidenceK",3,"confidence-k",0,10,0.9,1,1,0.0625,0.951,1,0.049
"BaronPancreas","Pancreas","Human","DeepSeekCell-FullRefined",3,"full",16,1,0,0.1,0,0,NA,NA,NA
"BaronPancreas","Pancreas","Human","DeepSeekCell-FullRefined",3,"full",16,2,0.1,0.2,0,0,NA,NA,NA
"BaronPancreas","Pancreas","Human","DeepSeekCell-FullRefined",3,"full",16,3,0.2,0.3,0,0,NA,NA,NA
"BaronPancreas","Pancreas","Human","DeepSeekCell-FullRefined",3,"full",16,4,0.3,0.4,0,0,NA,NA,NA
"BaronPancreas","Pancreas","Human","DeepSeekCell-FullRefined",3,"full",16,5,0.4,0.5,0,0,NA,NA,NA
"BaronPancreas","Pancreas","Human","DeepSeekCell-FullRefined",3,"full",16,6,0.5,0.6,0,0,NA,NA,NA
"BaronPancreas","Pancreas","Human","DeepSeekCell-FullRefined",3,"full",16,7,0.6,0.7,0,0,NA,NA,NA
"BaronPancreas","Pancreas","Human","DeepSeekCell-FullRefined",3,"full",16,8,0.7,0.8,3,0.1875,0.758333333333333,0.666666666666667,0.0916666666666667
"BaronPancreas","Pancreas","Human","DeepSeekCell-FullRefined",3,"full",16,9,0.8,0.9,12,0.75,0.819916666666667,0.75,0.0699166666666666
"BaronPancreas","Pancreas","Human","DeepSeekCell-FullRefined",3,"full",16,10,0.9,1,1,0.0625,0.951,1,0.049
"MuraroPancreas","Pancreas","Human","DeepSeek-Plain",3,"none",0,1,0,0.1,0,0,NA,NA,NA
"MuraroPancreas","Pancreas","Human","DeepSeek-Plain",3,"none",0,2,0.1,0.2,0,0,NA,NA,NA
"MuraroPancreas","Pancreas","Human","DeepSeek-Plain",3,"none",0,3,0.2,0.3,0,0,NA,NA,NA
"MuraroPancreas","Pancreas","Human","DeepSeek-Plain",3,"none",0,4,0.3,0.4,0,0,NA,NA,NA
"MuraroPancreas","Pancreas","Human","DeepSeek-Plain",3,"none",0,5,0.4,0.5,0,0,NA,NA,NA
"MuraroPancreas","Pancreas","Human","DeepSeek-Plain",3,"none",0,6,0.5,0.6,1,0.0909090909090909,0.6,0,0.6
"MuraroPancreas","Pancreas","Human","DeepSeek-Plain",3,"none",0,7,0.6,0.7,0,0,NA,NA,NA
"MuraroPancreas","Pancreas","Human","DeepSeek-Plain",3,"none",0,8,0.7,0.8,0,0,NA,NA,NA
"MuraroPancreas","Pancreas","Human","DeepSeek-Plain",3,"none",0,9,0.8,0.9,2,0.181818181818182,0.875,1,0.125
"MuraroPancreas","Pancreas","Human","DeepSeek-Plain",3,"none",0,10,0.9,1,8,0.727272727272727,0.95,0.875,0.075
"MuraroPancreas","Pancreas","Human","DeepSeekCell-Evidence",3,"none",0,1,0,0.1,0,0,NA,NA,NA
"MuraroPancreas","Pancreas","Human","DeepSeekCell-Evidence",3,"none",0,2,0.1,0.2,0,0,NA,NA,NA
"MuraroPancreas","Pancreas","Human","DeepSeekCell-Evidence",3,"none",0,3,0.2,0.3,0,0,NA,NA,NA
"MuraroPancreas","Pancreas","Human","DeepSeekCell-Evidence",3,"none",0,4,0.3,0.4,0,0,NA,NA,NA
"MuraroPancreas","Pancreas","Human","DeepSeekCell-Evidence",3,"none",0,5,0.4,0.5,0,0,NA,NA,NA
"MuraroPancreas","Pancreas","Human","DeepSeekCell-Evidence",3,"none",0,6,0.5,0.6,1,0.0909090909090909,0.6,0,0.6
"MuraroPancreas","Pancreas","Human","DeepSeekCell-Evidence",3,"none",0,7,0.6,0.7,0,0,NA,NA,NA
"MuraroPancreas","Pancreas","Human","DeepSeekCell-Evidence",3,"none",0,8,0.7,0.8,0,0,NA,NA,NA
"MuraroPancreas","Pancreas","Human","DeepSeekCell-Evidence",3,"none",0,9,0.8,0.9,2,0.181818181818182,0.875,1,0.125
"MuraroPancreas","Pancreas","Human","DeepSeekCell-Evidence",3,"none",0,10,0.9,1,8,0.727272727272727,0.95,0.875,0.075
"MuraroPancreas","Pancreas","Human","DeepSeekCell-Calibrated",3,"none",0,1,0,0.1,0,0,NA,NA,NA
"MuraroPancreas","Pancreas","Human","DeepSeekCell-Calibrated",3,"none",0,2,0.1,0.2,0,0,NA,NA,NA
"MuraroPancreas","Pancreas","Human","DeepSeekCell-Calibrated",3,"none",0,3,0.2,0.3,0,0,NA,NA,NA
"MuraroPancreas","Pancreas","Human","DeepSeekCell-Calibrated",3,"none",0,4,0.3,0.4,0,0,NA,NA,NA
"MuraroPancreas","Pancreas","Human","DeepSeekCell-Calibrated",3,"none",0,5,0.4,0.5,1,0.0909090909090909,0.49,0,0.49
"MuraroPancreas","Pancreas","Human","DeepSeekCell-Calibrated",3,"none",0,6,0.5,0.6,0,0,NA,NA,NA
"MuraroPancreas","Pancreas","Human","DeepSeekCell-Calibrated",3,"none",0,7,0.6,0.7,1,0.0909090909090909,0.69,1,0.31
"MuraroPancreas","Pancreas","Human","DeepSeekCell-Calibrated",3,"none",0,8,0.7,0.8,2,0.181818181818182,0.7535,1,0.2465
"MuraroPancreas","Pancreas","Human","DeepSeekCell-Calibrated",3,"none",0,9,0.8,0.9,7,0.636363636363636,0.834857142857143,0.857142857142857,0.0222857142857142
"MuraroPancreas","Pancreas","Human","DeepSeekCell-Calibrated",3,"none",0,10,0.9,1,0,0,NA,NA,NA
"MuraroPancreas","Pancreas","Human","DeepSeekCell-SelfRefined",3,"evidence-k",0,1,0,0.1,0,0,NA,NA,NA
"MuraroPancreas","Pancreas","Human","DeepSeekCell-SelfRefined",3,"evidence-k",0,2,0.1,0.2,0,0,NA,NA,NA
"MuraroPancreas","Pancreas","Human","DeepSeekCell-SelfRefined",3,"evidence-k",0,3,0.2,0.3,0,0,NA,NA,NA
"MuraroPancreas","Pancreas","Human","DeepSeekCell-SelfRefined",3,"evidence-k",0,4,0.3,0.4,0,0,NA,NA,NA
"MuraroPancreas","Pancreas","Human","DeepSeekCell-SelfRefined",3,"evidence-k",0,5,0.4,0.5,1,0.0909090909090909,0.49,0,0.49
"MuraroPancreas","Pancreas","Human","DeepSeekCell-SelfRefined",3,"evidence-k",0,6,0.5,0.6,0,0,NA,NA,NA
"MuraroPancreas","Pancreas","Human","DeepSeekCell-SelfRefined",3,"evidence-k",0,7,0.6,0.7,1,0.0909090909090909,0.69,1,0.31
"MuraroPancreas","Pancreas","Human","DeepSeekCell-SelfRefined",3,"evidence-k",0,8,0.7,0.8,2,0.181818181818182,0.7535,1,0.2465
"MuraroPancreas","Pancreas","Human","DeepSeekCell-SelfRefined",3,"evidence-k",0,9,0.8,0.9,7,0.636363636363636,0.834857142857143,0.857142857142857,0.0222857142857142
"MuraroPancreas","Pancreas","Human","DeepSeekCell-SelfRefined",3,"evidence-k",0,10,0.9,1,0,0,NA,NA,NA
"MuraroPancreas","Pancreas","Human","DeepSeekCell-RandomK",3,"random-k",0,1,0,0.1,0,0,NA,NA,NA
"MuraroPancreas","Pancreas","Human","DeepSeekCell-RandomK",3,"random-k",0,2,0.1,0.2,0,0,NA,NA,NA
"MuraroPancreas","Pancreas","Human","DeepSeekCell-RandomK",3,"random-k",0,3,0.2,0.3,0,0,NA,NA,NA
"MuraroPancreas","Pancreas","Human","DeepSeekCell-RandomK",3,"random-k",0,4,0.3,0.4,0,0,NA,NA,NA
"MuraroPancreas","Pancreas","Human","DeepSeekCell-RandomK",3,"random-k",0,5,0.4,0.5,1,0.0909090909090909,0.49,0,0.49
"MuraroPancreas","Pancreas","Human","DeepSeekCell-RandomK",3,"random-k",0,6,0.5,0.6,0,0,NA,NA,NA
"MuraroPancreas","Pancreas","Human","DeepSeekCell-RandomK",3,"random-k",0,7,0.6,0.7,1,0.0909090909090909,0.69,1,0.31
"MuraroPancreas","Pancreas","Human","DeepSeekCell-RandomK",3,"random-k",0,8,0.7,0.8,2,0.181818181818182,0.7535,1,0.2465
"MuraroPancreas","Pancreas","Human","DeepSeekCell-RandomK",3,"random-k",0,9,0.8,0.9,7,0.636363636363636,0.834857142857143,0.857142857142857,0.0222857142857142
"MuraroPancreas","Pancreas","Human","DeepSeekCell-RandomK",3,"random-k",0,10,0.9,1,0,0,NA,NA,NA
"MuraroPancreas","Pancreas","Human","DeepSeekCell-ConfidenceK",3,"confidence-k",0,1,0,0.1,0,0,NA,NA,NA
"MuraroPancreas","Pancreas","Human","DeepSeekCell-ConfidenceK",3,"confidence-k",0,2,0.1,0.2,0,0,NA,NA,NA
"MuraroPancreas","Pancreas","Human","DeepSeekCell-ConfidenceK",3,"confidence-k",0,3,0.2,0.3,0,0,NA,NA,NA
"MuraroPancreas","Pancreas","Human","DeepSeekCell-ConfidenceK",3,"confidence-k",0,4,0.3,0.4,0,0,NA,NA,NA
"MuraroPancreas","Pancreas","Human","DeepSeekCell-ConfidenceK",3,"confidence-k",0,5,0.4,0.5,1,0.0909090909090909,0.49,0,0.49
"MuraroPancreas","Pancreas","Human","DeepSeekCell-ConfidenceK",3,"confidence-k",0,6,0.5,0.6,0,0,NA,NA,NA
"MuraroPancreas","Pancreas","Human","DeepSeekCell-ConfidenceK",3,"confidence-k",0,7,0.6,0.7,1,0.0909090909090909,0.69,1,0.31
"MuraroPancreas","Pancreas","Human","DeepSeekCell-ConfidenceK",3,"confidence-k",0,8,0.7,0.8,2,0.181818181818182,0.7535,1,0.2465
"MuraroPancreas","Pancreas","Human","DeepSeekCell-ConfidenceK",3,"confidence-k",0,9,0.8,0.9,7,0.636363636363636,0.834857142857143,0.857142857142857,0.0222857142857142
"MuraroPancreas","Pancreas","Human","DeepSeekCell-ConfidenceK",3,"confidence-k",0,10,0.9,1,0,0,NA,NA,NA
"MuraroPancreas","Pancreas","Human","DeepSeekCell-FullRefined",3,"full",11,1,0,0.1,0,0,NA,NA,NA
"MuraroPancreas","Pancreas","Human","DeepSeekCell-FullRefined",3,"full",11,2,0.1,0.2,0,0,NA,NA,NA
"MuraroPancreas","Pancreas","Human","DeepSeekCell-FullRefined",3,"full",11,3,0.2,0.3,0,0,NA,NA,NA
"MuraroPancreas","Pancreas","Human","DeepSeekCell-FullRefined",3,"full",11,4,0.3,0.4,0,0,NA,NA,NA
"MuraroPancreas","Pancreas","Human","DeepSeekCell-FullRefined",3,"full",11,5,0.4,0.5,0,0,NA,NA,NA
"MuraroPancreas","Pancreas","Human","DeepSeekCell-FullRefined",3,"full",11,6,0.5,0.6,1,0.0909090909090909,0.545,0,0.545
"MuraroPancreas","Pancreas","Human","DeepSeekCell-FullRefined",3,"full",11,7,0.6,0.7,1,0.0909090909090909,0.69,1,0.31
"MuraroPancreas","Pancreas","Human","DeepSeekCell-FullRefined",3,"full",11,8,0.7,0.8,2,0.181818181818182,0.7535,1,0.2465
"MuraroPancreas","Pancreas","Human","DeepSeekCell-FullRefined",3,"full",11,9,0.8,0.9,7,0.636363636363636,0.834857142857143,0.857142857142857,0.0222857142857142
"MuraroPancreas","Pancreas","Human","DeepSeekCell-FullRefined",3,"full",11,10,0.9,1,0,0,NA,NA,NA
"TasicBrain","Brain","Mouse","DeepSeek-Plain",3,"none",0,1,0,0.1,0,0,NA,NA,NA
"TasicBrain","Brain","Mouse","DeepSeek-Plain",3,"none",0,2,0.1,0.2,0,0,NA,NA,NA
"TasicBrain","Brain","Mouse","DeepSeek-Plain",3,"none",0,3,0.2,0.3,0,0,NA,NA,NA
"TasicBrain","Brain","Mouse","DeepSeek-Plain",3,"none",0,4,0.3,0.4,0,0,NA,NA,NA
"TasicBrain","Brain","Mouse","DeepSeek-Plain",3,"none",0,5,0.4,0.5,0,0,NA,NA,NA
"TasicBrain","Brain","Mouse","DeepSeek-Plain",3,"none",0,6,0.5,0.6,0,0,NA,NA,NA
"TasicBrain","Brain","Mouse","DeepSeek-Plain",3,"none",0,7,0.6,0.7,1,0.0666666666666667,0.7,1,0.3
"TasicBrain","Brain","Mouse","DeepSeek-Plain",3,"none",0,8,0.7,0.8,1,0.0666666666666667,0.8,1,0.2
"TasicBrain","Brain","Mouse","DeepSeek-Plain",3,"none",0,9,0.8,0.9,3,0.2,0.866666666666667,1,0.133333333333333
"TasicBrain","Brain","Mouse","DeepSeek-Plain",3,"none",0,10,0.9,1,10,0.666666666666667,0.95,1,0.05
"TasicBrain","Brain","Mouse","DeepSeekCell-Evidence",3,"none",0,1,0,0.1,0,0,NA,NA,NA
"TasicBrain","Brain","Mouse","DeepSeekCell-Evidence",3,"none",0,2,0.1,0.2,0,0,NA,NA,NA
"TasicBrain","Brain","Mouse","DeepSeekCell-Evidence",3,"none",0,3,0.2,0.3,0,0,NA,NA,NA
"TasicBrain","Brain","Mouse","DeepSeekCell-Evidence",3,"none",0,4,0.3,0.4,0,0,NA,NA,NA
"TasicBrain","Brain","Mouse","DeepSeekCell-Evidence",3,"none",0,5,0.4,0.5,0,0,NA,NA,NA
"TasicBrain","Brain","Mouse","DeepSeekCell-Evidence",3,"none",0,6,0.5,0.6,0,0,NA,NA,NA
"TasicBrain","Brain","Mouse","DeepSeekCell-Evidence",3,"none",0,7,0.6,0.7,1,0.0666666666666667,0.7,1,0.3
"TasicBrain","Brain","Mouse","DeepSeekCell-Evidence",3,"none",0,8,0.7,0.8,1,0.0666666666666667,0.8,1,0.2
"TasicBrain","Brain","Mouse","DeepSeekCell-Evidence",3,"none",0,9,0.8,0.9,3,0.2,0.866666666666667,1,0.133333333333333
"TasicBrain","Brain","Mouse","DeepSeekCell-Evidence",3,"none",0,10,0.9,1,10,0.666666666666667,0.95,1,0.05
"TasicBrain","Brain","Mouse","DeepSeekCell-Calibrated",3,"none",0,1,0,0.1,0,0,NA,NA,NA
"TasicBrain","Brain","Mouse","DeepSeekCell-Calibrated",3,"none",0,2,0.1,0.2,0,0,NA,NA,NA
"TasicBrain","Brain","Mouse","DeepSeekCell-Calibrated",3,"none",0,3,0.2,0.3,0,0,NA,NA,NA
"TasicBrain","Brain","Mouse","DeepSeekCell-Calibrated",3,"none",0,4,0.3,0.4,0,0,NA,NA,NA
"TasicBrain","Brain","Mouse","DeepSeekCell-Calibrated",3,"none",0,5,0.4,0.5,0,0,NA,NA,NA
"TasicBrain","Brain","Mouse","DeepSeekCell-Calibrated",3,"none",0,6,0.5,0.6,0,0,NA,NA,NA
"TasicBrain","Brain","Mouse","DeepSeekCell-Calibrated",3,"none",0,7,0.6,0.7,0,0,NA,NA,NA
"TasicBrain","Brain","Mouse","DeepSeekCell-Calibrated",3,"none",0,8,0.7,0.8,5,0.333333333333333,0.7804,1,0.2196
"TasicBrain","Brain","Mouse","DeepSeekCell-Calibrated",3,"none",0,9,0.8,0.9,8,0.533333333333333,0.834125,1,0.165875
"TasicBrain","Brain","Mouse","DeepSeekCell-Calibrated",3,"none",0,10,0.9,1,2,0.133333333333333,0.941,1,0.0590000000000001
"TasicBrain","Brain","Mouse","DeepSeekCell-SelfRefined",3,"evidence-k",0,1,0,0.1,0,0,NA,NA,NA
"TasicBrain","Brain","Mouse","DeepSeekCell-SelfRefined",3,"evidence-k",0,2,0.1,0.2,0,0,NA,NA,NA
"TasicBrain","Brain","Mouse","DeepSeekCell-SelfRefined",3,"evidence-k",0,3,0.2,0.3,0,0,NA,NA,NA
"TasicBrain","Brain","Mouse","DeepSeekCell-SelfRefined",3,"evidence-k",0,4,0.3,0.4,0,0,NA,NA,NA
"TasicBrain","Brain","Mouse","DeepSeekCell-SelfRefined",3,"evidence-k",0,5,0.4,0.5,0,0,NA,NA,NA
"TasicBrain","Brain","Mouse","DeepSeekCell-SelfRefined",3,"evidence-k",0,6,0.5,0.6,0,0,NA,NA,NA
"TasicBrain","Brain","Mouse","DeepSeekCell-SelfRefined",3,"evidence-k",0,7,0.6,0.7,0,0,NA,NA,NA
"TasicBrain","Brain","Mouse","DeepSeekCell-SelfRefined",3,"evidence-k",0,8,0.7,0.8,5,0.333333333333333,0.7804,1,0.2196
"TasicBrain","Brain","Mouse","DeepSeekCell-SelfRefined",3,"evidence-k",0,9,0.8,0.9,8,0.533333333333333,0.834125,1,0.165875
"TasicBrain","Brain","Mouse","DeepSeekCell-SelfRefined",3,"evidence-k",0,10,0.9,1,2,0.133333333333333,0.941,1,0.0590000000000001
"TasicBrain","Brain","Mouse","DeepSeekCell-RandomK",3,"random-k",0,1,0,0.1,0,0,NA,NA,NA
"TasicBrain","Brain","Mouse","DeepSeekCell-RandomK",3,"random-k",0,2,0.1,0.2,0,0,NA,NA,NA
"TasicBrain","Brain","Mouse","DeepSeekCell-RandomK",3,"random-k",0,3,0.2,0.3,0,0,NA,NA,NA
"TasicBrain","Brain","Mouse","DeepSeekCell-RandomK",3,"random-k",0,4,0.3,0.4,0,0,NA,NA,NA
"TasicBrain","Brain","Mouse","DeepSeekCell-RandomK",3,"random-k",0,5,0.4,0.5,0,0,NA,NA,NA
"TasicBrain","Brain","Mouse","DeepSeekCell-RandomK",3,"random-k",0,6,0.5,0.6,0,0,NA,NA,NA
"TasicBrain","Brain","Mouse","DeepSeekCell-RandomK",3,"random-k",0,7,0.6,0.7,0,0,NA,NA,NA
"TasicBrain","Brain","Mouse","DeepSeekCell-RandomK",3,"random-k",0,8,0.7,0.8,5,0.333333333333333,0.7804,1,0.2196
"TasicBrain","Brain","Mouse","DeepSeekCell-RandomK",3,"random-k",0,9,0.8,0.9,8,0.533333333333333,0.834125,1,0.165875
"TasicBrain","Brain","Mouse","DeepSeekCell-RandomK",3,"random-k",0,10,0.9,1,2,0.133333333333333,0.941,1,0.0590000000000001
"TasicBrain","Brain","Mouse","DeepSeekCell-ConfidenceK",3,"confidence-k",0,1,0,0.1,0,0,NA,NA,NA
"TasicBrain","Brain","Mouse","DeepSeekCell-ConfidenceK",3,"confidence-k",0,2,0.1,0.2,0,0,NA,NA,NA
"TasicBrain","Brain","Mouse","DeepSeekCell-ConfidenceK",3,"confidence-k",0,3,0.2,0.3,0,0,NA,NA,NA
"TasicBrain","Brain","Mouse","DeepSeekCell-ConfidenceK",3,"confidence-k",0,4,0.3,0.4,0,0,NA,NA,NA
"TasicBrain","Brain","Mouse","DeepSeekCell-ConfidenceK",3,"confidence-k",0,5,0.4,0.5,0,0,NA,NA,NA
"TasicBrain","Brain","Mouse","DeepSeekCell-ConfidenceK",3,"confidence-k",0,6,0.5,0.6,0,0,NA,NA,NA
"TasicBrain","Brain","Mouse","DeepSeekCell-ConfidenceK",3,"confidence-k",0,7,0.6,0.7,0,0,NA,NA,NA
"TasicBrain","Brain","Mouse","DeepSeekCell-ConfidenceK",3,"confidence-k",0,8,0.7,0.8,5,0.333333333333333,0.7804,1,0.2196
"TasicBrain","Brain","Mouse","DeepSeekCell-ConfidenceK",3,"confidence-k",0,9,0.8,0.9,8,0.533333333333333,0.834125,1,0.165875
"TasicBrain","Brain","Mouse","DeepSeekCell-ConfidenceK",3,"confidence-k",0,10,0.9,1,2,0.133333333333333,0.941,1,0.0590000000000001
"TasicBrain","Brain","Mouse","DeepSeekCell-FullRefined",3,"full",15,1,0,0.1,0,0,NA,NA,NA
"TasicBrain","Brain","Mouse","DeepSeekCell-FullRefined",3,"full",15,2,0.1,0.2,0,0,NA,NA,NA
"TasicBrain","Brain","Mouse","DeepSeekCell-FullRefined",3,"full",15,3,0.2,0.3,0,0,NA,NA,NA
"TasicBrain","Brain","Mouse","DeepSeekCell-FullRefined",3,"full",15,4,0.3,0.4,0,0,NA,NA,NA
"TasicBrain","Brain","Mouse","DeepSeekCell-FullRefined",3,"full",15,5,0.4,0.5,0,0,NA,NA,NA
"TasicBrain","Brain","Mouse","DeepSeekCell-FullRefined",3,"full",15,6,0.5,0.6,0,0,NA,NA,NA
"TasicBrain","Brain","Mouse","DeepSeekCell-FullRefined",3,"full",15,7,0.6,0.7,0,0,NA,NA,NA
"TasicBrain","Brain","Mouse","DeepSeekCell-FullRefined",3,"full",15,8,0.7,0.8,5,0.333333333333333,0.7804,1,0.2196
"TasicBrain","Brain","Mouse","DeepSeekCell-FullRefined",3,"full",15,9,0.8,0.9,8,0.533333333333333,0.834125,1,0.165875
"TasicBrain","Brain","Mouse","DeepSeekCell-FullRefined",3,"full",15,10,0.9,1,2,0.133333333333333,0.941,1,0.0590000000000001
"ZeiselBrain","Brain","Mouse","DeepSeek-Plain",3,"none",0,1,0,0.1,0,0,NA,NA,NA
"ZeiselBrain","Brain","Mouse","DeepSeek-Plain",3,"none",0,2,0.1,0.2,0,0,NA,NA,NA
"ZeiselBrain","Brain","Mouse","DeepSeek-Plain",3,"none",0,3,0.2,0.3,0,0,NA,NA,NA
"ZeiselBrain","Brain","Mouse","DeepSeek-Plain",3,"none",0,4,0.3,0.4,0,0,NA,NA,NA
"ZeiselBrain","Brain","Mouse","DeepSeek-Plain",3,"none",0,5,0.4,0.5,0,0,NA,NA,NA
"ZeiselBrain","Brain","Mouse","DeepSeek-Plain",3,"none",0,6,0.5,0.6,1,0.0625,0.6,0,0.6
"ZeiselBrain","Brain","Mouse","DeepSeek-Plain",3,"none",0,7,0.6,0.7,0,0,NA,NA,NA
"ZeiselBrain","Brain","Mouse","DeepSeek-Plain",3,"none",0,8,0.7,0.8,0,0,NA,NA,NA
"ZeiselBrain","Brain","Mouse","DeepSeek-Plain",3,"none",0,9,0.8,0.9,4,0.25,0.8875,0.5,0.3875
"ZeiselBrain","Brain","Mouse","DeepSeek-Plain",3,"none",0,10,0.9,1,11,0.6875,0.963636363636364,0.818181818181818,0.145454545454545
"ZeiselBrain","Brain","Mouse","DeepSeekCell-Evidence",3,"none",0,1,0,0.1,0,0,NA,NA,NA
"ZeiselBrain","Brain","Mouse","DeepSeekCell-Evidence",3,"none",0,2,0.1,0.2,0,0,NA,NA,NA
"ZeiselBrain","Brain","Mouse","DeepSeekCell-Evidence",3,"none",0,3,0.2,0.3,0,0,NA,NA,NA
"ZeiselBrain","Brain","Mouse","DeepSeekCell-Evidence",3,"none",0,4,0.3,0.4,0,0,NA,NA,NA
"ZeiselBrain","Brain","Mouse","DeepSeekCell-Evidence",3,"none",0,5,0.4,0.5,0,0,NA,NA,NA
"ZeiselBrain","Brain","Mouse","DeepSeekCell-Evidence",3,"none",0,6,0.5,0.6,1,0.0625,0.6,0,0.6
"ZeiselBrain","Brain","Mouse","DeepSeekCell-Evidence",3,"none",0,7,0.6,0.7,0,0,NA,NA,NA
"ZeiselBrain","Brain","Mouse","DeepSeekCell-Evidence",3,"none",0,8,0.7,0.8,0,0,NA,NA,NA
"ZeiselBrain","Brain","Mouse","DeepSeekCell-Evidence",3,"none",0,9,0.8,0.9,4,0.25,0.8875,0.5,0.3875
"ZeiselBrain","Brain","Mouse","DeepSeekCell-Evidence",3,"none",0,10,0.9,1,11,0.6875,0.963636363636364,0.818181818181818,0.145454545454545
"ZeiselBrain","Brain","Mouse","DeepSeekCell-Calibrated",3,"none",0,1,0,0.1,0,0,NA,NA,NA
"ZeiselBrain","Brain","Mouse","DeepSeekCell-Calibrated",3,"none",0,2,0.1,0.2,0,0,NA,NA,NA
"ZeiselBrain","Brain","Mouse","DeepSeekCell-Calibrated",3,"none",0,3,0.2,0.3,0,0,NA,NA,NA
"ZeiselBrain","Brain","Mouse","DeepSeekCell-Calibrated",3,"none",0,4,0.3,0.4,0,0,NA,NA,NA
"ZeiselBrain","Brain","Mouse","DeepSeekCell-Calibrated",3,"none",0,5,0.4,0.5,1,0.0625,0.49,0,0.49
"ZeiselBrain","Brain","Mouse","DeepSeekCell-Calibrated",3,"none",0,6,0.5,0.6,0,0,NA,NA,NA
"ZeiselBrain","Brain","Mouse","DeepSeekCell-Calibrated",3,"none",0,7,0.6,0.7,0,0,NA,NA,NA
"ZeiselBrain","Brain","Mouse","DeepSeekCell-Calibrated",3,"none",0,8,0.7,0.8,4,0.25,0.7745,0.75,0.0245
"ZeiselBrain","Brain","Mouse","DeepSeekCell-Calibrated",3,"none",0,9,0.8,0.9,7,0.4375,0.848428571428571,0.571428571428571,0.277
"ZeiselBrain","Brain","Mouse","DeepSeekCell-Calibrated",3,"none",0,10,0.9,1,4,0.25,0.94075,1,0.05925
"ZeiselBrain","Brain","Mouse","DeepSeekCell-SelfRefined",3,"evidence-k",1,1,0,0.1,0,0,NA,NA,NA
"ZeiselBrain","Brain","Mouse","DeepSeekCell-SelfRefined",3,"evidence-k",1,2,0.1,0.2,0,0,NA,NA,NA
"ZeiselBrain","Brain","Mouse","DeepSeekCell-SelfRefined",3,"evidence-k",1,3,0.2,0.3,0,0,NA,NA,NA
"ZeiselBrain","Brain","Mouse","DeepSeekCell-SelfRefined",3,"evidence-k",1,4,0.3,0.4,0,0,NA,NA,NA
"ZeiselBrain","Brain","Mouse","DeepSeekCell-SelfRefined",3,"evidence-k",1,5,0.4,0.5,1,0.0625,0.49,0,0.49
"ZeiselBrain","Brain","Mouse","DeepSeekCell-SelfRefined",3,"evidence-k",1,6,0.5,0.6,0,0,NA,NA,NA
"ZeiselBrain","Brain","Mouse","DeepSeekCell-SelfRefined",3,"evidence-k",1,7,0.6,0.7,0,0,NA,NA,NA
"ZeiselBrain","Brain","Mouse","DeepSeekCell-SelfRefined",3,"evidence-k",1,8,0.7,0.8,3,0.1875,0.793,1,0.207
"ZeiselBrain","Brain","Mouse","DeepSeekCell-SelfRefined",3,"evidence-k",1,9,0.8,0.9,8,0.5,0.850375,0.625,0.225375
"ZeiselBrain","Brain","Mouse","DeepSeekCell-SelfRefined",3,"evidence-k",1,10,0.9,1,4,0.25,0.94075,1,0.05925
"ZeiselBrain","Brain","Mouse","DeepSeekCell-RandomK",3,"random-k",1,1,0,0.1,0,0,NA,NA,NA
"ZeiselBrain","Brain","Mouse","DeepSeekCell-RandomK",3,"random-k",1,2,0.1,0.2,0,0,NA,NA,NA
"ZeiselBrain","Brain","Mouse","DeepSeekCell-RandomK",3,"random-k",1,3,0.2,0.3,0,0,NA,NA,NA
"ZeiselBrain","Brain","Mouse","DeepSeekCell-RandomK",3,"random-k",1,4,0.3,0.4,0,0,NA,NA,NA
"ZeiselBrain","Brain","Mouse","DeepSeekCell-RandomK",3,"random-k",1,5,0.4,0.5,1,0.0625,0.49,0,0.49
"ZeiselBrain","Brain","Mouse","DeepSeekCell-RandomK",3,"random-k",1,6,0.5,0.6,0,0,NA,NA,NA
"ZeiselBrain","Brain","Mouse","DeepSeekCell-RandomK",3,"random-k",1,7,0.6,0.7,0,0,NA,NA,NA
"ZeiselBrain","Brain","Mouse","DeepSeekCell-RandomK",3,"random-k",1,8,0.7,0.8,4,0.25,0.7745,0.75,0.0245
"ZeiselBrain","Brain","Mouse","DeepSeekCell-RandomK",3,"random-k",1,9,0.8,0.9,7,0.4375,0.848428571428571,0.571428571428571,0.277
"ZeiselBrain","Brain","Mouse","DeepSeekCell-RandomK",3,"random-k",1,10,0.9,1,4,0.25,0.94075,1,0.05925
"ZeiselBrain","Brain","Mouse","DeepSeekCell-ConfidenceK",3,"confidence-k",1,1,0,0.1,0,0,NA,NA,NA
"ZeiselBrain","Brain","Mouse","DeepSeekCell-ConfidenceK",3,"confidence-k",1,2,0.1,0.2,0,0,NA,NA,NA
"ZeiselBrain","Brain","Mouse","DeepSeekCell-ConfidenceK",3,"confidence-k",1,3,0.2,0.3,0,0,NA,NA,NA
"ZeiselBrain","Brain","Mouse","DeepSeekCell-ConfidenceK",3,"confidence-k",1,4,0.3,0.4,0,0,NA,NA,NA
"ZeiselBrain","Brain","Mouse","DeepSeekCell-ConfidenceK",3,"confidence-k",1,5,0.4,0.5,0,0,NA,NA,NA
"ZeiselBrain","Brain","Mouse","DeepSeekCell-ConfidenceK",3,"confidence-k",1,6,0.5,0.6,0,0,NA,NA,NA
"ZeiselBrain","Brain","Mouse","DeepSeekCell-ConfidenceK",3,"confidence-k",1,7,0.6,0.7,0,0,NA,NA,NA
"ZeiselBrain","Brain","Mouse","DeepSeekCell-ConfidenceK",3,"confidence-k",1,8,0.7,0.8,5,0.3125,0.7606,0.6,0.1606
"ZeiselBrain","Brain","Mouse","DeepSeekCell-ConfidenceK",3,"confidence-k",1,9,0.8,0.9,7,0.4375,0.848428571428571,0.571428571428571,0.277
"ZeiselBrain","Brain","Mouse","DeepSeekCell-ConfidenceK",3,"confidence-k",1,10,0.9,1,4,0.25,0.94075,1,0.05925
"ZeiselBrain","Brain","Mouse","DeepSeekCell-FullRefined",3,"full",16,1,0,0.1,0,0,NA,NA,NA
"ZeiselBrain","Brain","Mouse","DeepSeekCell-FullRefined",3,"full",16,2,0.1,0.2,0,0,NA,NA,NA
"ZeiselBrain","Brain","Mouse","DeepSeekCell-FullRefined",3,"full",16,3,0.2,0.3,0,0,NA,NA,NA
"ZeiselBrain","Brain","Mouse","DeepSeekCell-FullRefined",3,"full",16,4,0.3,0.4,0,0,NA,NA,NA
"ZeiselBrain","Brain","Mouse","DeepSeekCell-FullRefined",3,"full",16,5,0.4,0.5,0,0,NA,NA,NA
"ZeiselBrain","Brain","Mouse","DeepSeekCell-FullRefined",3,"full",16,6,0.5,0.6,1,0.0625,0.545,0,0.545
"ZeiselBrain","Brain","Mouse","DeepSeekCell-FullRefined",3,"full",16,7,0.6,0.7,0,0,NA,NA,NA
"ZeiselBrain","Brain","Mouse","DeepSeekCell-FullRefined",3,"full",16,8,0.7,0.8,4,0.25,0.7745,0.75,0.0245
"ZeiselBrain","Brain","Mouse","DeepSeekCell-FullRefined",3,"full",16,9,0.8,0.9,7,0.4375,0.848428571428571,0.571428571428571,0.277
"ZeiselBrain","Brain","Mouse","DeepSeekCell-FullRefined",3,"full",16,10,0.9,1,4,0.25,0.94075,1,0.05925
"ZilionisLung","Lung","Human","DeepSeek-Plain",3,"none",0,1,0,0.1,0,0,NA,NA,NA
"ZilionisLung","Lung","Human","DeepSeek-Plain",3,"none",0,2,0.1,0.2,0,0,NA,NA,NA
"ZilionisLung","Lung","Human","DeepSeek-Plain",3,"none",0,3,0.2,0.3,0,0,NA,NA,NA
"ZilionisLung","Lung","Human","DeepSeek-Plain",3,"none",0,4,0.3,0.4,0,0,NA,NA,NA
"ZilionisLung","Lung","Human","DeepSeek-Plain",3,"none",0,5,0.4,0.5,18,1,0.5,0,0.5
"ZilionisLung","Lung","Human","DeepSeek-Plain",3,"none",0,6,0.5,0.6,0,0,NA,NA,NA
"ZilionisLung","Lung","Human","DeepSeek-Plain",3,"none",0,7,0.6,0.7,0,0,NA,NA,NA
"ZilionisLung","Lung","Human","DeepSeek-Plain",3,"none",0,8,0.7,0.8,0,0,NA,NA,NA
"ZilionisLung","Lung","Human","DeepSeek-Plain",3,"none",0,9,0.8,0.9,0,0,NA,NA,NA
"ZilionisLung","Lung","Human","DeepSeek-Plain",3,"none",0,10,0.9,1,0,0,NA,NA,NA
"ZilionisLung","Lung","Human","DeepSeekCell-Evidence",3,"none",0,1,0,0.1,0,0,NA,NA,NA
"ZilionisLung","Lung","Human","DeepSeekCell-Evidence",3,"none",0,2,0.1,0.2,0,0,NA,NA,NA
"ZilionisLung","Lung","Human","DeepSeekCell-Evidence",3,"none",0,3,0.2,0.3,0,0,NA,NA,NA
"ZilionisLung","Lung","Human","DeepSeekCell-Evidence",3,"none",0,4,0.3,0.4,0,0,NA,NA,NA
"ZilionisLung","Lung","Human","DeepSeekCell-Evidence",3,"none",0,5,0.4,0.5,18,1,0.5,0,0.5
"ZilionisLung","Lung","Human","DeepSeekCell-Evidence",3,"none",0,6,0.5,0.6,0,0,NA,NA,NA
"ZilionisLung","Lung","Human","DeepSeekCell-Evidence",3,"none",0,7,0.6,0.7,0,0,NA,NA,NA
"ZilionisLung","Lung","Human","DeepSeekCell-Evidence",3,"none",0,8,0.7,0.8,0,0,NA,NA,NA
"ZilionisLung","Lung","Human","DeepSeekCell-Evidence",3,"none",0,9,0.8,0.9,0,0,NA,NA,NA
"ZilionisLung","Lung","Human","DeepSeekCell-Evidence",3,"none",0,10,0.9,1,0,0,NA,NA,NA
"ZilionisLung","Lung","Human","DeepSeekCell-Calibrated",3,"none",0,1,0,0.1,0,0,NA,NA,NA
"ZilionisLung","Lung","Human","DeepSeekCell-Calibrated",3,"none",0,2,0.1,0.2,0,0,NA,NA,NA
"ZilionisLung","Lung","Human","DeepSeekCell-Calibrated",3,"none",0,3,0.2,0.3,0,0,NA,NA,NA
"ZilionisLung","Lung","Human","DeepSeekCell-Calibrated",3,"none",0,4,0.3,0.4,6,0.333333333333333,0.372,0,0.372
"ZilionisLung","Lung","Human","DeepSeekCell-Calibrated",3,"none",0,5,0.4,0.5,5,0.277777777777778,0.41,0,0.41
"ZilionisLung","Lung","Human","DeepSeekCell-Calibrated",3,"none",0,6,0.5,0.6,7,0.388888888888889,0.535,0,0.535
"ZilionisLung","Lung","Human","DeepSeekCell-Calibrated",3,"none",0,7,0.6,0.7,0,0,NA,NA,NA
"ZilionisLung","Lung","Human","DeepSeekCell-Calibrated",3,"none",0,8,0.7,0.8,0,0,NA,NA,NA
"ZilionisLung","Lung","Human","DeepSeekCell-Calibrated",3,"none",0,9,0.8,0.9,0,0,NA,NA,NA
"ZilionisLung","Lung","Human","DeepSeekCell-Calibrated",3,"none",0,10,0.9,1,0,0,NA,NA,NA
"ZilionisLung","Lung","Human","DeepSeekCell-SelfRefined",3,"evidence-k",6,1,0,0.1,0,0,NA,NA,NA
"ZilionisLung","Lung","Human","DeepSeekCell-SelfRefined",3,"evidence-k",6,2,0.1,0.2,0,0,NA,NA,NA
"ZilionisLung","Lung","Human","DeepSeekCell-SelfRefined",3,"evidence-k",6,3,0.2,0.3,0,0,NA,NA,NA
"ZilionisLung","Lung","Human","DeepSeekCell-SelfRefined",3,"evidence-k",6,4,0.3,0.4,0,0,NA,NA,NA
"ZilionisLung","Lung","Human","DeepSeekCell-SelfRefined",3,"evidence-k",6,5,0.4,0.5,5,0.277777777777778,0.41,0,0.41
"ZilionisLung","Lung","Human","DeepSeekCell-SelfRefined",3,"evidence-k",6,6,0.5,0.6,7,0.388888888888889,0.535,0,0.535
"ZilionisLung","Lung","Human","DeepSeekCell-SelfRefined",3,"evidence-k",6,7,0.6,0.7,0,0,NA,NA,NA
"ZilionisLung","Lung","Human","DeepSeekCell-SelfRefined",3,"evidence-k",6,8,0.7,0.8,0,0,NA,NA,NA
"ZilionisLung","Lung","Human","DeepSeekCell-SelfRefined",3,"evidence-k",6,9,0.8,0.9,5,0.277777777777778,0.8582,0.6,0.2582
"ZilionisLung","Lung","Human","DeepSeekCell-SelfRefined",3,"evidence-k",6,10,0.9,1,1,0.0555555555555556,0.923,1,0.077
"ZilionisLung","Lung","Human","DeepSeekCell-RandomK",3,"random-k",6,1,0,0.1,0,0,NA,NA,NA
"ZilionisLung","Lung","Human","DeepSeekCell-RandomK",3,"random-k",6,2,0.1,0.2,0,0,NA,NA,NA
"ZilionisLung","Lung","Human","DeepSeekCell-RandomK",3,"random-k",6,3,0.2,0.3,0,0,NA,NA,NA
"ZilionisLung","Lung","Human","DeepSeekCell-RandomK",3,"random-k",6,4,0.3,0.4,4,0.222222222222222,0.372,0,0.372
"ZilionisLung","Lung","Human","DeepSeekCell-RandomK",3,"random-k",6,5,0.4,0.5,3,0.166666666666667,0.41,0,0.41
"ZilionisLung","Lung","Human","DeepSeekCell-RandomK",3,"random-k",6,6,0.5,0.6,5,0.277777777777778,0.535,0,0.535
"ZilionisLung","Lung","Human","DeepSeekCell-RandomK",3,"random-k",6,7,0.6,0.7,0,0,NA,NA,NA
"ZilionisLung","Lung","Human","DeepSeekCell-RandomK",3,"random-k",6,8,0.7,0.8,4,0.222222222222222,0.784,1,0.216
"ZilionisLung","Lung","Human","DeepSeekCell-RandomK",3,"random-k",6,9,0.8,0.9,1,0.0555555555555556,0.899,1,0.101
"ZilionisLung","Lung","Human","DeepSeekCell-RandomK",3,"random-k",6,10,0.9,1,1,0.0555555555555556,0.941,1,0.0590000000000001
"ZilionisLung","Lung","Human","DeepSeekCell-ConfidenceK",3,"confidence-k",6,1,0,0.1,0,0,NA,NA,NA
"ZilionisLung","Lung","Human","DeepSeekCell-ConfidenceK",3,"confidence-k",6,2,0.1,0.2,0,0,NA,NA,NA
"ZilionisLung","Lung","Human","DeepSeekCell-ConfidenceK",3,"confidence-k",6,3,0.2,0.3,0,0,NA,NA,NA
"ZilionisLung","Lung","Human","DeepSeekCell-ConfidenceK",3,"confidence-k",6,4,0.3,0.4,5,0.277777777777778,0.372,0,0.372
"ZilionisLung","Lung","Human","DeepSeekCell-ConfidenceK",3,"confidence-k",6,5,0.4,0.5,3,0.166666666666667,0.41,0,0.41
"ZilionisLung","Lung","Human","DeepSeekCell-ConfidenceK",3,"confidence-k",6,6,0.5,0.6,4,0.222222222222222,0.535,0,0.535
"ZilionisLung","Lung","Human","DeepSeekCell-ConfidenceK",3,"confidence-k",6,7,0.6,0.7,0,0,NA,NA,NA
"ZilionisLung","Lung","Human","DeepSeekCell-ConfidenceK",3,"confidence-k",6,8,0.7,0.8,2,0.111111111111111,0.798,0.5,0.298
"ZilionisLung","Lung","Human","DeepSeekCell-ConfidenceK",3,"confidence-k",6,9,0.8,0.9,4,0.222222222222222,0.8375,0.5,0.3375
"ZilionisLung","Lung","Human","DeepSeekCell-ConfidenceK",3,"confidence-k",6,10,0.9,1,0,0,NA,NA,NA
"ZilionisLung","Lung","Human","DeepSeekCell-FullRefined",3,"full",18,1,0,0.1,0,0,NA,NA,NA
"ZilionisLung","Lung","Human","DeepSeekCell-FullRefined",3,"full",18,2,0.1,0.2,0,0,NA,NA,NA
"ZilionisLung","Lung","Human","DeepSeekCell-FullRefined",3,"full",18,3,0.2,0.3,0,0,NA,NA,NA
"ZilionisLung","Lung","Human","DeepSeekCell-FullRefined",3,"full",18,4,0.3,0.4,0,0,NA,NA,NA
"ZilionisLung","Lung","Human","DeepSeekCell-FullRefined",3,"full",18,5,0.4,0.5,0,0,NA,NA,NA
"ZilionisLung","Lung","Human","DeepSeekCell-FullRefined",3,"full",18,6,0.5,0.6,0,0,NA,NA,NA
"ZilionisLung","Lung","Human","DeepSeekCell-FullRefined",3,"full",18,7,0.6,0.7,1,0.0555555555555556,0.698,1,0.302
"ZilionisLung","Lung","Human","DeepSeekCell-FullRefined",3,"full",18,8,0.7,0.8,2,0.111111111111111,0.798,0.5,0.298
"ZilionisLung","Lung","Human","DeepSeekCell-FullRefined",3,"full",18,9,0.8,0.9,14,0.777777777777778,0.838785714285714,0.571428571428571,0.267357142857143
"ZilionisLung","Lung","Human","DeepSeekCell-FullRefined",3,"full",18,10,0.9,1,1,0.0555555555555556,0.941,1,0.0590000000000001
