"Dataset","Tissue","Species","Method","LLMBackend","LLMModelID","Replicate","RefinementSelector","RefinementBudgetK","Bin","BinLower","BinUpper","N","Coverage","MeanConfidence","Accuracy","AbsCalibrationError"
"PBMC","PBMC","Human","DeepSeek-Plain","deepseek","deepseek-chat",1,"none",0,1,0,0.1,0,0,NA,NA,NA
"PBMC","PBMC","Human","DeepSeek-Plain","deepseek","deepseek-chat",1,"none",0,2,0.1,0.2,0,0,NA,NA,NA
"PBMC","PBMC","Human","DeepSeek-Plain","deepseek","deepseek-chat",1,"none",0,3,0.2,0.3,0,0,NA,NA,NA
"PBMC","PBMC","Human","DeepSeek-Plain","deepseek","deepseek-chat",1,"none",0,4,0.3,0.4,0,0,NA,NA,NA
"PBMC","PBMC","Human","DeepSeek-Plain","deepseek","deepseek-chat",1,"none",0,5,0.4,0.5,0,0,NA,NA,NA
"PBMC","PBMC","Human","DeepSeek-Plain","deepseek","deepseek-chat",1,"none",0,6,0.5,0.6,0,0,NA,NA,NA
"PBMC","PBMC","Human","DeepSeek-Plain","deepseek","deepseek-chat",1,"none",0,7,0.6,0.7,0,0,NA,NA,NA
"PBMC","PBMC","Human","DeepSeek-Plain","deepseek","deepseek-chat",1,"none",0,8,0.7,0.8,0,0,NA,NA,NA
"PBMC","PBMC","Human","DeepSeek-Plain","deepseek","deepseek-chat",1,"none",0,9,0.8,0.9,0,0,NA,NA,NA
"PBMC","PBMC","Human","DeepSeek-Plain","deepseek","deepseek-chat",1,"none",0,10,0.9,1,8,1,0.95,1,0.05
"PBMC","PBMC","Human","DeepSeekCell-Evidence","deepseek","deepseek-chat",1,"none",0,1,0,0.1,0,0,NA,NA,NA
"PBMC","PBMC","Human","DeepSeekCell-Evidence","deepseek","deepseek-chat",1,"none",0,2,0.1,0.2,0,0,NA,NA,NA
"PBMC","PBMC","Human","DeepSeekCell-Evidence","deepseek","deepseek-chat",1,"none",0,3,0.2,0.3,0,0,NA,NA,NA
"PBMC","PBMC","Human","DeepSeekCell-Evidence","deepseek","deepseek-chat",1,"none",0,4,0.3,0.4,0,0,NA,NA,NA
"PBMC","PBMC","Human","DeepSeekCell-Evidence","deepseek","deepseek-chat",1,"none",0,5,0.4,0.5,0,0,NA,NA,NA
"PBMC","PBMC","Human","DeepSeekCell-Evidence","deepseek","deepseek-chat",1,"none",0,6,0.5,0.6,0,0,NA,NA,NA
"PBMC","PBMC","Human","DeepSeekCell-Evidence","deepseek","deepseek-chat",1,"none",0,7,0.6,0.7,0,0,NA,NA,NA
"PBMC","PBMC","Human","DeepSeekCell-Evidence","deepseek","deepseek-chat",1,"none",0,8,0.7,0.8,0,0,NA,NA,NA
"PBMC","PBMC","Human","DeepSeekCell-Evidence","deepseek","deepseek-chat",1,"none",0,9,0.8,0.9,0,0,NA,NA,NA
"PBMC","PBMC","Human","DeepSeekCell-Evidence","deepseek","deepseek-chat",1,"none",0,10,0.9,1,8,1,0.95,1,0.05
"PBMC","PBMC","Human","DeepSeekCell-Calibrated","deepseek","deepseek-chat",1,"none",0,1,0,0.1,0,0,NA,NA,NA
"PBMC","PBMC","Human","DeepSeekCell-Calibrated","deepseek","deepseek-chat",1,"none",0,2,0.1,0.2,0,0,NA,NA,NA
"PBMC","PBMC","Human","DeepSeekCell-Calibrated","deepseek","deepseek-chat",1,"none",0,3,0.2,0.3,0,0,NA,NA,NA
"PBMC","PBMC","Human","DeepSeekCell-Calibrated","deepseek","deepseek-chat",1,"none",0,4,0.3,0.4,0,0,NA,NA,NA
"PBMC","PBMC","Human","DeepSeekCell-Calibrated","deepseek","deepseek-chat",1,"none",0,5,0.4,0.5,0,0,NA,NA,NA
"PBMC","PBMC","Human","DeepSeekCell-Calibrated","deepseek","deepseek-chat",1,"none",0,6,0.5,0.6,0,0,NA,NA,NA
"PBMC","PBMC","Human","DeepSeekCell-Calibrated","deepseek","deepseek-chat",1,"none",0,7,0.6,0.7,0,0,NA,NA,NA
"PBMC","PBMC","Human","DeepSeekCell-Calibrated","deepseek","deepseek-chat",1,"none",0,8,0.7,0.8,1,0.125,0.774,1,0.226
"PBMC","PBMC","Human","DeepSeekCell-Calibrated","deepseek","deepseek-chat",1,"none",0,9,0.8,0.9,7,0.875,0.869571428571429,1,0.130428571428571
"PBMC","PBMC","Human","DeepSeekCell-Calibrated","deepseek","deepseek-chat",1,"none",0,10,0.9,1,0,0,NA,NA,NA
"PBMC","PBMC","Human","DeepSeekCell-SelfRefined","deepseek","deepseek-chat",1,"evidence-k",0,1,0,0.1,0,0,NA,NA,NA
"PBMC","PBMC","Human","DeepSeekCell-SelfRefined","deepseek","deepseek-chat",1,"evidence-k",0,2,0.1,0.2,0,0,NA,NA,NA
"PBMC","PBMC","Human","DeepSeekCell-SelfRefined","deepseek","deepseek-chat",1,"evidence-k",0,3,0.2,0.3,0,0,NA,NA,NA
"PBMC","PBMC","Human","DeepSeekCell-SelfRefined","deepseek","deepseek-chat",1,"evidence-k",0,4,0.3,0.4,0,0,NA,NA,NA
"PBMC","PBMC","Human","DeepSeekCell-SelfRefined","deepseek","deepseek-chat",1,"evidence-k",0,5,0.4,0.5,0,0,NA,NA,NA
"PBMC","PBMC","Human","DeepSeekCell-SelfRefined","deepseek","deepseek-chat",1,"evidence-k",0,6,0.5,0.6,0,0,NA,NA,NA
"PBMC","PBMC","Human","DeepSeekCell-SelfRefined","deepseek","deepseek-chat",1,"evidence-k",0,7,0.6,0.7,0,0,NA,NA,NA
"PBMC","PBMC","Human","DeepSeekCell-SelfRefined","deepseek","deepseek-chat",1,"evidence-k",0,8,0.7,0.8,1,0.125,0.774,1,0.226
"PBMC","PBMC","Human","DeepSeekCell-SelfRefined","deepseek","deepseek-chat",1,"evidence-k",0,9,0.8,0.9,7,0.875,0.869571428571429,1,0.130428571428571
"PBMC","PBMC","Human","DeepSeekCell-SelfRefined","deepseek","deepseek-chat",1,"evidence-k",0,10,0.9,1,0,0,NA,NA,NA
"PBMC","PBMC","Human","DeepSeekCell-RandomK","deepseek","deepseek-chat",1,"random-k",0,1,0,0.1,0,0,NA,NA,NA
"PBMC","PBMC","Human","DeepSeekCell-RandomK","deepseek","deepseek-chat",1,"random-k",0,2,0.1,0.2,0,0,NA,NA,NA
"PBMC","PBMC","Human","DeepSeekCell-RandomK","deepseek","deepseek-chat",1,"random-k",0,3,0.2,0.3,0,0,NA,NA,NA
"PBMC","PBMC","Human","DeepSeekCell-RandomK","deepseek","deepseek-chat",1,"random-k",0,4,0.3,0.4,0,0,NA,NA,NA
"PBMC","PBMC","Human","DeepSeekCell-RandomK","deepseek","deepseek-chat",1,"random-k",0,5,0.4,0.5,0,0,NA,NA,NA
"PBMC","PBMC","Human","DeepSeekCell-RandomK","deepseek","deepseek-chat",1,"random-k",0,6,0.5,0.6,0,0,NA,NA,NA
"PBMC","PBMC","Human","DeepSeekCell-RandomK","deepseek","deepseek-chat",1,"random-k",0,7,0.6,0.7,0,0,NA,NA,NA
"PBMC","PBMC","Human","DeepSeekCell-RandomK","deepseek","deepseek-chat",1,"random-k",0,8,0.7,0.8,1,0.125,0.774,1,0.226
"PBMC","PBMC","Human","DeepSeekCell-RandomK","deepseek","deepseek-chat",1,"random-k",0,9,0.8,0.9,7,0.875,0.869571428571429,1,0.130428571428571
"PBMC","PBMC","Human","DeepSeekCell-RandomK","deepseek","deepseek-chat",1,"random-k",0,10,0.9,1,0,0,NA,NA,NA
"PBMC","PBMC","Human","DeepSeekCell-ConfidenceK","deepseek","deepseek-chat",1,"confidence-k",0,1,0,0.1,0,0,NA,NA,NA
"PBMC","PBMC","Human","DeepSeekCell-ConfidenceK","deepseek","deepseek-chat",1,"confidence-k",0,2,0.1,0.2,0,0,NA,NA,NA
"PBMC","PBMC","Human","DeepSeekCell-ConfidenceK","deepseek","deepseek-chat",1,"confidence-k",0,3,0.2,0.3,0,0,NA,NA,NA
"PBMC","PBMC","Human","DeepSeekCell-ConfidenceK","deepseek","deepseek-chat",1,"confidence-k",0,4,0.3,0.4,0,0,NA,NA,NA
"PBMC","PBMC","Human","DeepSeekCell-ConfidenceK","deepseek","deepseek-chat",1,"confidence-k",0,5,0.4,0.5,0,0,NA,NA,NA
"PBMC","PBMC","Human","DeepSeekCell-ConfidenceK","deepseek","deepseek-chat",1,"confidence-k",0,6,0.5,0.6,0,0,NA,NA,NA
"PBMC","PBMC","Human","DeepSeekCell-ConfidenceK","deepseek","deepseek-chat",1,"confidence-k",0,7,0.6,0.7,0,0,NA,NA,NA
"PBMC","PBMC","Human","DeepSeekCell-ConfidenceK","deepseek","deepseek-chat",1,"confidence-k",0,8,0.7,0.8,1,0.125,0.774,1,0.226
"PBMC","PBMC","Human","DeepSeekCell-ConfidenceK","deepseek","deepseek-chat",1,"confidence-k",0,9,0.8,0.9,7,0.875,0.869571428571429,1,0.130428571428571
"PBMC","PBMC","Human","DeepSeekCell-ConfidenceK","deepseek","deepseek-chat",1,"confidence-k",0,10,0.9,1,0,0,NA,NA,NA
"PBMC","PBMC","Human","DeepSeekCell-NoOntologyK","deepseek","deepseek-chat",1,"evidence-no-ontology-k",0,1,0,0.1,0,0,NA,NA,NA
"PBMC","PBMC","Human","DeepSeekCell-NoOntologyK","deepseek","deepseek-chat",1,"evidence-no-ontology-k",0,2,0.1,0.2,0,0,NA,NA,NA
"PBMC","PBMC","Human","DeepSeekCell-NoOntologyK","deepseek","deepseek-chat",1,"evidence-no-ontology-k",0,3,0.2,0.3,0,0,NA,NA,NA
"PBMC","PBMC","Human","DeepSeekCell-NoOntologyK","deepseek","deepseek-chat",1,"evidence-no-ontology-k",0,4,0.3,0.4,0,0,NA,NA,NA
"PBMC","PBMC","Human","DeepSeekCell-NoOntologyK","deepseek","deepseek-chat",1,"evidence-no-ontology-k",0,5,0.4,0.5,0,0,NA,NA,NA
"PBMC","PBMC","Human","DeepSeekCell-NoOntologyK","deepseek","deepseek-chat",1,"evidence-no-ontology-k",0,6,0.5,0.6,0,0,NA,NA,NA
"PBMC","PBMC","Human","DeepSeekCell-NoOntologyK","deepseek","deepseek-chat",1,"evidence-no-ontology-k",0,7,0.6,0.7,0,0,NA,NA,NA
"PBMC","PBMC","Human","DeepSeekCell-NoOntologyK","deepseek","deepseek-chat",1,"evidence-no-ontology-k",0,8,0.7,0.8,1,0.125,0.774,1,0.226
"PBMC","PBMC","Human","DeepSeekCell-NoOntologyK","deepseek","deepseek-chat",1,"evidence-no-ontology-k",0,9,0.8,0.9,7,0.875,0.869571428571429,1,0.130428571428571
"PBMC","PBMC","Human","DeepSeekCell-NoOntologyK","deepseek","deepseek-chat",1,"evidence-no-ontology-k",0,10,0.9,1,0,0,NA,NA,NA
"PBMC","PBMC","Human","DeepSeekCell-FullRefined","deepseek","deepseek-chat",1,"full",8,1,0,0.1,0,0,NA,NA,NA
"PBMC","PBMC","Human","DeepSeekCell-FullRefined","deepseek","deepseek-chat",1,"full",8,2,0.1,0.2,0,0,NA,NA,NA
"PBMC","PBMC","Human","DeepSeekCell-FullRefined","deepseek","deepseek-chat",1,"full",8,3,0.2,0.3,0,0,NA,NA,NA
"PBMC","PBMC","Human","DeepSeekCell-FullRefined","deepseek","deepseek-chat",1,"full",8,4,0.3,0.4,0,0,NA,NA,NA
"PBMC","PBMC","Human","DeepSeekCell-FullRefined","deepseek","deepseek-chat",1,"full",8,5,0.4,0.5,0,0,NA,NA,NA
"PBMC","PBMC","Human","DeepSeekCell-FullRefined","deepseek","deepseek-chat",1,"full",8,6,0.5,0.6,0,0,NA,NA,NA
"PBMC","PBMC","Human","DeepSeekCell-FullRefined","deepseek","deepseek-chat",1,"full",8,7,0.6,0.7,0,0,NA,NA,NA
"PBMC","PBMC","Human","DeepSeekCell-FullRefined","deepseek","deepseek-chat",1,"full",8,8,0.7,0.8,1,0.125,0.774,1,0.226
"PBMC","PBMC","Human","DeepSeekCell-FullRefined","deepseek","deepseek-chat",1,"full",8,9,0.8,0.9,7,0.875,0.869571428571429,1,0.130428571428571
"PBMC","PBMC","Human","DeepSeekCell-FullRefined","deepseek","deepseek-chat",1,"full",8,10,0.9,1,0,0,NA,NA,NA
"BaronPancreas","Pancreas","Human","DeepSeek-Plain","deepseek","deepseek-chat",1,"none",0,1,0,0.1,0,0,NA,NA,NA
"BaronPancreas","Pancreas","Human","DeepSeek-Plain","deepseek","deepseek-chat",1,"none",0,2,0.1,0.2,0,0,NA,NA,NA
"BaronPancreas","Pancreas","Human","DeepSeek-Plain","deepseek","deepseek-chat",1,"none",0,3,0.2,0.3,0,0,NA,NA,NA
"BaronPancreas","Pancreas","Human","DeepSeek-Plain","deepseek","deepseek-chat",1,"none",0,4,0.3,0.4,0,0,NA,NA,NA
"BaronPancreas","Pancreas","Human","DeepSeek-Plain","deepseek","deepseek-chat",1,"none",0,5,0.4,0.5,1,0.0625,0.5,0,0.5
"BaronPancreas","Pancreas","Human","DeepSeek-Plain","deepseek","deepseek-chat",1,"none",0,6,0.5,0.6,0,0,NA,NA,NA
"BaronPancreas","Pancreas","Human","DeepSeek-Plain","deepseek","deepseek-chat",1,"none",0,7,0.6,0.7,2,0.125,0.7,0,0.7
"BaronPancreas","Pancreas","Human","DeepSeek-Plain","deepseek","deepseek-chat",1,"none",0,8,0.7,0.8,2,0.125,0.8,0.5,0.3
"BaronPancreas","Pancreas","Human","DeepSeek-Plain","deepseek","deepseek-chat",1,"none",0,9,0.8,0.9,3,0.1875,0.9,1,0.1
"BaronPancreas","Pancreas","Human","DeepSeek-Plain","deepseek","deepseek-chat",1,"none",0,10,0.9,1,8,0.5,0.96875,1,0.03125
"BaronPancreas","Pancreas","Human","DeepSeekCell-Evidence","deepseek","deepseek-chat",1,"none",0,1,0,0.1,0,0,NA,NA,NA
"BaronPancreas","Pancreas","Human","DeepSeekCell-Evidence","deepseek","deepseek-chat",1,"none",0,2,0.1,0.2,0,0,NA,NA,NA
"BaronPancreas","Pancreas","Human","DeepSeekCell-Evidence","deepseek","deepseek-chat",1,"none",0,3,0.2,0.3,0,0,NA,NA,NA
"BaronPancreas","Pancreas","Human","DeepSeekCell-Evidence","deepseek","deepseek-chat",1,"none",0,4,0.3,0.4,0,0,NA,NA,NA
"BaronPancreas","Pancreas","Human","DeepSeekCell-Evidence","deepseek","deepseek-chat",1,"none",0,5,0.4,0.5,1,0.0625,0.5,0,0.5
"BaronPancreas","Pancreas","Human","DeepSeekCell-Evidence","deepseek","deepseek-chat",1,"none",0,6,0.5,0.6,0,0,NA,NA,NA
"BaronPancreas","Pancreas","Human","DeepSeekCell-Evidence","deepseek","deepseek-chat",1,"none",0,7,0.6,0.7,2,0.125,0.7,0,0.7
"BaronPancreas","Pancreas","Human","DeepSeekCell-Evidence","deepseek","deepseek-chat",1,"none",0,8,0.7,0.8,2,0.125,0.8,0.5,0.3
"BaronPancreas","Pancreas","Human","DeepSeekCell-Evidence","deepseek","deepseek-chat",1,"none",0,9,0.8,0.9,3,0.1875,0.9,1,0.1
"BaronPancreas","Pancreas","Human","DeepSeekCell-Evidence","deepseek","deepseek-chat",1,"none",0,10,0.9,1,8,0.5,0.96875,1,0.03125
"BaronPancreas","Pancreas","Human","DeepSeekCell-Calibrated","deepseek","deepseek-chat",1,"none",0,1,0,0.1,0,0,NA,NA,NA
"BaronPancreas","Pancreas","Human","DeepSeekCell-Calibrated","deepseek","deepseek-chat",1,"none",0,2,0.1,0.2,0,0,NA,NA,NA
"BaronPancreas","Pancreas","Human","DeepSeekCell-Calibrated","deepseek","deepseek-chat",1,"none",0,3,0.2,0.3,0,0,NA,NA,NA
"BaronPancreas","Pancreas","Human","DeepSeekCell-Calibrated","deepseek","deepseek-chat",1,"none",0,4,0.3,0.4,0,0,NA,NA,NA
"BaronPancreas","Pancreas","Human","DeepSeekCell-Calibrated","deepseek","deepseek-chat",1,"none",0,5,0.4,0.5,1,0.0625,0.459,0,0.459
"BaronPancreas","Pancreas","Human","DeepSeekCell-Calibrated","deepseek","deepseek-chat",1,"none",0,6,0.5,0.6,0,0,NA,NA,NA
"BaronPancreas","Pancreas","Human","DeepSeekCell-Calibrated","deepseek","deepseek-chat",1,"none",0,7,0.6,0.7,1,0.0625,0.682,0,0.682
"BaronPancreas","Pancreas","Human","DeepSeekCell-Calibrated","deepseek","deepseek-chat",1,"none",0,8,0.7,0.8,4,0.25,0.7415,0.5,0.2415
"BaronPancreas","Pancreas","Human","DeepSeekCell-Calibrated","deepseek","deepseek-chat",1,"none",0,9,0.8,0.9,9,0.5625,0.823444444444444,1,0.176555555555556
"BaronPancreas","Pancreas","Human","DeepSeekCell-Calibrated","deepseek","deepseek-chat",1,"none",0,10,0.9,1,1,0.0625,0.951,1,0.049
"BaronPancreas","Pancreas","Human","DeepSeekCell-SelfRefined","deepseek","deepseek-chat",1,"evidence-k",0,1,0,0.1,0,0,NA,NA,NA
"BaronPancreas","Pancreas","Human","DeepSeekCell-SelfRefined","deepseek","deepseek-chat",1,"evidence-k",0,2,0.1,0.2,0,0,NA,NA,NA
"BaronPancreas","Pancreas","Human","DeepSeekCell-SelfRefined","deepseek","deepseek-chat",1,"evidence-k",0,3,0.2,0.3,0,0,NA,NA,NA
"BaronPancreas","Pancreas","Human","DeepSeekCell-SelfRefined","deepseek","deepseek-chat",1,"evidence-k",0,4,0.3,0.4,0,0,NA,NA,NA
"BaronPancreas","Pancreas","Human","DeepSeekCell-SelfRefined","deepseek","deepseek-chat",1,"evidence-k",0,5,0.4,0.5,1,0.0625,0.459,0,0.459
"BaronPancreas","Pancreas","Human","DeepSeekCell-SelfRefined","deepseek","deepseek-chat",1,"evidence-k",0,6,0.5,0.6,0,0,NA,NA,NA
"BaronPancreas","Pancreas","Human","DeepSeekCell-SelfRefined","deepseek","deepseek-chat",1,"evidence-k",0,7,0.6,0.7,1,0.0625,0.682,0,0.682
"BaronPancreas","Pancreas","Human","DeepSeekCell-SelfRefined","deepseek","deepseek-chat",1,"evidence-k",0,8,0.7,0.8,4,0.25,0.7415,0.5,0.2415
"BaronPancreas","Pancreas","Human","DeepSeekCell-SelfRefined","deepseek","deepseek-chat",1,"evidence-k",0,9,0.8,0.9,9,0.5625,0.823444444444444,1,0.176555555555556
"BaronPancreas","Pancreas","Human","DeepSeekCell-SelfRefined","deepseek","deepseek-chat",1,"evidence-k",0,10,0.9,1,1,0.0625,0.951,1,0.049
"BaronPancreas","Pancreas","Human","DeepSeekCell-RandomK","deepseek","deepseek-chat",1,"random-k",0,1,0,0.1,0,0,NA,NA,NA
"BaronPancreas","Pancreas","Human","DeepSeekCell-RandomK","deepseek","deepseek-chat",1,"random-k",0,2,0.1,0.2,0,0,NA,NA,NA
"BaronPancreas","Pancreas","Human","DeepSeekCell-RandomK","deepseek","deepseek-chat",1,"random-k",0,3,0.2,0.3,0,0,NA,NA,NA
"BaronPancreas","Pancreas","Human","DeepSeekCell-RandomK","deepseek","deepseek-chat",1,"random-k",0,4,0.3,0.4,0,0,NA,NA,NA
"BaronPancreas","Pancreas","Human","DeepSeekCell-RandomK","deepseek","deepseek-chat",1,"random-k",0,5,0.4,0.5,1,0.0625,0.459,0,0.459
"BaronPancreas","Pancreas","Human","DeepSeekCell-RandomK","deepseek","deepseek-chat",1,"random-k",0,6,0.5,0.6,0,0,NA,NA,NA
"BaronPancreas","Pancreas","Human","DeepSeekCell-RandomK","deepseek","deepseek-chat",1,"random-k",0,7,0.6,0.7,1,0.0625,0.682,0,0.682
"BaronPancreas","Pancreas","Human","DeepSeekCell-RandomK","deepseek","deepseek-chat",1,"random-k",0,8,0.7,0.8,4,0.25,0.7415,0.5,0.2415
"BaronPancreas","Pancreas","Human","DeepSeekCell-RandomK","deepseek","deepseek-chat",1,"random-k",0,9,0.8,0.9,9,0.5625,0.823444444444444,1,0.176555555555556
"BaronPancreas","Pancreas","Human","DeepSeekCell-RandomK","deepseek","deepseek-chat",1,"random-k",0,10,0.9,1,1,0.0625,0.951,1,0.049
"BaronPancreas","Pancreas","Human","DeepSeekCell-ConfidenceK","deepseek","deepseek-chat",1,"confidence-k",0,1,0,0.1,0,0,NA,NA,NA
"BaronPancreas","Pancreas","Human","DeepSeekCell-ConfidenceK","deepseek","deepseek-chat",1,"confidence-k",0,2,0.1,0.2,0,0,NA,NA,NA
"BaronPancreas","Pancreas","Human","DeepSeekCell-ConfidenceK","deepseek","deepseek-chat",1,"confidence-k",0,3,0.2,0.3,0,0,NA,NA,NA
"BaronPancreas","Pancreas","Human","DeepSeekCell-ConfidenceK","deepseek","deepseek-chat",1,"confidence-k",0,4,0.3,0.4,0,0,NA,NA,NA
"BaronPancreas","Pancreas","Human","DeepSeekCell-ConfidenceK","deepseek","deepseek-chat",1,"confidence-k",0,5,0.4,0.5,1,0.0625,0.459,0,0.459
"BaronPancreas","Pancreas","Human","DeepSeekCell-ConfidenceK","deepseek","deepseek-chat",1,"confidence-k",0,6,0.5,0.6,0,0,NA,NA,NA
"BaronPancreas","Pancreas","Human","DeepSeekCell-ConfidenceK","deepseek","deepseek-chat",1,"confidence-k",0,7,0.6,0.7,1,0.0625,0.682,0,0.682
"BaronPancreas","Pancreas","Human","DeepSeekCell-ConfidenceK","deepseek","deepseek-chat",1,"confidence-k",0,8,0.7,0.8,4,0.25,0.7415,0.5,0.2415
"BaronPancreas","Pancreas","Human","DeepSeekCell-ConfidenceK","deepseek","deepseek-chat",1,"confidence-k",0,9,0.8,0.9,9,0.5625,0.823444444444444,1,0.176555555555556
"BaronPancreas","Pancreas","Human","DeepSeekCell-ConfidenceK","deepseek","deepseek-chat",1,"confidence-k",0,10,0.9,1,1,0.0625,0.951,1,0.049
"BaronPancreas","Pancreas","Human","DeepSeekCell-NoOntologyK","deepseek","deepseek-chat",1,"evidence-no-ontology-k",0,1,0,0.1,0,0,NA,NA,NA
"BaronPancreas","Pancreas","Human","DeepSeekCell-NoOntologyK","deepseek","deepseek-chat",1,"evidence-no-ontology-k",0,2,0.1,0.2,0,0,NA,NA,NA
"BaronPancreas","Pancreas","Human","DeepSeekCell-NoOntologyK","deepseek","deepseek-chat",1,"evidence-no-ontology-k",0,3,0.2,0.3,0,0,NA,NA,NA
"BaronPancreas","Pancreas","Human","DeepSeekCell-NoOntologyK","deepseek","deepseek-chat",1,"evidence-no-ontology-k",0,4,0.3,0.4,0,0,NA,NA,NA
"BaronPancreas","Pancreas","Human","DeepSeekCell-NoOntologyK","deepseek","deepseek-chat",1,"evidence-no-ontology-k",0,5,0.4,0.5,1,0.0625,0.459,0,0.459
"BaronPancreas","Pancreas","Human","DeepSeekCell-NoOntologyK","deepseek","deepseek-chat",1,"evidence-no-ontology-k",0,6,0.5,0.6,0,0,NA,NA,NA
"BaronPancreas","Pancreas","Human","DeepSeekCell-NoOntologyK","deepseek","deepseek-chat",1,"evidence-no-ontology-k",0,7,0.6,0.7,1,0.0625,0.682,0,0.682
"BaronPancreas","Pancreas","Human","DeepSeekCell-NoOntologyK","deepseek","deepseek-chat",1,"evidence-no-ontology-k",0,8,0.7,0.8,4,0.25,0.7415,0.5,0.2415
"BaronPancreas","Pancreas","Human","DeepSeekCell-NoOntologyK","deepseek","deepseek-chat",1,"evidence-no-ontology-k",0,9,0.8,0.9,9,0.5625,0.823444444444444,1,0.176555555555556
"BaronPancreas","Pancreas","Human","DeepSeekCell-NoOntologyK","deepseek","deepseek-chat",1,"evidence-no-ontology-k",0,10,0.9,1,1,0.0625,0.951,1,0.049
"BaronPancreas","Pancreas","Human","DeepSeekCell-FullRefined","deepseek","deepseek-chat",1,"full",16,1,0,0.1,0,0,NA,NA,NA
"BaronPancreas","Pancreas","Human","DeepSeekCell-FullRefined","deepseek","deepseek-chat",1,"full",16,2,0.1,0.2,0,0,NA,NA,NA
"BaronPancreas","Pancreas","Human","DeepSeekCell-FullRefined","deepseek","deepseek-chat",1,"full",16,3,0.2,0.3,0,0,NA,NA,NA
"BaronPancreas","Pancreas","Human","DeepSeekCell-FullRefined","deepseek","deepseek-chat",1,"full",16,4,0.3,0.4,0,0,NA,NA,NA
"BaronPancreas","Pancreas","Human","DeepSeekCell-FullRefined","deepseek","deepseek-chat",1,"full",16,5,0.4,0.5,1,0.0625,0.459,0,0.459
"BaronPancreas","Pancreas","Human","DeepSeekCell-FullRefined","deepseek","deepseek-chat",1,"full",16,6,0.5,0.6,0,0,NA,NA,NA
"BaronPancreas","Pancreas","Human","DeepSeekCell-FullRefined","deepseek","deepseek-chat",1,"full",16,7,0.6,0.7,1,0.0625,0.682,0,0.682
"BaronPancreas","Pancreas","Human","DeepSeekCell-FullRefined","deepseek","deepseek-chat",1,"full",16,8,0.7,0.8,4,0.25,0.7415,0.5,0.2415
"BaronPancreas","Pancreas","Human","DeepSeekCell-FullRefined","deepseek","deepseek-chat",1,"full",16,9,0.8,0.9,9,0.5625,0.823444444444444,1,0.176555555555556
"BaronPancreas","Pancreas","Human","DeepSeekCell-FullRefined","deepseek","deepseek-chat",1,"full",16,10,0.9,1,1,0.0625,0.951,1,0.049
"MuraroPancreas","Pancreas","Human","DeepSeek-Plain","deepseek","deepseek-chat",1,"none",0,1,0,0.1,0,0,NA,NA,NA
"MuraroPancreas","Pancreas","Human","DeepSeek-Plain","deepseek","deepseek-chat",1,"none",0,2,0.1,0.2,0,0,NA,NA,NA
"MuraroPancreas","Pancreas","Human","DeepSeek-Plain","deepseek","deepseek-chat",1,"none",0,3,0.2,0.3,0,0,NA,NA,NA
"MuraroPancreas","Pancreas","Human","DeepSeek-Plain","deepseek","deepseek-chat",1,"none",0,4,0.3,0.4,0,0,NA,NA,NA
"MuraroPancreas","Pancreas","Human","DeepSeek-Plain","deepseek","deepseek-chat",1,"none",0,5,0.4,0.5,0,0,NA,NA,NA
"MuraroPancreas","Pancreas","Human","DeepSeek-Plain","deepseek","deepseek-chat",1,"none",0,6,0.5,0.6,1,0.0909090909090909,0.6,0,0.6
"MuraroPancreas","Pancreas","Human","DeepSeek-Plain","deepseek","deepseek-chat",1,"none",0,7,0.6,0.7,0,0,NA,NA,NA
"MuraroPancreas","Pancreas","Human","DeepSeek-Plain","deepseek","deepseek-chat",1,"none",0,8,0.7,0.8,0,0,NA,NA,NA
"MuraroPancreas","Pancreas","Human","DeepSeek-Plain","deepseek","deepseek-chat",1,"none",0,9,0.8,0.9,2,0.181818181818182,0.9,1,0.1
"MuraroPancreas","Pancreas","Human","DeepSeek-Plain","deepseek","deepseek-chat",1,"none",0,10,0.9,1,8,0.727272727272727,0.95,0.875,0.075
"MuraroPancreas","Pancreas","Human","DeepSeekCell-Evidence","deepseek","deepseek-chat",1,"none",0,1,0,0.1,0,0,NA,NA,NA
"MuraroPancreas","Pancreas","Human","DeepSeekCell-Evidence","deepseek","deepseek-chat",1,"none",0,2,0.1,0.2,0,0,NA,NA,NA
"MuraroPancreas","Pancreas","Human","DeepSeekCell-Evidence","deepseek","deepseek-chat",1,"none",0,3,0.2,0.3,0,0,NA,NA,NA
"MuraroPancreas","Pancreas","Human","DeepSeekCell-Evidence","deepseek","deepseek-chat",1,"none",0,4,0.3,0.4,0,0,NA,NA,NA
"MuraroPancreas","Pancreas","Human","DeepSeekCell-Evidence","deepseek","deepseek-chat",1,"none",0,5,0.4,0.5,0,0,NA,NA,NA
"MuraroPancreas","Pancreas","Human","DeepSeekCell-Evidence","deepseek","deepseek-chat",1,"none",0,6,0.5,0.6,1,0.0909090909090909,0.6,0,0.6
"MuraroPancreas","Pancreas","Human","DeepSeekCell-Evidence","deepseek","deepseek-chat",1,"none",0,7,0.6,0.7,0,0,NA,NA,NA
"MuraroPancreas","Pancreas","Human","DeepSeekCell-Evidence","deepseek","deepseek-chat",1,"none",0,8,0.7,0.8,0,0,NA,NA,NA
"MuraroPancreas","Pancreas","Human","DeepSeekCell-Evidence","deepseek","deepseek-chat",1,"none",0,9,0.8,0.9,2,0.181818181818182,0.9,1,0.1
"MuraroPancreas","Pancreas","Human","DeepSeekCell-Evidence","deepseek","deepseek-chat",1,"none",0,10,0.9,1,8,0.727272727272727,0.95,0.875,0.075
"MuraroPancreas","Pancreas","Human","DeepSeekCell-Calibrated","deepseek","deepseek-chat",1,"none",0,1,0,0.1,0,0,NA,NA,NA
"MuraroPancreas","Pancreas","Human","DeepSeekCell-Calibrated","deepseek","deepseek-chat",1,"none",0,2,0.1,0.2,0,0,NA,NA,NA
"MuraroPancreas","Pancreas","Human","DeepSeekCell-Calibrated","deepseek","deepseek-chat",1,"none",0,3,0.2,0.3,0,0,NA,NA,NA
"MuraroPancreas","Pancreas","Human","DeepSeekCell-Calibrated","deepseek","deepseek-chat",1,"none",0,4,0.3,0.4,0,0,NA,NA,NA
"MuraroPancreas","Pancreas","Human","DeepSeekCell-Calibrated","deepseek","deepseek-chat",1,"none",0,5,0.4,0.5,0,0,NA,NA,NA
"MuraroPancreas","Pancreas","Human","DeepSeekCell-Calibrated","deepseek","deepseek-chat",1,"none",0,6,0.5,0.6,1,0.0909090909090909,0.545,0,0.545
"MuraroPancreas","Pancreas","Human","DeepSeekCell-Calibrated","deepseek","deepseek-chat",1,"none",0,7,0.6,0.7,1,0.0909090909090909,0.69,1,0.31
"MuraroPancreas","Pancreas","Human","DeepSeekCell-Calibrated","deepseek","deepseek-chat",1,"none",0,8,0.7,0.8,2,0.181818181818182,0.7535,1,0.2465
"MuraroPancreas","Pancreas","Human","DeepSeekCell-Calibrated","deepseek","deepseek-chat",1,"none",0,9,0.8,0.9,7,0.636363636363636,0.835428571428571,0.857142857142857,0.0217142857142857
"MuraroPancreas","Pancreas","Human","DeepSeekCell-Calibrated","deepseek","deepseek-chat",1,"none",0,10,0.9,1,0,0,NA,NA,NA
"MuraroPancreas","Pancreas","Human","DeepSeekCell-SelfRefined","deepseek","deepseek-chat",1,"evidence-k",0,1,0,0.1,0,0,NA,NA,NA
"MuraroPancreas","Pancreas","Human","DeepSeekCell-SelfRefined","deepseek","deepseek-chat",1,"evidence-k",0,2,0.1,0.2,0,0,NA,NA,NA
"MuraroPancreas","Pancreas","Human","DeepSeekCell-SelfRefined","deepseek","deepseek-chat",1,"evidence-k",0,3,0.2,0.3,0,0,NA,NA,NA
"MuraroPancreas","Pancreas","Human","DeepSeekCell-SelfRefined","deepseek","deepseek-chat",1,"evidence-k",0,4,0.3,0.4,0,0,NA,NA,NA
"MuraroPancreas","Pancreas","Human","DeepSeekCell-SelfRefined","deepseek","deepseek-chat",1,"evidence-k",0,5,0.4,0.5,0,0,NA,NA,NA
"MuraroPancreas","Pancreas","Human","DeepSeekCell-SelfRefined","deepseek","deepseek-chat",1,"evidence-k",0,6,0.5,0.6,1,0.0909090909090909,0.545,0,0.545
"MuraroPancreas","Pancreas","Human","DeepSeekCell-SelfRefined","deepseek","deepseek-chat",1,"evidence-k",0,7,0.6,0.7,1,0.0909090909090909,0.69,1,0.31
"MuraroPancreas","Pancreas","Human","DeepSeekCell-SelfRefined","deepseek","deepseek-chat",1,"evidence-k",0,8,0.7,0.8,2,0.181818181818182,0.7535,1,0.2465
"MuraroPancreas","Pancreas","Human","DeepSeekCell-SelfRefined","deepseek","deepseek-chat",1,"evidence-k",0,9,0.8,0.9,7,0.636363636363636,0.835428571428571,0.857142857142857,0.0217142857142857
"MuraroPancreas","Pancreas","Human","DeepSeekCell-SelfRefined","deepseek","deepseek-chat",1,"evidence-k",0,10,0.9,1,0,0,NA,NA,NA
"MuraroPancreas","Pancreas","Human","DeepSeekCell-RandomK","deepseek","deepseek-chat",1,"random-k",0,1,0,0.1,0,0,NA,NA,NA
"MuraroPancreas","Pancreas","Human","DeepSeekCell-RandomK","deepseek","deepseek-chat",1,"random-k",0,2,0.1,0.2,0,0,NA,NA,NA
"MuraroPancreas","Pancreas","Human","DeepSeekCell-RandomK","deepseek","deepseek-chat",1,"random-k",0,3,0.2,0.3,0,0,NA,NA,NA
"MuraroPancreas","Pancreas","Human","DeepSeekCell-RandomK","deepseek","deepseek-chat",1,"random-k",0,4,0.3,0.4,0,0,NA,NA,NA
"MuraroPancreas","Pancreas","Human","DeepSeekCell-RandomK","deepseek","deepseek-chat",1,"random-k",0,5,0.4,0.5,0,0,NA,NA,NA
"MuraroPancreas","Pancreas","Human","DeepSeekCell-RandomK","deepseek","deepseek-chat",1,"random-k",0,6,0.5,0.6,1,0.0909090909090909,0.545,0,0.545
"MuraroPancreas","Pancreas","Human","DeepSeekCell-RandomK","deepseek","deepseek-chat",1,"random-k",0,7,0.6,0.7,1,0.0909090909090909,0.69,1,0.31
"MuraroPancreas","Pancreas","Human","DeepSeekCell-RandomK","deepseek","deepseek-chat",1,"random-k",0,8,0.7,0.8,2,0.181818181818182,0.7535,1,0.2465
"MuraroPancreas","Pancreas","Human","DeepSeekCell-RandomK","deepseek","deepseek-chat",1,"random-k",0,9,0.8,0.9,7,0.636363636363636,0.835428571428571,0.857142857142857,0.0217142857142857
"MuraroPancreas","Pancreas","Human","DeepSeekCell-RandomK","deepseek","deepseek-chat",1,"random-k",0,10,0.9,1,0,0,NA,NA,NA
"MuraroPancreas","Pancreas","Human","DeepSeekCell-ConfidenceK","deepseek","deepseek-chat",1,"confidence-k",0,1,0,0.1,0,0,NA,NA,NA
"MuraroPancreas","Pancreas","Human","DeepSeekCell-ConfidenceK","deepseek","deepseek-chat",1,"confidence-k",0,2,0.1,0.2,0,0,NA,NA,NA
"MuraroPancreas","Pancreas","Human","DeepSeekCell-ConfidenceK","deepseek","deepseek-chat",1,"confidence-k",0,3,0.2,0.3,0,0,NA,NA,NA
"MuraroPancreas","Pancreas","Human","DeepSeekCell-ConfidenceK","deepseek","deepseek-chat",1,"confidence-k",0,4,0.3,0.4,0,0,NA,NA,NA
"MuraroPancreas","Pancreas","Human","DeepSeekCell-ConfidenceK","deepseek","deepseek-chat",1,"confidence-k",0,5,0.4,0.5,0,0,NA,NA,NA
"MuraroPancreas","Pancreas","Human","DeepSeekCell-ConfidenceK","deepseek","deepseek-chat",1,"confidence-k",0,6,0.5,0.6,1,0.0909090909090909,0.545,0,0.545
"MuraroPancreas","Pancreas","Human","DeepSeekCell-ConfidenceK","deepseek","deepseek-chat",1,"confidence-k",0,7,0.6,0.7,1,0.0909090909090909,0.69,1,0.31
"MuraroPancreas","Pancreas","Human","DeepSeekCell-ConfidenceK","deepseek","deepseek-chat",1,"confidence-k",0,8,0.7,0.8,2,0.181818181818182,0.7535,1,0.2465
"MuraroPancreas","Pancreas","Human","DeepSeekCell-ConfidenceK","deepseek","deepseek-chat",1,"confidence-k",0,9,0.8,0.9,7,0.636363636363636,0.835428571428571,0.857142857142857,0.0217142857142857
"MuraroPancreas","Pancreas","Human","DeepSeekCell-ConfidenceK","deepseek","deepseek-chat",1,"confidence-k",0,10,0.9,1,0,0,NA,NA,NA
"MuraroPancreas","Pancreas","Human","DeepSeekCell-NoOntologyK","deepseek","deepseek-chat",1,"evidence-no-ontology-k",0,1,0,0.1,0,0,NA,NA,NA
"MuraroPancreas","Pancreas","Human","DeepSeekCell-NoOntologyK","deepseek","deepseek-chat",1,"evidence-no-ontology-k",0,2,0.1,0.2,0,0,NA,NA,NA
"MuraroPancreas","Pancreas","Human","DeepSeekCell-NoOntologyK","deepseek","deepseek-chat",1,"evidence-no-ontology-k",0,3,0.2,0.3,0,0,NA,NA,NA
"MuraroPancreas","Pancreas","Human","DeepSeekCell-NoOntologyK","deepseek","deepseek-chat",1,"evidence-no-ontology-k",0,4,0.3,0.4,0,0,NA,NA,NA
"MuraroPancreas","Pancreas","Human","DeepSeekCell-NoOntologyK","deepseek","deepseek-chat",1,"evidence-no-ontology-k",0,5,0.4,0.5,0,0,NA,NA,NA
"MuraroPancreas","Pancreas","Human","DeepSeekCell-NoOntologyK","deepseek","deepseek-chat",1,"evidence-no-ontology-k",0,6,0.5,0.6,1,0.0909090909090909,0.545,0,0.545
"MuraroPancreas","Pancreas","Human","DeepSeekCell-NoOntologyK","deepseek","deepseek-chat",1,"evidence-no-ontology-k",0,7,0.6,0.7,1,0.0909090909090909,0.69,1,0.31
"MuraroPancreas","Pancreas","Human","DeepSeekCell-NoOntologyK","deepseek","deepseek-chat",1,"evidence-no-ontology-k",0,8,0.7,0.8,2,0.181818181818182,0.7535,1,0.2465
"MuraroPancreas","Pancreas","Human","DeepSeekCell-NoOntologyK","deepseek","deepseek-chat",1,"evidence-no-ontology-k",0,9,0.8,0.9,7,0.636363636363636,0.835428571428571,0.857142857142857,0.0217142857142857
"MuraroPancreas","Pancreas","Human","DeepSeekCell-NoOntologyK","deepseek","deepseek-chat",1,"evidence-no-ontology-k",0,10,0.9,1,0,0,NA,NA,NA
"MuraroPancreas","Pancreas","Human","DeepSeekCell-FullRefined","deepseek","deepseek-chat",1,"full",11,1,0,0.1,0,0,NA,NA,NA
"MuraroPancreas","Pancreas","Human","DeepSeekCell-FullRefined","deepseek","deepseek-chat",1,"full",11,2,0.1,0.2,0,0,NA,NA,NA
"MuraroPancreas","Pancreas","Human","DeepSeekCell-FullRefined","deepseek","deepseek-chat",1,"full",11,3,0.2,0.3,0,0,NA,NA,NA
"MuraroPancreas","Pancreas","Human","DeepSeekCell-FullRefined","deepseek","deepseek-chat",1,"full",11,4,0.3,0.4,0,0,NA,NA,NA
"MuraroPancreas","Pancreas","Human","DeepSeekCell-FullRefined","deepseek","deepseek-chat",1,"full",11,5,0.4,0.5,1,0.0909090909090909,0.49,0,0.49
"MuraroPancreas","Pancreas","Human","DeepSeekCell-FullRefined","deepseek","deepseek-chat",1,"full",11,6,0.5,0.6,0,0,NA,NA,NA
"MuraroPancreas","Pancreas","Human","DeepSeekCell-FullRefined","deepseek","deepseek-chat",1,"full",11,7,0.6,0.7,1,0.0909090909090909,0.69,1,0.31
"MuraroPancreas","Pancreas","Human","DeepSeekCell-FullRefined","deepseek","deepseek-chat",1,"full",11,8,0.7,0.8,3,0.272727272727273,0.755666666666667,0.666666666666667,0.0890000000000001
"MuraroPancreas","Pancreas","Human","DeepSeekCell-FullRefined","deepseek","deepseek-chat",1,"full",11,9,0.8,0.9,6,0.545454545454545,0.833833333333333,1,0.166166666666667
"MuraroPancreas","Pancreas","Human","DeepSeekCell-FullRefined","deepseek","deepseek-chat",1,"full",11,10,0.9,1,0,0,NA,NA,NA
"TasicBrain","Brain","Mouse","DeepSeek-Plain","deepseek","deepseek-chat",1,"none",0,1,0,0.1,0,0,NA,NA,NA
"TasicBrain","Brain","Mouse","DeepSeek-Plain","deepseek","deepseek-chat",1,"none",0,2,0.1,0.2,0,0,NA,NA,NA
"TasicBrain","Brain","Mouse","DeepSeek-Plain","deepseek","deepseek-chat",1,"none",0,3,0.2,0.3,0,0,NA,NA,NA
"TasicBrain","Brain","Mouse","DeepSeek-Plain","deepseek","deepseek-chat",1,"none",0,4,0.3,0.4,0,0,NA,NA,NA
"TasicBrain","Brain","Mouse","DeepSeek-Plain","deepseek","deepseek-chat",1,"none",0,5,0.4,0.5,0,0,NA,NA,NA
"TasicBrain","Brain","Mouse","DeepSeek-Plain","deepseek","deepseek-chat",1,"none",0,6,0.5,0.6,0,0,NA,NA,NA
"TasicBrain","Brain","Mouse","DeepSeek-Plain","deepseek","deepseek-chat",1,"none",0,7,0.6,0.7,1,0.0666666666666667,0.7,1,0.3
"TasicBrain","Brain","Mouse","DeepSeek-Plain","deepseek","deepseek-chat",1,"none",0,8,0.7,0.8,3,0.2,0.8,1,0.2
"TasicBrain","Brain","Mouse","DeepSeek-Plain","deepseek","deepseek-chat",1,"none",0,9,0.8,0.9,0,0,NA,NA,NA
"TasicBrain","Brain","Mouse","DeepSeek-Plain","deepseek","deepseek-chat",1,"none",0,10,0.9,1,11,0.733333333333333,0.95,1,0.05
"TasicBrain","Brain","Mouse","DeepSeekCell-Evidence","deepseek","deepseek-chat",1,"none",0,1,0,0.1,0,0,NA,NA,NA
"TasicBrain","Brain","Mouse","DeepSeekCell-Evidence","deepseek","deepseek-chat",1,"none",0,2,0.1,0.2,0,0,NA,NA,NA
"TasicBrain","Brain","Mouse","DeepSeekCell-Evidence","deepseek","deepseek-chat",1,"none",0,3,0.2,0.3,0,0,NA,NA,NA
"TasicBrain","Brain","Mouse","DeepSeekCell-Evidence","deepseek","deepseek-chat",1,"none",0,4,0.3,0.4,0,0,NA,NA,NA
"TasicBrain","Brain","Mouse","DeepSeekCell-Evidence","deepseek","deepseek-chat",1,"none",0,5,0.4,0.5,0,0,NA,NA,NA
"TasicBrain","Brain","Mouse","DeepSeekCell-Evidence","deepseek","deepseek-chat",1,"none",0,6,0.5,0.6,0,0,NA,NA,NA
"TasicBrain","Brain","Mouse","DeepSeekCell-Evidence","deepseek","deepseek-chat",1,"none",0,7,0.6,0.7,1,0.0666666666666667,0.7,1,0.3
"TasicBrain","Brain","Mouse","DeepSeekCell-Evidence","deepseek","deepseek-chat",1,"none",0,8,0.7,0.8,3,0.2,0.8,1,0.2
"TasicBrain","Brain","Mouse","DeepSeekCell-Evidence","deepseek","deepseek-chat",1,"none",0,9,0.8,0.9,0,0,NA,NA,NA
"TasicBrain","Brain","Mouse","DeepSeekCell-Evidence","deepseek","deepseek-chat",1,"none",0,10,0.9,1,11,0.733333333333333,0.95,1,0.05
"TasicBrain","Brain","Mouse","DeepSeekCell-Calibrated","deepseek","deepseek-chat",1,"none",0,1,0,0.1,0,0,NA,NA,NA
"TasicBrain","Brain","Mouse","DeepSeekCell-Calibrated","deepseek","deepseek-chat",1,"none",0,2,0.1,0.2,0,0,NA,NA,NA
"TasicBrain","Brain","Mouse","DeepSeekCell-Calibrated","deepseek","deepseek-chat",1,"none",0,3,0.2,0.3,0,0,NA,NA,NA
"TasicBrain","Brain","Mouse","DeepSeekCell-Calibrated","deepseek","deepseek-chat",1,"none",0,4,0.3,0.4,0,0,NA,NA,NA
"TasicBrain","Brain","Mouse","DeepSeekCell-Calibrated","deepseek","deepseek-chat",1,"none",0,5,0.4,0.5,0,0,NA,NA,NA
"TasicBrain","Brain","Mouse","DeepSeekCell-Calibrated","deepseek","deepseek-chat",1,"none",0,6,0.5,0.6,0,0,NA,NA,NA
"TasicBrain","Brain","Mouse","DeepSeekCell-Calibrated","deepseek","deepseek-chat",1,"none",0,7,0.6,0.7,0,0,NA,NA,NA
"TasicBrain","Brain","Mouse","DeepSeekCell-Calibrated","deepseek","deepseek-chat",1,"none",0,8,0.7,0.8,5,0.333333333333333,0.7804,1,0.2196
"TasicBrain","Brain","Mouse","DeepSeekCell-Calibrated","deepseek","deepseek-chat",1,"none",0,9,0.8,0.9,8,0.533333333333333,0.831875,1,0.168125
"TasicBrain","Brain","Mouse","DeepSeekCell-Calibrated","deepseek","deepseek-chat",1,"none",0,10,0.9,1,2,0.133333333333333,0.941,1,0.0590000000000001
"TasicBrain","Brain","Mouse","DeepSeekCell-SelfRefined","deepseek","deepseek-chat",1,"evidence-k",0,1,0,0.1,0,0,NA,NA,NA
"TasicBrain","Brain","Mouse","DeepSeekCell-SelfRefined","deepseek","deepseek-chat",1,"evidence-k",0,2,0.1,0.2,0,0,NA,NA,NA
"TasicBrain","Brain","Mouse","DeepSeekCell-SelfRefined","deepseek","deepseek-chat",1,"evidence-k",0,3,0.2,0.3,0,0,NA,NA,NA
"TasicBrain","Brain","Mouse","DeepSeekCell-SelfRefined","deepseek","deepseek-chat",1,"evidence-k",0,4,0.3,0.4,0,0,NA,NA,NA
"TasicBrain","Brain","Mouse","DeepSeekCell-SelfRefined","deepseek","deepseek-chat",1,"evidence-k",0,5,0.4,0.5,0,0,NA,NA,NA
"TasicBrain","Brain","Mouse","DeepSeekCell-SelfRefined","deepseek","deepseek-chat",1,"evidence-k",0,6,0.5,0.6,0,0,NA,NA,NA
"TasicBrain","Brain","Mouse","DeepSeekCell-SelfRefined","deepseek","deepseek-chat",1,"evidence-k",0,7,0.6,0.7,0,0,NA,NA,NA
"TasicBrain","Brain","Mouse","DeepSeekCell-SelfRefined","deepseek","deepseek-chat",1,"evidence-k",0,8,0.7,0.8,5,0.333333333333333,0.7804,1,0.2196
"TasicBrain","Brain","Mouse","DeepSeekCell-SelfRefined","deepseek","deepseek-chat",1,"evidence-k",0,9,0.8,0.9,8,0.533333333333333,0.831875,1,0.168125
"TasicBrain","Brain","Mouse","DeepSeekCell-SelfRefined","deepseek","deepseek-chat",1,"evidence-k",0,10,0.9,1,2,0.133333333333333,0.941,1,0.0590000000000001
"TasicBrain","Brain","Mouse","DeepSeekCell-RandomK","deepseek","deepseek-chat",1,"random-k",0,1,0,0.1,0,0,NA,NA,NA
"TasicBrain","Brain","Mouse","DeepSeekCell-RandomK","deepseek","deepseek-chat",1,"random-k",0,2,0.1,0.2,0,0,NA,NA,NA
"TasicBrain","Brain","Mouse","DeepSeekCell-RandomK","deepseek","deepseek-chat",1,"random-k",0,3,0.2,0.3,0,0,NA,NA,NA
"TasicBrain","Brain","Mouse","DeepSeekCell-RandomK","deepseek","deepseek-chat",1,"random-k",0,4,0.3,0.4,0,0,NA,NA,NA
"TasicBrain","Brain","Mouse","DeepSeekCell-RandomK","deepseek","deepseek-chat",1,"random-k",0,5,0.4,0.5,0,0,NA,NA,NA
"TasicBrain","Brain","Mouse","DeepSeekCell-RandomK","deepseek","deepseek-chat",1,"random-k",0,6,0.5,0.6,0,0,NA,NA,NA
"TasicBrain","Brain","Mouse","DeepSeekCell-RandomK","deepseek","deepseek-chat",1,"random-k",0,7,0.6,0.7,0,0,NA,NA,NA
"TasicBrain","Brain","Mouse","DeepSeekCell-RandomK","deepseek","deepseek-chat",1,"random-k",0,8,0.7,0.8,5,0.333333333333333,0.7804,1,0.2196
"TasicBrain","Brain","Mouse","DeepSeekCell-RandomK","deepseek","deepseek-chat",1,"random-k",0,9,0.8,0.9,8,0.533333333333333,0.831875,1,0.168125
"TasicBrain","Brain","Mouse","DeepSeekCell-RandomK","deepseek","deepseek-chat",1,"random-k",0,10,0.9,1,2,0.133333333333333,0.941,1,0.0590000000000001
"TasicBrain","Brain","Mouse","DeepSeekCell-ConfidenceK","deepseek","deepseek-chat",1,"confidence-k",0,1,0,0.1,0,0,NA,NA,NA
"TasicBrain","Brain","Mouse","DeepSeekCell-ConfidenceK","deepseek","deepseek-chat",1,"confidence-k",0,2,0.1,0.2,0,0,NA,NA,NA
"TasicBrain","Brain","Mouse","DeepSeekCell-ConfidenceK","deepseek","deepseek-chat",1,"confidence-k",0,3,0.2,0.3,0,0,NA,NA,NA
"TasicBrain","Brain","Mouse","DeepSeekCell-ConfidenceK","deepseek","deepseek-chat",1,"confidence-k",0,4,0.3,0.4,0,0,NA,NA,NA
"TasicBrain","Brain","Mouse","DeepSeekCell-ConfidenceK","deepseek","deepseek-chat",1,"confidence-k",0,5,0.4,0.5,0,0,NA,NA,NA
"TasicBrain","Brain","Mouse","DeepSeekCell-ConfidenceK","deepseek","deepseek-chat",1,"confidence-k",0,6,0.5,0.6,0,0,NA,NA,NA
"TasicBrain","Brain","Mouse","DeepSeekCell-ConfidenceK","deepseek","deepseek-chat",1,"confidence-k",0,7,0.6,0.7,0,0,NA,NA,NA
"TasicBrain","Brain","Mouse","DeepSeekCell-ConfidenceK","deepseek","deepseek-chat",1,"confidence-k",0,8,0.7,0.8,5,0.333333333333333,0.7804,1,0.2196
"TasicBrain","Brain","Mouse","DeepSeekCell-ConfidenceK","deepseek","deepseek-chat",1,"confidence-k",0,9,0.8,0.9,8,0.533333333333333,0.831875,1,0.168125
"TasicBrain","Brain","Mouse","DeepSeekCell-ConfidenceK","deepseek","deepseek-chat",1,"confidence-k",0,10,0.9,1,2,0.133333333333333,0.941,1,0.0590000000000001
"TasicBrain","Brain","Mouse","DeepSeekCell-NoOntologyK","deepseek","deepseek-chat",1,"evidence-no-ontology-k",0,1,0,0.1,0,0,NA,NA,NA
"TasicBrain","Brain","Mouse","DeepSeekCell-NoOntologyK","deepseek","deepseek-chat",1,"evidence-no-ontology-k",0,2,0.1,0.2,0,0,NA,NA,NA
"TasicBrain","Brain","Mouse","DeepSeekCell-NoOntologyK","deepseek","deepseek-chat",1,"evidence-no-ontology-k",0,3,0.2,0.3,0,0,NA,NA,NA
"TasicBrain","Brain","Mouse","DeepSeekCell-NoOntologyK","deepseek","deepseek-chat",1,"evidence-no-ontology-k",0,4,0.3,0.4,0,0,NA,NA,NA
"TasicBrain","Brain","Mouse","DeepSeekCell-NoOntologyK","deepseek","deepseek-chat",1,"evidence-no-ontology-k",0,5,0.4,0.5,0,0,NA,NA,NA
"TasicBrain","Brain","Mouse","DeepSeekCell-NoOntologyK","deepseek","deepseek-chat",1,"evidence-no-ontology-k",0,6,0.5,0.6,0,0,NA,NA,NA
"TasicBrain","Brain","Mouse","DeepSeekCell-NoOntologyK","deepseek","deepseek-chat",1,"evidence-no-ontology-k",0,7,0.6,0.7,0,0,NA,NA,NA
"TasicBrain","Brain","Mouse","DeepSeekCell-NoOntologyK","deepseek","deepseek-chat",1,"evidence-no-ontology-k",0,8,0.7,0.8,5,0.333333333333333,0.7804,1,0.2196
"TasicBrain","Brain","Mouse","DeepSeekCell-NoOntologyK","deepseek","deepseek-chat",1,"evidence-no-ontology-k",0,9,0.8,0.9,8,0.533333333333333,0.831875,1,0.168125
"TasicBrain","Brain","Mouse","DeepSeekCell-NoOntologyK","deepseek","deepseek-chat",1,"evidence-no-ontology-k",0,10,0.9,1,2,0.133333333333333,0.941,1,0.0590000000000001
"TasicBrain","Brain","Mouse","DeepSeekCell-FullRefined","deepseek","deepseek-chat",1,"full",15,1,0,0.1,0,0,NA,NA,NA
"TasicBrain","Brain","Mouse","DeepSeekCell-FullRefined","deepseek","deepseek-chat",1,"full",15,2,0.1,0.2,0,0,NA,NA,NA
"TasicBrain","Brain","Mouse","DeepSeekCell-FullRefined","deepseek","deepseek-chat",1,"full",15,3,0.2,0.3,0,0,NA,NA,NA
"TasicBrain","Brain","Mouse","DeepSeekCell-FullRefined","deepseek","deepseek-chat",1,"full",15,4,0.3,0.4,0,0,NA,NA,NA
"TasicBrain","Brain","Mouse","DeepSeekCell-FullRefined","deepseek","deepseek-chat",1,"full",15,5,0.4,0.5,0,0,NA,NA,NA
"TasicBrain","Brain","Mouse","DeepSeekCell-FullRefined","deepseek","deepseek-chat",1,"full",15,6,0.5,0.6,0,0,NA,NA,NA
"TasicBrain","Brain","Mouse","DeepSeekCell-FullRefined","deepseek","deepseek-chat",1,"full",15,7,0.6,0.7,0,0,NA,NA,NA
"TasicBrain","Brain","Mouse","DeepSeekCell-FullRefined","deepseek","deepseek-chat",1,"full",15,8,0.7,0.8,5,0.333333333333333,0.7804,1,0.2196
"TasicBrain","Brain","Mouse","DeepSeekCell-FullRefined","deepseek","deepseek-chat",1,"full",15,9,0.8,0.9,8,0.533333333333333,0.831875,1,0.168125
"TasicBrain","Brain","Mouse","DeepSeekCell-FullRefined","deepseek","deepseek-chat",1,"full",15,10,0.9,1,2,0.133333333333333,0.941,1,0.0590000000000001
"ZeiselBrain","Brain","Mouse","DeepSeek-Plain","deepseek","deepseek-chat",1,"none",0,1,0,0.1,0,0,NA,NA,NA
"ZeiselBrain","Brain","Mouse","DeepSeek-Plain","deepseek","deepseek-chat",1,"none",0,2,0.1,0.2,0,0,NA,NA,NA
"ZeiselBrain","Brain","Mouse","DeepSeek-Plain","deepseek","deepseek-chat",1,"none",0,3,0.2,0.3,0,0,NA,NA,NA
"ZeiselBrain","Brain","Mouse","DeepSeek-Plain","deepseek","deepseek-chat",1,"none",0,4,0.3,0.4,0,0,NA,NA,NA
"ZeiselBrain","Brain","Mouse","DeepSeek-Plain","deepseek","deepseek-chat",1,"none",0,5,0.4,0.5,1,0.0625,0.5,0,0.5
"ZeiselBrain","Brain","Mouse","DeepSeek-Plain","deepseek","deepseek-chat",1,"none",0,6,0.5,0.6,1,0.0625,0.6,0,0.6
"ZeiselBrain","Brain","Mouse","DeepSeek-Plain","deepseek","deepseek-chat",1,"none",0,7,0.6,0.7,0,0,NA,NA,NA
"ZeiselBrain","Brain","Mouse","DeepSeek-Plain","deepseek","deepseek-chat",1,"none",0,8,0.7,0.8,0,0,NA,NA,NA
"ZeiselBrain","Brain","Mouse","DeepSeek-Plain","deepseek","deepseek-chat",1,"none",0,9,0.8,0.9,5,0.3125,0.9,0.6,0.3
"ZeiselBrain","Brain","Mouse","DeepSeek-Plain","deepseek","deepseek-chat",1,"none",0,10,0.9,1,9,0.5625,0.963333333333333,0.888888888888889,0.0744444444444444
"ZeiselBrain","Brain","Mouse","DeepSeekCell-Evidence","deepseek","deepseek-chat",1,"none",0,1,0,0.1,0,0,NA,NA,NA
"ZeiselBrain","Brain","Mouse","DeepSeekCell-Evidence","deepseek","deepseek-chat",1,"none",0,2,0.1,0.2,0,0,NA,NA,NA
"ZeiselBrain","Brain","Mouse","DeepSeekCell-Evidence","deepseek","deepseek-chat",1,"none",0,3,0.2,0.3,0,0,NA,NA,NA
"ZeiselBrain","Brain","Mouse","DeepSeekCell-Evidence","deepseek","deepseek-chat",1,"none",0,4,0.3,0.4,0,0,NA,NA,NA
"ZeiselBrain","Brain","Mouse","DeepSeekCell-Evidence","deepseek","deepseek-chat",1,"none",0,5,0.4,0.5,1,0.0625,0.5,0,0.5
"ZeiselBrain","Brain","Mouse","DeepSeekCell-Evidence","deepseek","deepseek-chat",1,"none",0,6,0.5,0.6,1,0.0625,0.6,0,0.6
"ZeiselBrain","Brain","Mouse","DeepSeekCell-Evidence","deepseek","deepseek-chat",1,"none",0,7,0.6,0.7,0,0,NA,NA,NA
"ZeiselBrain","Brain","Mouse","DeepSeekCell-Evidence","deepseek","deepseek-chat",1,"none",0,8,0.7,0.8,0,0,NA,NA,NA
"ZeiselBrain","Brain","Mouse","DeepSeekCell-Evidence","deepseek","deepseek-chat",1,"none",0,9,0.8,0.9,5,0.3125,0.9,0.6,0.3
"ZeiselBrain","Brain","Mouse","DeepSeekCell-Evidence","deepseek","deepseek-chat",1,"none",0,10,0.9,1,9,0.5625,0.963333333333333,0.888888888888889,0.0744444444444444
"ZeiselBrain","Brain","Mouse","DeepSeekCell-Calibrated","deepseek","deepseek-chat",1,"none",0,1,0,0.1,0,0,NA,NA,NA
"ZeiselBrain","Brain","Mouse","DeepSeekCell-Calibrated","deepseek","deepseek-chat",1,"none",0,2,0.1,0.2,0,0,NA,NA,NA
"ZeiselBrain","Brain","Mouse","DeepSeekCell-Calibrated","deepseek","deepseek-chat",1,"none",0,3,0.2,0.3,0,0,NA,NA,NA
"ZeiselBrain","Brain","Mouse","DeepSeekCell-Calibrated","deepseek","deepseek-chat",1,"none",0,4,0.3,0.4,0,0,NA,NA,NA
"ZeiselBrain","Brain","Mouse","DeepSeekCell-Calibrated","deepseek","deepseek-chat",1,"none",0,5,0.4,0.5,2,0.125,0.4745,0,0.4745
"ZeiselBrain","Brain","Mouse","DeepSeekCell-Calibrated","deepseek","deepseek-chat",1,"none",0,6,0.5,0.6,0,0,NA,NA,NA
"ZeiselBrain","Brain","Mouse","DeepSeekCell-Calibrated","deepseek","deepseek-chat",1,"none",0,7,0.6,0.7,0,0,NA,NA,NA
"ZeiselBrain","Brain","Mouse","DeepSeekCell-Calibrated","deepseek","deepseek-chat",1,"none",0,8,0.7,0.8,4,0.25,0.77,0.75,0.02
"ZeiselBrain","Brain","Mouse","DeepSeekCell-Calibrated","deepseek","deepseek-chat",1,"none",0,9,0.8,0.9,6,0.375,0.848,0.666666666666667,0.181333333333333
"ZeiselBrain","Brain","Mouse","DeepSeekCell-Calibrated","deepseek","deepseek-chat",1,"none",0,10,0.9,1,4,0.25,0.94075,1,0.05925
"ZeiselBrain","Brain","Mouse","DeepSeekCell-SelfRefined","deepseek","deepseek-chat",1,"evidence-k",1,1,0,0.1,0,0,NA,NA,NA
"ZeiselBrain","Brain","Mouse","DeepSeekCell-SelfRefined","deepseek","deepseek-chat",1,"evidence-k",1,2,0.1,0.2,0,0,NA,NA,NA
"ZeiselBrain","Brain","Mouse","DeepSeekCell-SelfRefined","deepseek","deepseek-chat",1,"evidence-k",1,3,0.2,0.3,0,0,NA,NA,NA
"ZeiselBrain","Brain","Mouse","DeepSeekCell-SelfRefined","deepseek","deepseek-chat",1,"evidence-k",1,4,0.3,0.4,0,0,NA,NA,NA
"ZeiselBrain","Brain","Mouse","DeepSeekCell-SelfRefined","deepseek","deepseek-chat",1,"evidence-k",1,5,0.4,0.5,2,0.125,0.4745,0,0.4745
"ZeiselBrain","Brain","Mouse","DeepSeekCell-SelfRefined","deepseek","deepseek-chat",1,"evidence-k",1,6,0.5,0.6,0,0,NA,NA,NA
"ZeiselBrain","Brain","Mouse","DeepSeekCell-SelfRefined","deepseek","deepseek-chat",1,"evidence-k",1,7,0.6,0.7,0,0,NA,NA,NA
"ZeiselBrain","Brain","Mouse","DeepSeekCell-SelfRefined","deepseek","deepseek-chat",1,"evidence-k",1,8,0.7,0.8,3,0.1875,0.787,1,0.213
"ZeiselBrain","Brain","Mouse","DeepSeekCell-SelfRefined","deepseek","deepseek-chat",1,"evidence-k",1,9,0.8,0.9,7,0.4375,0.850285714285714,0.714285714285714,0.136
"ZeiselBrain","Brain","Mouse","DeepSeekCell-SelfRefined","deepseek","deepseek-chat",1,"evidence-k",1,10,0.9,1,4,0.25,0.94075,1,0.05925
"ZeiselBrain","Brain","Mouse","DeepSeekCell-RandomK","deepseek","deepseek-chat",1,"random-k",1,1,0,0.1,0,0,NA,NA,NA
"ZeiselBrain","Brain","Mouse","DeepSeekCell-RandomK","deepseek","deepseek-chat",1,"random-k",1,2,0.1,0.2,0,0,NA,NA,NA
"ZeiselBrain","Brain","Mouse","DeepSeekCell-RandomK","deepseek","deepseek-chat",1,"random-k",1,3,0.2,0.3,0,0,NA,NA,NA
"ZeiselBrain","Brain","Mouse","DeepSeekCell-RandomK","deepseek","deepseek-chat",1,"random-k",1,4,0.3,0.4,0,0,NA,NA,NA
"ZeiselBrain","Brain","Mouse","DeepSeekCell-RandomK","deepseek","deepseek-chat",1,"random-k",1,5,0.4,0.5,1,0.0625,0.459,0,0.459
"ZeiselBrain","Brain","Mouse","DeepSeekCell-RandomK","deepseek","deepseek-chat",1,"random-k",1,6,0.5,0.6,0,0,NA,NA,NA
"ZeiselBrain","Brain","Mouse","DeepSeekCell-RandomK","deepseek","deepseek-chat",1,"random-k",1,7,0.6,0.7,1,0.0625,0.695,0,0.695
"ZeiselBrain","Brain","Mouse","DeepSeekCell-RandomK","deepseek","deepseek-chat",1,"random-k",1,8,0.7,0.8,4,0.25,0.77,0.75,0.02
"ZeiselBrain","Brain","Mouse","DeepSeekCell-RandomK","deepseek","deepseek-chat",1,"random-k",1,9,0.8,0.9,6,0.375,0.848,0.666666666666667,0.181333333333333
"ZeiselBrain","Brain","Mouse","DeepSeekCell-RandomK","deepseek","deepseek-chat",1,"random-k",1,10,0.9,1,4,0.25,0.94075,1,0.05925
"ZeiselBrain","Brain","Mouse","DeepSeekCell-ConfidenceK","deepseek","deepseek-chat",1,"confidence-k",1,1,0,0.1,0,0,NA,NA,NA
"ZeiselBrain","Brain","Mouse","DeepSeekCell-ConfidenceK","deepseek","deepseek-chat",1,"confidence-k",1,2,0.1,0.2,0,0,NA,NA,NA
"ZeiselBrain","Brain","Mouse","DeepSeekCell-ConfidenceK","deepseek","deepseek-chat",1,"confidence-k",1,3,0.2,0.3,0,0,NA,NA,NA
"ZeiselBrain","Brain","Mouse","DeepSeekCell-ConfidenceK","deepseek","deepseek-chat",1,"confidence-k",1,4,0.3,0.4,0,0,NA,NA,NA
"ZeiselBrain","Brain","Mouse","DeepSeekCell-ConfidenceK","deepseek","deepseek-chat",1,"confidence-k",1,5,0.4,0.5,1,0.0625,0.49,0,0.49
"ZeiselBrain","Brain","Mouse","DeepSeekCell-ConfidenceK","deepseek","deepseek-chat",1,"confidence-k",1,6,0.5,0.6,0,0,NA,NA,NA
"ZeiselBrain","Brain","Mouse","DeepSeekCell-ConfidenceK","deepseek","deepseek-chat",1,"confidence-k",1,7,0.6,0.7,1,0.0625,0.635,0,0.635
"ZeiselBrain","Brain","Mouse","DeepSeekCell-ConfidenceK","deepseek","deepseek-chat",1,"confidence-k",1,8,0.7,0.8,4,0.25,0.77,0.75,0.02
"ZeiselBrain","Brain","Mouse","DeepSeekCell-ConfidenceK","deepseek","deepseek-chat",1,"confidence-k",1,9,0.8,0.9,6,0.375,0.848,0.666666666666667,0.181333333333333
"ZeiselBrain","Brain","Mouse","DeepSeekCell-ConfidenceK","deepseek","deepseek-chat",1,"confidence-k",1,10,0.9,1,4,0.25,0.94075,1,0.05925
"ZeiselBrain","Brain","Mouse","DeepSeekCell-NoOntologyK","deepseek","deepseek-chat",1,"evidence-no-ontology-k",1,1,0,0.1,0,0,NA,NA,NA
"ZeiselBrain","Brain","Mouse","DeepSeekCell-NoOntologyK","deepseek","deepseek-chat",1,"evidence-no-ontology-k",1,2,0.1,0.2,0,0,NA,NA,NA
"ZeiselBrain","Brain","Mouse","DeepSeekCell-NoOntologyK","deepseek","deepseek-chat",1,"evidence-no-ontology-k",1,3,0.2,0.3,0,0,NA,NA,NA
"ZeiselBrain","Brain","Mouse","DeepSeekCell-NoOntologyK","deepseek","deepseek-chat",1,"evidence-no-ontology-k",1,4,0.3,0.4,0,0,NA,NA,NA
"ZeiselBrain","Brain","Mouse","DeepSeekCell-NoOntologyK","deepseek","deepseek-chat",1,"evidence-no-ontology-k",1,5,0.4,0.5,2,0.125,0.4745,0,0.4745
"ZeiselBrain","Brain","Mouse","DeepSeekCell-NoOntologyK","deepseek","deepseek-chat",1,"evidence-no-ontology-k",1,6,0.5,0.6,0,0,NA,NA,NA
"ZeiselBrain","Brain","Mouse","DeepSeekCell-NoOntologyK","deepseek","deepseek-chat",1,"evidence-no-ontology-k",1,7,0.6,0.7,0,0,NA,NA,NA
"ZeiselBrain","Brain","Mouse","DeepSeekCell-NoOntologyK","deepseek","deepseek-chat",1,"evidence-no-ontology-k",1,8,0.7,0.8,3,0.1875,0.787,1,0.213
"ZeiselBrain","Brain","Mouse","DeepSeekCell-NoOntologyK","deepseek","deepseek-chat",1,"evidence-no-ontology-k",1,9,0.8,0.9,7,0.4375,0.853857142857143,0.714285714285714,0.139571428571429
"ZeiselBrain","Brain","Mouse","DeepSeekCell-NoOntologyK","deepseek","deepseek-chat",1,"evidence-no-ontology-k",1,10,0.9,1,4,0.25,0.94075,1,0.05925
"ZeiselBrain","Brain","Mouse","DeepSeekCell-FullRefined","deepseek","deepseek-chat",1,"full",16,1,0,0.1,0,0,NA,NA,NA
"ZeiselBrain","Brain","Mouse","DeepSeekCell-FullRefined","deepseek","deepseek-chat",1,"full",16,2,0.1,0.2,0,0,NA,NA,NA
"ZeiselBrain","Brain","Mouse","DeepSeekCell-FullRefined","deepseek","deepseek-chat",1,"full",16,3,0.2,0.3,0,0,NA,NA,NA
"ZeiselBrain","Brain","Mouse","DeepSeekCell-FullRefined","deepseek","deepseek-chat",1,"full",16,4,0.3,0.4,0,0,NA,NA,NA
"ZeiselBrain","Brain","Mouse","DeepSeekCell-FullRefined","deepseek","deepseek-chat",1,"full",16,5,0.4,0.5,0,0,NA,NA,NA
"ZeiselBrain","Brain","Mouse","DeepSeekCell-FullRefined","deepseek","deepseek-chat",1,"full",16,6,0.5,0.6,2,0.125,0.5525,0,0.5525
"ZeiselBrain","Brain","Mouse","DeepSeekCell-FullRefined","deepseek","deepseek-chat",1,"full",16,7,0.6,0.7,0,0,NA,NA,NA
"ZeiselBrain","Brain","Mouse","DeepSeekCell-FullRefined","deepseek","deepseek-chat",1,"full",16,8,0.7,0.8,3,0.1875,0.787,1,0.213
"ZeiselBrain","Brain","Mouse","DeepSeekCell-FullRefined","deepseek","deepseek-chat",1,"full",16,9,0.8,0.9,7,0.4375,0.851,0.714285714285714,0.136714285714286
"ZeiselBrain","Brain","Mouse","DeepSeekCell-FullRefined","deepseek","deepseek-chat",1,"full",16,10,0.9,1,4,0.25,0.94075,1,0.05925
"ZilionisLung","Lung","Human","DeepSeek-Plain","deepseek","deepseek-chat",1,"none",0,1,0,0.1,0,0,NA,NA,NA
"ZilionisLung","Lung","Human","DeepSeek-Plain","deepseek","deepseek-chat",1,"none",0,2,0.1,0.2,0,0,NA,NA,NA
"ZilionisLung","Lung","Human","DeepSeek-Plain","deepseek","deepseek-chat",1,"none",0,3,0.2,0.3,0,0,NA,NA,NA
"ZilionisLung","Lung","Human","DeepSeek-Plain","deepseek","deepseek-chat",1,"none",0,4,0.3,0.4,0,0,NA,NA,NA
"ZilionisLung","Lung","Human","DeepSeek-Plain","deepseek","deepseek-chat",1,"none",0,5,0.4,0.5,1,0.0588235294117647,0.5,0,0.5
"ZilionisLung","Lung","Human","DeepSeek-Plain","deepseek","deepseek-chat",1,"none",0,6,0.5,0.6,0,0,NA,NA,NA
"ZilionisLung","Lung","Human","DeepSeek-Plain","deepseek","deepseek-chat",1,"none",0,7,0.6,0.7,1,0.0588235294117647,0.7,0,0.7
"ZilionisLung","Lung","Human","DeepSeek-Plain","deepseek","deepseek-chat",1,"none",0,8,0.7,0.8,1,0.0588235294117647,0.8,0,0.8
"ZilionisLung","Lung","Human","DeepSeek-Plain","deepseek","deepseek-chat",1,"none",0,9,0.8,0.9,6,0.352941176470588,0.891666666666667,0.833333333333333,0.0583333333333333
"ZilionisLung","Lung","Human","DeepSeek-Plain","deepseek","deepseek-chat",1,"none",0,10,0.9,1,8,0.470588235294118,0.95,0.875,0.075
"ZilionisLung","Lung","Human","DeepSeekCell-Evidence","deepseek","deepseek-chat",1,"none",0,1,0,0.1,0,0,NA,NA,NA
"ZilionisLung","Lung","Human","DeepSeekCell-Evidence","deepseek","deepseek-chat",1,"none",0,2,0.1,0.2,0,0,NA,NA,NA
"ZilionisLung","Lung","Human","DeepSeekCell-Evidence","deepseek","deepseek-chat",1,"none",0,3,0.2,0.3,0,0,NA,NA,NA
"ZilionisLung","Lung","Human","DeepSeekCell-Evidence","deepseek","deepseek-chat",1,"none",0,4,0.3,0.4,0,0,NA,NA,NA
"ZilionisLung","Lung","Human","DeepSeekCell-Evidence","deepseek","deepseek-chat",1,"none",0,5,0.4,0.5,1,0.0588235294117647,0.5,0,0.5
"ZilionisLung","Lung","Human","DeepSeekCell-Evidence","deepseek","deepseek-chat",1,"none",0,6,0.5,0.6,0,0,NA,NA,NA
"ZilionisLung","Lung","Human","DeepSeekCell-Evidence","deepseek","deepseek-chat",1,"none",0,7,0.6,0.7,1,0.0588235294117647,0.7,0,0.7
"ZilionisLung","Lung","Human","DeepSeekCell-Evidence","deepseek","deepseek-chat",1,"none",0,8,0.7,0.8,1,0.0588235294117647,0.8,0,0.8
"ZilionisLung","Lung","Human","DeepSeekCell-Evidence","deepseek","deepseek-chat",1,"none",0,9,0.8,0.9,6,0.352941176470588,0.891666666666667,0.833333333333333,0.0583333333333333
"ZilionisLung","Lung","Human","DeepSeekCell-Evidence","deepseek","deepseek-chat",1,"none",0,10,0.9,1,8,0.470588235294118,0.95,0.875,0.075
"ZilionisLung","Lung","Human","DeepSeekCell-Calibrated","deepseek","deepseek-chat",1,"none",0,1,0,0.1,0,0,NA,NA,NA
"ZilionisLung","Lung","Human","DeepSeekCell-Calibrated","deepseek","deepseek-chat",1,"none",0,2,0.1,0.2,0,0,NA,NA,NA
"ZilionisLung","Lung","Human","DeepSeekCell-Calibrated","deepseek","deepseek-chat",1,"none",0,3,0.2,0.3,0,0,NA,NA,NA
"ZilionisLung","Lung","Human","DeepSeekCell-Calibrated","deepseek","deepseek-chat",1,"none",0,4,0.3,0.4,0,0,NA,NA,NA
"ZilionisLung","Lung","Human","DeepSeekCell-Calibrated","deepseek","deepseek-chat",1,"none",0,5,0.4,0.5,0,0,NA,NA,NA
"ZilionisLung","Lung","Human","DeepSeekCell-Calibrated","deepseek","deepseek-chat",1,"none",0,6,0.5,0.6,2,0.117647058823529,0.5575,0,0.5575
"ZilionisLung","Lung","Human","DeepSeekCell-Calibrated","deepseek","deepseek-chat",1,"none",0,7,0.6,0.7,0,0,NA,NA,NA
"ZilionisLung","Lung","Human","DeepSeekCell-Calibrated","deepseek","deepseek-chat",1,"none",0,8,0.7,0.8,5,0.294117647058824,0.7354,1,0.2646
"ZilionisLung","Lung","Human","DeepSeekCell-Calibrated","deepseek","deepseek-chat",1,"none",0,9,0.8,0.9,7,0.411764705882353,0.848571428571429,0.571428571428571,0.277142857142857
"ZilionisLung","Lung","Human","DeepSeekCell-Calibrated","deepseek","deepseek-chat",1,"none",0,10,0.9,1,3,0.176470588235294,0.941,1,0.0590000000000001
"ZilionisLung","Lung","Human","DeepSeekCell-SelfRefined","deepseek","deepseek-chat",1,"evidence-k",0,1,0,0.1,0,0,NA,NA,NA
"ZilionisLung","Lung","Human","DeepSeekCell-SelfRefined","deepseek","deepseek-chat",1,"evidence-k",0,2,0.1,0.2,0,0,NA,NA,NA
"ZilionisLung","Lung","Human","DeepSeekCell-SelfRefined","deepseek","deepseek-chat",1,"evidence-k",0,3,0.2,0.3,0,0,NA,NA,NA
"ZilionisLung","Lung","Human","DeepSeekCell-SelfRefined","deepseek","deepseek-chat",1,"evidence-k",0,4,0.3,0.4,0,0,NA,NA,NA
"ZilionisLung","Lung","Human","DeepSeekCell-SelfRefined","deepseek","deepseek-chat",1,"evidence-k",0,5,0.4,0.5,0,0,NA,NA,NA
"ZilionisLung","Lung","Human","DeepSeekCell-SelfRefined","deepseek","deepseek-chat",1,"evidence-k",0,6,0.5,0.6,2,0.117647058823529,0.5575,0,0.5575
"ZilionisLung","Lung","Human","DeepSeekCell-SelfRefined","deepseek","deepseek-chat",1,"evidence-k",0,7,0.6,0.7,0,0,NA,NA,NA
"ZilionisLung","Lung","Human","DeepSeekCell-SelfRefined","deepseek","deepseek-chat",1,"evidence-k",0,8,0.7,0.8,5,0.294117647058824,0.7354,1,0.2646
"ZilionisLung","Lung","Human","DeepSeekCell-SelfRefined","deepseek","deepseek-chat",1,"evidence-k",0,9,0.8,0.9,7,0.411764705882353,0.848571428571429,0.571428571428571,0.277142857142857
"ZilionisLung","Lung","Human","DeepSeekCell-SelfRefined","deepseek","deepseek-chat",1,"evidence-k",0,10,0.9,1,3,0.176470588235294,0.941,1,0.0590000000000001
"ZilionisLung","Lung","Human","DeepSeekCell-RandomK","deepseek","deepseek-chat",1,"random-k",0,1,0,0.1,0,0,NA,NA,NA
"ZilionisLung","Lung","Human","DeepSeekCell-RandomK","deepseek","deepseek-chat",1,"random-k",0,2,0.1,0.2,0,0,NA,NA,NA
"ZilionisLung","Lung","Human","DeepSeekCell-RandomK","deepseek","deepseek-chat",1,"random-k",0,3,0.2,0.3,0,0,NA,NA,NA
"ZilionisLung","Lung","Human","DeepSeekCell-RandomK","deepseek","deepseek-chat",1,"random-k",0,4,0.3,0.4,0,0,NA,NA,NA
"ZilionisLung","Lung","Human","DeepSeekCell-RandomK","deepseek","deepseek-chat",1,"random-k",0,5,0.4,0.5,0,0,NA,NA,NA
"ZilionisLung","Lung","Human","DeepSeekCell-RandomK","deepseek","deepseek-chat",1,"random-k",0,6,0.5,0.6,2,0.117647058823529,0.5575,0,0.5575
"ZilionisLung","Lung","Human","DeepSeekCell-RandomK","deepseek","deepseek-chat",1,"random-k",0,7,0.6,0.7,0,0,NA,NA,NA
"ZilionisLung","Lung","Human","DeepSeekCell-RandomK","deepseek","deepseek-chat",1,"random-k",0,8,0.7,0.8,5,0.294117647058824,0.7354,1,0.2646
"ZilionisLung","Lung","Human","DeepSeekCell-RandomK","deepseek","deepseek-chat",1,"random-k",0,9,0.8,0.9,7,0.411764705882353,0.848571428571429,0.571428571428571,0.277142857142857
"ZilionisLung","Lung","Human","DeepSeekCell-RandomK","deepseek","deepseek-chat",1,"random-k",0,10,0.9,1,3,0.176470588235294,0.941,1,0.0590000000000001
"ZilionisLung","Lung","Human","DeepSeekCell-ConfidenceK","deepseek","deepseek-chat",1,"confidence-k",0,1,0,0.1,0,0,NA,NA,NA
"ZilionisLung","Lung","Human","DeepSeekCell-ConfidenceK","deepseek","deepseek-chat",1,"confidence-k",0,2,0.1,0.2,0,0,NA,NA,NA
"ZilionisLung","Lung","Human","DeepSeekCell-ConfidenceK","deepseek","deepseek-chat",1,"confidence-k",0,3,0.2,0.3,0,0,NA,NA,NA
"ZilionisLung","Lung","Human","DeepSeekCell-ConfidenceK","deepseek","deepseek-chat",1,"confidence-k",0,4,0.3,0.4,0,0,NA,NA,NA
"ZilionisLung","Lung","Human","DeepSeekCell-ConfidenceK","deepseek","deepseek-chat",1,"confidence-k",0,5,0.4,0.5,0,0,NA,NA,NA
"ZilionisLung","Lung","Human","DeepSeekCell-ConfidenceK","deepseek","deepseek-chat",1,"confidence-k",0,6,0.5,0.6,2,0.117647058823529,0.5575,0,0.5575
"ZilionisLung","Lung","Human","DeepSeekCell-ConfidenceK","deepseek","deepseek-chat",1,"confidence-k",0,7,0.6,0.7,0,0,NA,NA,NA
"ZilionisLung","Lung","Human","DeepSeekCell-ConfidenceK","deepseek","deepseek-chat",1,"confidence-k",0,8,0.7,0.8,5,0.294117647058824,0.7354,1,0.2646
"ZilionisLung","Lung","Human","DeepSeekCell-ConfidenceK","deepseek","deepseek-chat",1,"confidence-k",0,9,0.8,0.9,7,0.411764705882353,0.848571428571429,0.571428571428571,0.277142857142857
"ZilionisLung","Lung","Human","DeepSeekCell-ConfidenceK","deepseek","deepseek-chat",1,"confidence-k",0,10,0.9,1,3,0.176470588235294,0.941,1,0.0590000000000001
"ZilionisLung","Lung","Human","DeepSeekCell-NoOntologyK","deepseek","deepseek-chat",1,"evidence-no-ontology-k",0,1,0,0.1,0,0,NA,NA,NA
"ZilionisLung","Lung","Human","DeepSeekCell-NoOntologyK","deepseek","deepseek-chat",1,"evidence-no-ontology-k",0,2,0.1,0.2,0,0,NA,NA,NA
"ZilionisLung","Lung","Human","DeepSeekCell-NoOntologyK","deepseek","deepseek-chat",1,"evidence-no-ontology-k",0,3,0.2,0.3,0,0,NA,NA,NA
"ZilionisLung","Lung","Human","DeepSeekCell-NoOntologyK","deepseek","deepseek-chat",1,"evidence-no-ontology-k",0,4,0.3,0.4,0,0,NA,NA,NA
"ZilionisLung","Lung","Human","DeepSeekCell-NoOntologyK","deepseek","deepseek-chat",1,"evidence-no-ontology-k",0,5,0.4,0.5,0,0,NA,NA,NA
"ZilionisLung","Lung","Human","DeepSeekCell-NoOntologyK","deepseek","deepseek-chat",1,"evidence-no-ontology-k",0,6,0.5,0.6,2,0.117647058823529,0.5575,0,0.5575
"ZilionisLung","Lung","Human","DeepSeekCell-NoOntologyK","deepseek","deepseek-chat",1,"evidence-no-ontology-k",0,7,0.6,0.7,0,0,NA,NA,NA
"ZilionisLung","Lung","Human","DeepSeekCell-NoOntologyK","deepseek","deepseek-chat",1,"evidence-no-ontology-k",0,8,0.7,0.8,5,0.294117647058824,0.7354,1,0.2646
"ZilionisLung","Lung","Human","DeepSeekCell-NoOntologyK","deepseek","deepseek-chat",1,"evidence-no-ontology-k",0,9,0.8,0.9,7,0.411764705882353,0.848571428571429,0.571428571428571,0.277142857142857
"ZilionisLung","Lung","Human","DeepSeekCell-NoOntologyK","deepseek","deepseek-chat",1,"evidence-no-ontology-k",0,10,0.9,1,3,0.176470588235294,0.941,1,0.0590000000000001
"ZilionisLung","Lung","Human","DeepSeekCell-FullRefined","deepseek","deepseek-chat",1,"full",17,1,0,0.1,0,0,NA,NA,NA
"ZilionisLung","Lung","Human","DeepSeekCell-FullRefined","deepseek","deepseek-chat",1,"full",17,2,0.1,0.2,0,0,NA,NA,NA
"ZilionisLung","Lung","Human","DeepSeekCell-FullRefined","deepseek","deepseek-chat",1,"full",17,3,0.2,0.3,0,0,NA,NA,NA
"ZilionisLung","Lung","Human","DeepSeekCell-FullRefined","deepseek","deepseek-chat",1,"full",17,4,0.3,0.4,0,0,NA,NA,NA
"ZilionisLung","Lung","Human","DeepSeekCell-FullRefined","deepseek","deepseek-chat",1,"full",17,5,0.4,0.5,0,0,NA,NA,NA
"ZilionisLung","Lung","Human","DeepSeekCell-FullRefined","deepseek","deepseek-chat",1,"full",17,6,0.5,0.6,0,0,NA,NA,NA
"ZilionisLung","Lung","Human","DeepSeekCell-FullRefined","deepseek","deepseek-chat",1,"full",17,7,0.6,0.7,1,0.0588235294117647,0.605,1,0.395
"ZilionisLung","Lung","Human","DeepSeekCell-FullRefined","deepseek","deepseek-chat",1,"full",17,8,0.7,0.8,3,0.176470588235294,0.749666666666667,0.666666666666667,0.0830000000000001
"ZilionisLung","Lung","Human","DeepSeekCell-FullRefined","deepseek","deepseek-chat",1,"full",17,9,0.8,0.9,10,0.588235294117647,0.8386,0.6,0.2386
"ZilionisLung","Lung","Human","DeepSeekCell-FullRefined","deepseek","deepseek-chat",1,"full",17,10,0.9,1,3,0.176470588235294,0.941,1,0.0590000000000001
"PBMC","PBMC","Human","OpenAI-Plain","openai","gpt-5",1,"none",0,1,0,0.1,0,0,NA,NA,NA
"PBMC","PBMC","Human","OpenAI-Plain","openai","gpt-5",1,"none",0,2,0.1,0.2,0,0,NA,NA,NA
"PBMC","PBMC","Human","OpenAI-Plain","openai","gpt-5",1,"none",0,3,0.2,0.3,0,0,NA,NA,NA
"PBMC","PBMC","Human","OpenAI-Plain","openai","gpt-5",1,"none",0,4,0.3,0.4,0,0,NA,NA,NA
"PBMC","PBMC","Human","OpenAI-Plain","openai","gpt-5",1,"none",0,5,0.4,0.5,0,0,NA,NA,NA
"PBMC","PBMC","Human","OpenAI-Plain","openai","gpt-5",1,"none",0,6,0.5,0.6,0,0,NA,NA,NA
"PBMC","PBMC","Human","OpenAI-Plain","openai","gpt-5",1,"none",0,7,0.6,0.7,2,0.25,0.7,0.5,0.2
"PBMC","PBMC","Human","OpenAI-Plain","openai","gpt-5",1,"none",0,8,0.7,0.8,2,0.25,0.775,1,0.225
"PBMC","PBMC","Human","OpenAI-Plain","openai","gpt-5",1,"none",0,9,0.8,0.9,0,0,NA,NA,NA
"PBMC","PBMC","Human","OpenAI-Plain","openai","gpt-5",1,"none",0,10,0.9,1,4,0.5,0.9675,1,0.0325
"PBMC","PBMC","Human","OpenAICell-Evidence","openai","gpt-5",1,"none",0,1,0,0.1,0,0,NA,NA,NA
"PBMC","PBMC","Human","OpenAICell-Evidence","openai","gpt-5",1,"none",0,2,0.1,0.2,0,0,NA,NA,NA
"PBMC","PBMC","Human","OpenAICell-Evidence","openai","gpt-5",1,"none",0,3,0.2,0.3,0,0,NA,NA,NA
"PBMC","PBMC","Human","OpenAICell-Evidence","openai","gpt-5",1,"none",0,4,0.3,0.4,0,0,NA,NA,NA
"PBMC","PBMC","Human","OpenAICell-Evidence","openai","gpt-5",1,"none",0,5,0.4,0.5,0,0,NA,NA,NA
"PBMC","PBMC","Human","OpenAICell-Evidence","openai","gpt-5",1,"none",0,6,0.5,0.6,0,0,NA,NA,NA
"PBMC","PBMC","Human","OpenAICell-Evidence","openai","gpt-5",1,"none",0,7,0.6,0.7,2,0.25,0.7,0.5,0.2
"PBMC","PBMC","Human","OpenAICell-Evidence","openai","gpt-5",1,"none",0,8,0.7,0.8,2,0.25,0.775,1,0.225
"PBMC","PBMC","Human","OpenAICell-Evidence","openai","gpt-5",1,"none",0,9,0.8,0.9,0,0,NA,NA,NA
"PBMC","PBMC","Human","OpenAICell-Evidence","openai","gpt-5",1,"none",0,10,0.9,1,4,0.5,0.9675,1,0.0325
"PBMC","PBMC","Human","OpenAICell-Calibrated","openai","gpt-5",1,"none",0,1,0,0.1,0,0,NA,NA,NA
"PBMC","PBMC","Human","OpenAICell-Calibrated","openai","gpt-5",1,"none",0,2,0.1,0.2,0,0,NA,NA,NA
"PBMC","PBMC","Human","OpenAICell-Calibrated","openai","gpt-5",1,"none",0,3,0.2,0.3,0,0,NA,NA,NA
"PBMC","PBMC","Human","OpenAICell-Calibrated","openai","gpt-5",1,"none",0,4,0.3,0.4,0,0,NA,NA,NA
"PBMC","PBMC","Human","OpenAICell-Calibrated","openai","gpt-5",1,"none",0,5,0.4,0.5,0,0,NA,NA,NA
"PBMC","PBMC","Human","OpenAICell-Calibrated","openai","gpt-5",1,"none",0,6,0.5,0.6,0,0,NA,NA,NA
"PBMC","PBMC","Human","OpenAICell-Calibrated","openai","gpt-5",1,"none",0,7,0.6,0.7,0,0,NA,NA,NA
"PBMC","PBMC","Human","OpenAICell-Calibrated","openai","gpt-5",1,"none",0,8,0.7,0.8,3,0.375,0.74,0.666666666666667,0.0733333333333334
"PBMC","PBMC","Human","OpenAICell-Calibrated","openai","gpt-5",1,"none",0,9,0.8,0.9,4,0.5,0.8645,1,0.1355
"PBMC","PBMC","Human","OpenAICell-Calibrated","openai","gpt-5",1,"none",0,10,0.9,1,1,0.125,0.91,1,0.09
"PBMC","PBMC","Human","OpenAICell-SelfRefined","openai","gpt-5",1,"evidence-k",0,1,0,0.1,0,0,NA,NA,NA
"PBMC","PBMC","Human","OpenAICell-SelfRefined","openai","gpt-5",1,"evidence-k",0,2,0.1,0.2,0,0,NA,NA,NA
"PBMC","PBMC","Human","OpenAICell-SelfRefined","openai","gpt-5",1,"evidence-k",0,3,0.2,0.3,0,0,NA,NA,NA
"PBMC","PBMC","Human","OpenAICell-SelfRefined","openai","gpt-5",1,"evidence-k",0,4,0.3,0.4,0,0,NA,NA,NA
"PBMC","PBMC","Human","OpenAICell-SelfRefined","openai","gpt-5",1,"evidence-k",0,5,0.4,0.5,0,0,NA,NA,NA
"PBMC","PBMC","Human","OpenAICell-SelfRefined","openai","gpt-5",1,"evidence-k",0,6,0.5,0.6,0,0,NA,NA,NA
"PBMC","PBMC","Human","OpenAICell-SelfRefined","openai","gpt-5",1,"evidence-k",0,7,0.6,0.7,0,0,NA,NA,NA
"PBMC","PBMC","Human","OpenAICell-SelfRefined","openai","gpt-5",1,"evidence-k",0,8,0.7,0.8,3,0.375,0.74,0.666666666666667,0.0733333333333334
"PBMC","PBMC","Human","OpenAICell-SelfRefined","openai","gpt-5",1,"evidence-k",0,9,0.8,0.9,4,0.5,0.8645,1,0.1355
"PBMC","PBMC","Human","OpenAICell-SelfRefined","openai","gpt-5",1,"evidence-k",0,10,0.9,1,1,0.125,0.91,1,0.09
"PBMC","PBMC","Human","OpenAICell-RandomK","openai","gpt-5",1,"random-k",0,1,0,0.1,0,0,NA,NA,NA
"PBMC","PBMC","Human","OpenAICell-RandomK","openai","gpt-5",1,"random-k",0,2,0.1,0.2,0,0,NA,NA,NA
"PBMC","PBMC","Human","OpenAICell-RandomK","openai","gpt-5",1,"random-k",0,3,0.2,0.3,0,0,NA,NA,NA
"PBMC","PBMC","Human","OpenAICell-RandomK","openai","gpt-5",1,"random-k",0,4,0.3,0.4,0,0,NA,NA,NA
"PBMC","PBMC","Human","OpenAICell-RandomK","openai","gpt-5",1,"random-k",0,5,0.4,0.5,0,0,NA,NA,NA
"PBMC","PBMC","Human","OpenAICell-RandomK","openai","gpt-5",1,"random-k",0,6,0.5,0.6,0,0,NA,NA,NA
"PBMC","PBMC","Human","OpenAICell-RandomK","openai","gpt-5",1,"random-k",0,7,0.6,0.7,0,0,NA,NA,NA
"PBMC","PBMC","Human","OpenAICell-RandomK","openai","gpt-5",1,"random-k",0,8,0.7,0.8,3,0.375,0.74,0.666666666666667,0.0733333333333334
"PBMC","PBMC","Human","OpenAICell-RandomK","openai","gpt-5",1,"random-k",0,9,0.8,0.9,4,0.5,0.8645,1,0.1355
"PBMC","PBMC","Human","OpenAICell-RandomK","openai","gpt-5",1,"random-k",0,10,0.9,1,1,0.125,0.91,1,0.09
"PBMC","PBMC","Human","OpenAICell-ConfidenceK","openai","gpt-5",1,"confidence-k",0,1,0,0.1,0,0,NA,NA,NA
"PBMC","PBMC","Human","OpenAICell-ConfidenceK","openai","gpt-5",1,"confidence-k",0,2,0.1,0.2,0,0,NA,NA,NA
"PBMC","PBMC","Human","OpenAICell-ConfidenceK","openai","gpt-5",1,"confidence-k",0,3,0.2,0.3,0,0,NA,NA,NA
"PBMC","PBMC","Human","OpenAICell-ConfidenceK","openai","gpt-5",1,"confidence-k",0,4,0.3,0.4,0,0,NA,NA,NA
"PBMC","PBMC","Human","OpenAICell-ConfidenceK","openai","gpt-5",1,"confidence-k",0,5,0.4,0.5,0,0,NA,NA,NA
"PBMC","PBMC","Human","OpenAICell-ConfidenceK","openai","gpt-5",1,"confidence-k",0,6,0.5,0.6,0,0,NA,NA,NA
"PBMC","PBMC","Human","OpenAICell-ConfidenceK","openai","gpt-5",1,"confidence-k",0,7,0.6,0.7,0,0,NA,NA,NA
"PBMC","PBMC","Human","OpenAICell-ConfidenceK","openai","gpt-5",1,"confidence-k",0,8,0.7,0.8,3,0.375,0.74,0.666666666666667,0.0733333333333334
"PBMC","PBMC","Human","OpenAICell-ConfidenceK","openai","gpt-5",1,"confidence-k",0,9,0.8,0.9,4,0.5,0.8645,1,0.1355
"PBMC","PBMC","Human","OpenAICell-ConfidenceK","openai","gpt-5",1,"confidence-k",0,10,0.9,1,1,0.125,0.91,1,0.09
"PBMC","PBMC","Human","OpenAICell-NoOntologyK","openai","gpt-5",1,"evidence-no-ontology-k",0,1,0,0.1,0,0,NA,NA,NA
"PBMC","PBMC","Human","OpenAICell-NoOntologyK","openai","gpt-5",1,"evidence-no-ontology-k",0,2,0.1,0.2,0,0,NA,NA,NA
"PBMC","PBMC","Human","OpenAICell-NoOntologyK","openai","gpt-5",1,"evidence-no-ontology-k",0,3,0.2,0.3,0,0,NA,NA,NA
"PBMC","PBMC","Human","OpenAICell-NoOntologyK","openai","gpt-5",1,"evidence-no-ontology-k",0,4,0.3,0.4,0,0,NA,NA,NA
"PBMC","PBMC","Human","OpenAICell-NoOntologyK","openai","gpt-5",1,"evidence-no-ontology-k",0,5,0.4,0.5,0,0,NA,NA,NA
"PBMC","PBMC","Human","OpenAICell-NoOntologyK","openai","gpt-5",1,"evidence-no-ontology-k",0,6,0.5,0.6,0,0,NA,NA,NA
"PBMC","PBMC","Human","OpenAICell-NoOntologyK","openai","gpt-5",1,"evidence-no-ontology-k",0,7,0.6,0.7,0,0,NA,NA,NA
"PBMC","PBMC","Human","OpenAICell-NoOntologyK","openai","gpt-5",1,"evidence-no-ontology-k",0,8,0.7,0.8,3,0.375,0.74,0.666666666666667,0.0733333333333334
"PBMC","PBMC","Human","OpenAICell-NoOntologyK","openai","gpt-5",1,"evidence-no-ontology-k",0,9,0.8,0.9,4,0.5,0.8645,1,0.1355
"PBMC","PBMC","Human","OpenAICell-NoOntologyK","openai","gpt-5",1,"evidence-no-ontology-k",0,10,0.9,1,1,0.125,0.91,1,0.09
"PBMC","PBMC","Human","OpenAICell-FullRefined","openai","gpt-5",1,"full",8,1,0,0.1,0,0,NA,NA,NA
"PBMC","PBMC","Human","OpenAICell-FullRefined","openai","gpt-5",1,"full",8,2,0.1,0.2,0,0,NA,NA,NA
"PBMC","PBMC","Human","OpenAICell-FullRefined","openai","gpt-5",1,"full",8,3,0.2,0.3,0,0,NA,NA,NA
"PBMC","PBMC","Human","OpenAICell-FullRefined","openai","gpt-5",1,"full",8,4,0.3,0.4,0,0,NA,NA,NA
"PBMC","PBMC","Human","OpenAICell-FullRefined","openai","gpt-5",1,"full",8,5,0.4,0.5,0,0,NA,NA,NA
"PBMC","PBMC","Human","OpenAICell-FullRefined","openai","gpt-5",1,"full",8,6,0.5,0.6,0,0,NA,NA,NA
"PBMC","PBMC","Human","OpenAICell-FullRefined","openai","gpt-5",1,"full",8,7,0.6,0.7,1,0.125,0.693,0,0.693
"PBMC","PBMC","Human","OpenAICell-FullRefined","openai","gpt-5",1,"full",8,8,0.7,0.8,2,0.25,0.7565,0.5,0.2565
"PBMC","PBMC","Human","OpenAICell-FullRefined","openai","gpt-5",1,"full",8,9,0.8,0.9,3,0.375,0.864666666666667,1,0.135333333333333
"PBMC","PBMC","Human","OpenAICell-FullRefined","openai","gpt-5",1,"full",8,10,0.9,1,2,0.25,0.9065,1,0.0934999999999999
"BaronPancreas","Pancreas","Human","OpenAI-Plain","openai","gpt-5",1,"none",0,1,0,0.1,0,0,NA,NA,NA
"BaronPancreas","Pancreas","Human","OpenAI-Plain","openai","gpt-5",1,"none",0,2,0.1,0.2,0,0,NA,NA,NA
"BaronPancreas","Pancreas","Human","OpenAI-Plain","openai","gpt-5",1,"none",0,3,0.2,0.3,0,0,NA,NA,NA
"BaronPancreas","Pancreas","Human","OpenAI-Plain","openai","gpt-5",1,"none",0,4,0.3,0.4,0,0,NA,NA,NA
"BaronPancreas","Pancreas","Human","OpenAI-Plain","openai","gpt-5",1,"none",0,5,0.4,0.5,0,0,NA,NA,NA
"BaronPancreas","Pancreas","Human","OpenAI-Plain","openai","gpt-5",1,"none",0,6,0.5,0.6,3,0.1875,0.6,0.333333333333333,0.266666666666667
"BaronPancreas","Pancreas","Human","OpenAI-Plain","openai","gpt-5",1,"none",0,7,0.6,0.7,3,0.1875,0.683333333333333,0.666666666666667,0.0166666666666667
"BaronPancreas","Pancreas","Human","OpenAI-Plain","openai","gpt-5",1,"none",0,8,0.7,0.8,0,0,NA,NA,NA
"BaronPancreas","Pancreas","Human","OpenAI-Plain","openai","gpt-5",1,"none",0,9,0.8,0.9,1,0.0625,0.9,1,0.1
"BaronPancreas","Pancreas","Human","OpenAI-Plain","openai","gpt-5",1,"none",0,10,0.9,1,9,0.5625,0.972222222222222,1,0.0277777777777778
"BaronPancreas","Pancreas","Human","OpenAICell-Evidence","openai","gpt-5",1,"none",0,1,0,0.1,0,0,NA,NA,NA
"BaronPancreas","Pancreas","Human","OpenAICell-Evidence","openai","gpt-5",1,"none",0,2,0.1,0.2,0,0,NA,NA,NA
"BaronPancreas","Pancreas","Human","OpenAICell-Evidence","openai","gpt-5",1,"none",0,3,0.2,0.3,0,0,NA,NA,NA
"BaronPancreas","Pancreas","Human","OpenAICell-Evidence","openai","gpt-5",1,"none",0,4,0.3,0.4,0,0,NA,NA,NA
"BaronPancreas","Pancreas","Human","OpenAICell-Evidence","openai","gpt-5",1,"none",0,5,0.4,0.5,0,0,NA,NA,NA
"BaronPancreas","Pancreas","Human","OpenAICell-Evidence","openai","gpt-5",1,"none",0,6,0.5,0.6,3,0.1875,0.6,0.333333333333333,0.266666666666667
"BaronPancreas","Pancreas","Human","OpenAICell-Evidence","openai","gpt-5",1,"none",0,7,0.6,0.7,3,0.1875,0.683333333333333,0.666666666666667,0.0166666666666667
"BaronPancreas","Pancreas","Human","OpenAICell-Evidence","openai","gpt-5",1,"none",0,8,0.7,0.8,0,0,NA,NA,NA
"BaronPancreas","Pancreas","Human","OpenAICell-Evidence","openai","gpt-5",1,"none",0,9,0.8,0.9,1,0.0625,0.9,1,0.1
"BaronPancreas","Pancreas","Human","OpenAICell-Evidence","openai","gpt-5",1,"none",0,10,0.9,1,9,0.5625,0.972222222222222,1,0.0277777777777778
"BaronPancreas","Pancreas","Human","OpenAICell-Calibrated","openai","gpt-5",1,"none",0,1,0,0.1,0,0,NA,NA,NA
"BaronPancreas","Pancreas","Human","OpenAICell-Calibrated","openai","gpt-5",1,"none",0,2,0.1,0.2,0,0,NA,NA,NA
"BaronPancreas","Pancreas","Human","OpenAICell-Calibrated","openai","gpt-5",1,"none",0,3,0.2,0.3,0,0,NA,NA,NA
"BaronPancreas","Pancreas","Human","OpenAICell-Calibrated","openai","gpt-5",1,"none",0,4,0.3,0.4,0,0,NA,NA,NA
"BaronPancreas","Pancreas","Human","OpenAICell-Calibrated","openai","gpt-5",1,"none",0,5,0.4,0.5,0,0,NA,NA,NA
"BaronPancreas","Pancreas","Human","OpenAICell-Calibrated","openai","gpt-5",1,"none",0,6,0.5,0.6,0,0,NA,NA,NA
"BaronPancreas","Pancreas","Human","OpenAICell-Calibrated","openai","gpt-5",1,"none",0,7,0.6,0.7,1,0.0625,0.628,1,0.372
"BaronPancreas","Pancreas","Human","OpenAICell-Calibrated","openai","gpt-5",1,"none",0,8,0.7,0.8,7,0.4375,0.751857142857143,0.571428571428571,0.180428571428571
"BaronPancreas","Pancreas","Human","OpenAICell-Calibrated","openai","gpt-5",1,"none",0,9,0.8,0.9,7,0.4375,0.835285714285714,1,0.164714285714286
"BaronPancreas","Pancreas","Human","OpenAICell-Calibrated","openai","gpt-5",1,"none",0,10,0.9,1,1,0.0625,0.958,1,0.042
"BaronPancreas","Pancreas","Human","OpenAICell-SelfRefined","openai","gpt-5",1,"evidence-k",0,1,0,0.1,0,0,NA,NA,NA
"BaronPancreas","Pancreas","Human","OpenAICell-SelfRefined","openai","gpt-5",1,"evidence-k",0,2,0.1,0.2,0,0,NA,NA,NA
"BaronPancreas","Pancreas","Human","OpenAICell-SelfRefined","openai","gpt-5",1,"evidence-k",0,3,0.2,0.3,0,0,NA,NA,NA
"BaronPancreas","Pancreas","Human","OpenAICell-SelfRefined","openai","gpt-5",1,"evidence-k",0,4,0.3,0.4,0,0,NA,NA,NA
"BaronPancreas","Pancreas","Human","OpenAICell-SelfRefined","openai","gpt-5",1,"evidence-k",0,5,0.4,0.5,0,0,NA,NA,NA
"BaronPancreas","Pancreas","Human","OpenAICell-SelfRefined","openai","gpt-5",1,"evidence-k",0,6,0.5,0.6,0,0,NA,NA,NA
"BaronPancreas","Pancreas","Human","OpenAICell-SelfRefined","openai","gpt-5",1,"evidence-k",0,7,0.6,0.7,1,0.0625,0.628,1,0.372
"BaronPancreas","Pancreas","Human","OpenAICell-SelfRefined","openai","gpt-5",1,"evidence-k",0,8,0.7,0.8,7,0.4375,0.751857142857143,0.571428571428571,0.180428571428571
"BaronPancreas","Pancreas","Human","OpenAICell-SelfRefined","openai","gpt-5",1,"evidence-k",0,9,0.8,0.9,7,0.4375,0.835285714285714,1,0.164714285714286
"BaronPancreas","Pancreas","Human","OpenAICell-SelfRefined","openai","gpt-5",1,"evidence-k",0,10,0.9,1,1,0.0625,0.958,1,0.042
"BaronPancreas","Pancreas","Human","OpenAICell-RandomK","openai","gpt-5",1,"random-k",0,1,0,0.1,0,0,NA,NA,NA
"BaronPancreas","Pancreas","Human","OpenAICell-RandomK","openai","gpt-5",1,"random-k",0,2,0.1,0.2,0,0,NA,NA,NA
"BaronPancreas","Pancreas","Human","OpenAICell-RandomK","openai","gpt-5",1,"random-k",0,3,0.2,0.3,0,0,NA,NA,NA
"BaronPancreas","Pancreas","Human","OpenAICell-RandomK","openai","gpt-5",1,"random-k",0,4,0.3,0.4,0,0,NA,NA,NA
"BaronPancreas","Pancreas","Human","OpenAICell-RandomK","openai","gpt-5",1,"random-k",0,5,0.4,0.5,0,0,NA,NA,NA
"BaronPancreas","Pancreas","Human","OpenAICell-RandomK","openai","gpt-5",1,"random-k",0,6,0.5,0.6,0,0,NA,NA,NA
"BaronPancreas","Pancreas","Human","OpenAICell-RandomK","openai","gpt-5",1,"random-k",0,7,0.6,0.7,1,0.0625,0.628,1,0.372
"BaronPancreas","Pancreas","Human","OpenAICell-RandomK","openai","gpt-5",1,"random-k",0,8,0.7,0.8,7,0.4375,0.751857142857143,0.571428571428571,0.180428571428571
"BaronPancreas","Pancreas","Human","OpenAICell-RandomK","openai","gpt-5",1,"random-k",0,9,0.8,0.9,7,0.4375,0.835285714285714,1,0.164714285714286
"BaronPancreas","Pancreas","Human","OpenAICell-RandomK","openai","gpt-5",1,"random-k",0,10,0.9,1,1,0.0625,0.958,1,0.042
"BaronPancreas","Pancreas","Human","OpenAICell-ConfidenceK","openai","gpt-5",1,"confidence-k",0,1,0,0.1,0,0,NA,NA,NA
"BaronPancreas","Pancreas","Human","OpenAICell-ConfidenceK","openai","gpt-5",1,"confidence-k",0,2,0.1,0.2,0,0,NA,NA,NA
"BaronPancreas","Pancreas","Human","OpenAICell-ConfidenceK","openai","gpt-5",1,"confidence-k",0,3,0.2,0.3,0,0,NA,NA,NA
"BaronPancreas","Pancreas","Human","OpenAICell-ConfidenceK","openai","gpt-5",1,"confidence-k",0,4,0.3,0.4,0,0,NA,NA,NA
"BaronPancreas","Pancreas","Human","OpenAICell-ConfidenceK","openai","gpt-5",1,"confidence-k",0,5,0.4,0.5,0,0,NA,NA,NA
"BaronPancreas","Pancreas","Human","OpenAICell-ConfidenceK","openai","gpt-5",1,"confidence-k",0,6,0.5,0.6,0,0,NA,NA,NA
"BaronPancreas","Pancreas","Human","OpenAICell-ConfidenceK","openai","gpt-5",1,"confidence-k",0,7,0.6,0.7,1,0.0625,0.628,1,0.372
"BaronPancreas","Pancreas","Human","OpenAICell-ConfidenceK","openai","gpt-5",1,"confidence-k",0,8,0.7,0.8,7,0.4375,0.751857142857143,0.571428571428571,0.180428571428571
"BaronPancreas","Pancreas","Human","OpenAICell-ConfidenceK","openai","gpt-5",1,"confidence-k",0,9,0.8,0.9,7,0.4375,0.835285714285714,1,0.164714285714286
"BaronPancreas","Pancreas","Human","OpenAICell-ConfidenceK","openai","gpt-5",1,"confidence-k",0,10,0.9,1,1,0.0625,0.958,1,0.042
"BaronPancreas","Pancreas","Human","OpenAICell-NoOntologyK","openai","gpt-5",1,"evidence-no-ontology-k",0,1,0,0.1,0,0,NA,NA,NA
"BaronPancreas","Pancreas","Human","OpenAICell-NoOntologyK","openai","gpt-5",1,"evidence-no-ontology-k",0,2,0.1,0.2,0,0,NA,NA,NA
"BaronPancreas","Pancreas","Human","OpenAICell-NoOntologyK","openai","gpt-5",1,"evidence-no-ontology-k",0,3,0.2,0.3,0,0,NA,NA,NA
"BaronPancreas","Pancreas","Human","OpenAICell-NoOntologyK","openai","gpt-5",1,"evidence-no-ontology-k",0,4,0.3,0.4,0,0,NA,NA,NA
"BaronPancreas","Pancreas","Human","OpenAICell-NoOntologyK","openai","gpt-5",1,"evidence-no-ontology-k",0,5,0.4,0.5,0,0,NA,NA,NA
"BaronPancreas","Pancreas","Human","OpenAICell-NoOntologyK","openai","gpt-5",1,"evidence-no-ontology-k",0,6,0.5,0.6,0,0,NA,NA,NA
"BaronPancreas","Pancreas","Human","OpenAICell-NoOntologyK","openai","gpt-5",1,"evidence-no-ontology-k",0,7,0.6,0.7,1,0.0625,0.628,1,0.372
"BaronPancreas","Pancreas","Human","OpenAICell-NoOntologyK","openai","gpt-5",1,"evidence-no-ontology-k",0,8,0.7,0.8,7,0.4375,0.751857142857143,0.571428571428571,0.180428571428571
"BaronPancreas","Pancreas","Human","OpenAICell-NoOntologyK","openai","gpt-5",1,"evidence-no-ontology-k",0,9,0.8,0.9,7,0.4375,0.835285714285714,1,0.164714285714286
"BaronPancreas","Pancreas","Human","OpenAICell-NoOntologyK","openai","gpt-5",1,"evidence-no-ontology-k",0,10,0.9,1,1,0.0625,0.958,1,0.042
"BaronPancreas","Pancreas","Human","OpenAICell-FullRefined","openai","gpt-5",1,"full",16,1,0,0.1,0,0,NA,NA,NA
"BaronPancreas","Pancreas","Human","OpenAICell-FullRefined","openai","gpt-5",1,"full",16,2,0.1,0.2,0,0,NA,NA,NA
"BaronPancreas","Pancreas","Human","OpenAICell-FullRefined","openai","gpt-5",1,"full",16,3,0.2,0.3,0,0,NA,NA,NA
"BaronPancreas","Pancreas","Human","OpenAICell-FullRefined","openai","gpt-5",1,"full",16,4,0.3,0.4,0,0,NA,NA,NA
"BaronPancreas","Pancreas","Human","OpenAICell-FullRefined","openai","gpt-5",1,"full",16,5,0.4,0.5,0,0,NA,NA,NA
"BaronPancreas","Pancreas","Human","OpenAICell-FullRefined","openai","gpt-5",1,"full",16,6,0.5,0.6,0,0,NA,NA,NA
"BaronPancreas","Pancreas","Human","OpenAICell-FullRefined","openai","gpt-5",1,"full",16,7,0.6,0.7,4,0.25,0.657,0.25,0.407
"BaronPancreas","Pancreas","Human","OpenAICell-FullRefined","openai","gpt-5",1,"full",16,8,0.7,0.8,4,0.25,0.7695,1,0.2305
"BaronPancreas","Pancreas","Human","OpenAICell-FullRefined","openai","gpt-5",1,"full",16,9,0.8,0.9,7,0.4375,0.835285714285714,1,0.164714285714286
"BaronPancreas","Pancreas","Human","OpenAICell-FullRefined","openai","gpt-5",1,"full",16,10,0.9,1,1,0.0625,0.958,1,0.042
"MuraroPancreas","Pancreas","Human","OpenAI-Plain","openai","gpt-5",1,"none",0,1,0,0.1,0,0,NA,NA,NA
"MuraroPancreas","Pancreas","Human","OpenAI-Plain","openai","gpt-5",1,"none",0,2,0.1,0.2,0,0,NA,NA,NA
"MuraroPancreas","Pancreas","Human","OpenAI-Plain","openai","gpt-5",1,"none",0,3,0.2,0.3,0,0,NA,NA,NA
"MuraroPancreas","Pancreas","Human","OpenAI-Plain","openai","gpt-5",1,"none",0,4,0.3,0.4,0,0,NA,NA,NA
"MuraroPancreas","Pancreas","Human","OpenAI-Plain","openai","gpt-5",1,"none",0,5,0.4,0.5,0,0,NA,NA,NA
"MuraroPancreas","Pancreas","Human","OpenAI-Plain","openai","gpt-5",1,"none",0,6,0.5,0.6,1,0.0909090909090909,0.6,1,0.4
"MuraroPancreas","Pancreas","Human","OpenAI-Plain","openai","gpt-5",1,"none",0,7,0.6,0.7,0,0,NA,NA,NA
"MuraroPancreas","Pancreas","Human","OpenAI-Plain","openai","gpt-5",1,"none",0,8,0.7,0.8,2,0.181818181818182,0.775,1,0.225
"MuraroPancreas","Pancreas","Human","OpenAI-Plain","openai","gpt-5",1,"none",0,9,0.8,0.9,0,0,NA,NA,NA
"MuraroPancreas","Pancreas","Human","OpenAI-Plain","openai","gpt-5",1,"none",0,10,0.9,1,8,0.727272727272727,0.9825,0.875,0.1075
"MuraroPancreas","Pancreas","Human","OpenAICell-Evidence","openai","gpt-5",1,"none",0,1,0,0.1,0,0,NA,NA,NA
"MuraroPancreas","Pancreas","Human","OpenAICell-Evidence","openai","gpt-5",1,"none",0,2,0.1,0.2,0,0,NA,NA,NA
"MuraroPancreas","Pancreas","Human","OpenAICell-Evidence","openai","gpt-5",1,"none",0,3,0.2,0.3,0,0,NA,NA,NA
"MuraroPancreas","Pancreas","Human","OpenAICell-Evidence","openai","gpt-5",1,"none",0,4,0.3,0.4,0,0,NA,NA,NA
"MuraroPancreas","Pancreas","Human","OpenAICell-Evidence","openai","gpt-5",1,"none",0,5,0.4,0.5,0,0,NA,NA,NA
"MuraroPancreas","Pancreas","Human","OpenAICell-Evidence","openai","gpt-5",1,"none",0,6,0.5,0.6,1,0.0909090909090909,0.6,1,0.4
"MuraroPancreas","Pancreas","Human","OpenAICell-Evidence","openai","gpt-5",1,"none",0,7,0.6,0.7,0,0,NA,NA,NA
"MuraroPancreas","Pancreas","Human","OpenAICell-Evidence","openai","gpt-5",1,"none",0,8,0.7,0.8,2,0.181818181818182,0.775,1,0.225
"MuraroPancreas","Pancreas","Human","OpenAICell-Evidence","openai","gpt-5",1,"none",0,9,0.8,0.9,0,0,NA,NA,NA
"MuraroPancreas","Pancreas","Human","OpenAICell-Evidence","openai","gpt-5",1,"none",0,10,0.9,1,8,0.727272727272727,0.9825,0.875,0.1075
"MuraroPancreas","Pancreas","Human","OpenAICell-Calibrated","openai","gpt-5",1,"none",0,1,0,0.1,0,0,NA,NA,NA
"MuraroPancreas","Pancreas","Human","OpenAICell-Calibrated","openai","gpt-5",1,"none",0,2,0.1,0.2,0,0,NA,NA,NA
"MuraroPancreas","Pancreas","Human","OpenAICell-Calibrated","openai","gpt-5",1,"none",0,3,0.2,0.3,0,0,NA,NA,NA
"MuraroPancreas","Pancreas","Human","OpenAICell-Calibrated","openai","gpt-5",1,"none",0,4,0.3,0.4,0,0,NA,NA,NA
"MuraroPancreas","Pancreas","Human","OpenAICell-Calibrated","openai","gpt-5",1,"none",0,5,0.4,0.5,0,0,NA,NA,NA
"MuraroPancreas","Pancreas","Human","OpenAICell-Calibrated","openai","gpt-5",1,"none",0,6,0.5,0.6,0,0,NA,NA,NA
"MuraroPancreas","Pancreas","Human","OpenAICell-Calibrated","openai","gpt-5",1,"none",0,7,0.6,0.7,1,0.0909090909090909,0.637,1,0.363
"MuraroPancreas","Pancreas","Human","OpenAICell-Calibrated","openai","gpt-5",1,"none",0,8,0.7,0.8,3,0.272727272727273,0.756666666666667,1,0.243333333333333
"MuraroPancreas","Pancreas","Human","OpenAICell-Calibrated","openai","gpt-5",1,"none",0,9,0.8,0.9,6,0.545454545454545,0.827,0.833333333333333,0.00633333333333341
"MuraroPancreas","Pancreas","Human","OpenAICell-Calibrated","openai","gpt-5",1,"none",0,10,0.9,1,1,0.0909090909090909,0.913,1,0.087
"MuraroPancreas","Pancreas","Human","OpenAICell-SelfRefined","openai","gpt-5",1,"evidence-k",0,1,0,0.1,0,0,NA,NA,NA
"MuraroPancreas","Pancreas","Human","OpenAICell-SelfRefined","openai","gpt-5",1,"evidence-k",0,2,0.1,0.2,0,0,NA,NA,NA
"MuraroPancreas","Pancreas","Human","OpenAICell-SelfRefined","openai","gpt-5",1,"evidence-k",0,3,0.2,0.3,0,0,NA,NA,NA
"MuraroPancreas","Pancreas","Human","OpenAICell-SelfRefined","openai","gpt-5",1,"evidence-k",0,4,0.3,0.4,0,0,NA,NA,NA
"MuraroPancreas","Pancreas","Human","OpenAICell-SelfRefined","openai","gpt-5",1,"evidence-k",0,5,0.4,0.5,0,0,NA,NA,NA
"MuraroPancreas","Pancreas","Human","OpenAICell-SelfRefined","openai","gpt-5",1,"evidence-k",0,6,0.5,0.6,0,0,NA,NA,NA
"MuraroPancreas","Pancreas","Human","OpenAICell-SelfRefined","openai","gpt-5",1,"evidence-k",0,7,0.6,0.7,1,0.0909090909090909,0.637,1,0.363
"MuraroPancreas","Pancreas","Human","OpenAICell-SelfRefined","openai","gpt-5",1,"evidence-k",0,8,0.7,0.8,3,0.272727272727273,0.756666666666667,1,0.243333333333333
"MuraroPancreas","Pancreas","Human","OpenAICell-SelfRefined","openai","gpt-5",1,"evidence-k",0,9,0.8,0.9,6,0.545454545454545,0.827,0.833333333333333,0.00633333333333341
"MuraroPancreas","Pancreas","Human","OpenAICell-SelfRefined","openai","gpt-5",1,"evidence-k",0,10,0.9,1,1,0.0909090909090909,0.913,1,0.087
"MuraroPancreas","Pancreas","Human","OpenAICell-RandomK","openai","gpt-5",1,"random-k",0,1,0,0.1,0,0,NA,NA,NA
"MuraroPancreas","Pancreas","Human","OpenAICell-RandomK","openai","gpt-5",1,"random-k",0,2,0.1,0.2,0,0,NA,NA,NA
"MuraroPancreas","Pancreas","Human","OpenAICell-RandomK","openai","gpt-5",1,"random-k",0,3,0.2,0.3,0,0,NA,NA,NA
"MuraroPancreas","Pancreas","Human","OpenAICell-RandomK","openai","gpt-5",1,"random-k",0,4,0.3,0.4,0,0,NA,NA,NA
"MuraroPancreas","Pancreas","Human","OpenAICell-RandomK","openai","gpt-5",1,"random-k",0,5,0.4,0.5,0,0,NA,NA,NA
"MuraroPancreas","Pancreas","Human","OpenAICell-RandomK","openai","gpt-5",1,"random-k",0,6,0.5,0.6,0,0,NA,NA,NA
"MuraroPancreas","Pancreas","Human","OpenAICell-RandomK","openai","gpt-5",1,"random-k",0,7,0.6,0.7,1,0.0909090909090909,0.637,1,0.363
"MuraroPancreas","Pancreas","Human","OpenAICell-RandomK","openai","gpt-5",1,"random-k",0,8,0.7,0.8,3,0.272727272727273,0.756666666666667,1,0.243333333333333
"MuraroPancreas","Pancreas","Human","OpenAICell-RandomK","openai","gpt-5",1,"random-k",0,9,0.8,0.9,6,0.545454545454545,0.827,0.833333333333333,0.00633333333333341
"MuraroPancreas","Pancreas","Human","OpenAICell-RandomK","openai","gpt-5",1,"random-k",0,10,0.9,1,1,0.0909090909090909,0.913,1,0.087
"MuraroPancreas","Pancreas","Human","OpenAICell-ConfidenceK","openai","gpt-5",1,"confidence-k",0,1,0,0.1,0,0,NA,NA,NA
"MuraroPancreas","Pancreas","Human","OpenAICell-ConfidenceK","openai","gpt-5",1,"confidence-k",0,2,0.1,0.2,0,0,NA,NA,NA
"MuraroPancreas","Pancreas","Human","OpenAICell-ConfidenceK","openai","gpt-5",1,"confidence-k",0,3,0.2,0.3,0,0,NA,NA,NA
"MuraroPancreas","Pancreas","Human","OpenAICell-ConfidenceK","openai","gpt-5",1,"confidence-k",0,4,0.3,0.4,0,0,NA,NA,NA
"MuraroPancreas","Pancreas","Human","OpenAICell-ConfidenceK","openai","gpt-5",1,"confidence-k",0,5,0.4,0.5,0,0,NA,NA,NA
"MuraroPancreas","Pancreas","Human","OpenAICell-ConfidenceK","openai","gpt-5",1,"confidence-k",0,6,0.5,0.6,0,0,NA,NA,NA
"MuraroPancreas","Pancreas","Human","OpenAICell-ConfidenceK","openai","gpt-5",1,"confidence-k",0,7,0.6,0.7,1,0.0909090909090909,0.637,1,0.363
"MuraroPancreas","Pancreas","Human","OpenAICell-ConfidenceK","openai","gpt-5",1,"confidence-k",0,8,0.7,0.8,3,0.272727272727273,0.756666666666667,1,0.243333333333333
"MuraroPancreas","Pancreas","Human","OpenAICell-ConfidenceK","openai","gpt-5",1,"confidence-k",0,9,0.8,0.9,6,0.545454545454545,0.827,0.833333333333333,0.00633333333333341
"MuraroPancreas","Pancreas","Human","OpenAICell-ConfidenceK","openai","gpt-5",1,"confidence-k",0,10,0.9,1,1,0.0909090909090909,0.913,1,0.087
"MuraroPancreas","Pancreas","Human","OpenAICell-NoOntologyK","openai","gpt-5",1,"evidence-no-ontology-k",0,1,0,0.1,0,0,NA,NA,NA
"MuraroPancreas","Pancreas","Human","OpenAICell-NoOntologyK","openai","gpt-5",1,"evidence-no-ontology-k",0,2,0.1,0.2,0,0,NA,NA,NA
"MuraroPancreas","Pancreas","Human","OpenAICell-NoOntologyK","openai","gpt-5",1,"evidence-no-ontology-k",0,3,0.2,0.3,0,0,NA,NA,NA
"MuraroPancreas","Pancreas","Human","OpenAICell-NoOntologyK","openai","gpt-5",1,"evidence-no-ontology-k",0,4,0.3,0.4,0,0,NA,NA,NA
"MuraroPancreas","Pancreas","Human","OpenAICell-NoOntologyK","openai","gpt-5",1,"evidence-no-ontology-k",0,5,0.4,0.5,0,0,NA,NA,NA
"MuraroPancreas","Pancreas","Human","OpenAICell-NoOntologyK","openai","gpt-5",1,"evidence-no-ontology-k",0,6,0.5,0.6,0,0,NA,NA,NA
"MuraroPancreas","Pancreas","Human","OpenAICell-NoOntologyK","openai","gpt-5",1,"evidence-no-ontology-k",0,7,0.6,0.7,1,0.0909090909090909,0.637,1,0.363
"MuraroPancreas","Pancreas","Human","OpenAICell-NoOntologyK","openai","gpt-5",1,"evidence-no-ontology-k",0,8,0.7,0.8,3,0.272727272727273,0.756666666666667,1,0.243333333333333
"MuraroPancreas","Pancreas","Human","OpenAICell-NoOntologyK","openai","gpt-5",1,"evidence-no-ontology-k",0,9,0.8,0.9,6,0.545454545454545,0.827,0.833333333333333,0.00633333333333341
"MuraroPancreas","Pancreas","Human","OpenAICell-NoOntologyK","openai","gpt-5",1,"evidence-no-ontology-k",0,10,0.9,1,1,0.0909090909090909,0.913,1,0.087
"MuraroPancreas","Pancreas","Human","OpenAICell-FullRefined","openai","gpt-5",1,"full",11,1,0,0.1,0,0,NA,NA,NA
"MuraroPancreas","Pancreas","Human","OpenAICell-FullRefined","openai","gpt-5",1,"full",11,2,0.1,0.2,0,0,NA,NA,NA
"MuraroPancreas","Pancreas","Human","OpenAICell-FullRefined","openai","gpt-5",1,"full",11,3,0.2,0.3,0,0,NA,NA,NA
"MuraroPancreas","Pancreas","Human","OpenAICell-FullRefined","openai","gpt-5",1,"full",11,4,0.3,0.4,0,0,NA,NA,NA
"MuraroPancreas","Pancreas","Human","OpenAICell-FullRefined","openai","gpt-5",1,"full",11,5,0.4,0.5,0,0,NA,NA,NA
"MuraroPancreas","Pancreas","Human","OpenAICell-FullRefined","openai","gpt-5",1,"full",11,6,0.5,0.6,0,0,NA,NA,NA
"MuraroPancreas","Pancreas","Human","OpenAICell-FullRefined","openai","gpt-5",1,"full",11,7,0.6,0.7,2,0.181818181818182,0.6915,1,0.3085
"MuraroPancreas","Pancreas","Human","OpenAICell-FullRefined","openai","gpt-5",1,"full",11,8,0.7,0.8,1,0.0909090909090909,0.788,1,0.212
"MuraroPancreas","Pancreas","Human","OpenAICell-FullRefined","openai","gpt-5",1,"full",11,9,0.8,0.9,7,0.636363636363636,0.831285714285714,0.714285714285714,0.117
"MuraroPancreas","Pancreas","Human","OpenAICell-FullRefined","openai","gpt-5",1,"full",11,10,0.9,1,1,0.0909090909090909,0.913,1,0.087
"TasicBrain","Brain","Mouse","OpenAI-Plain","openai","gpt-5",1,"none",0,1,0,0.1,0,0,NA,NA,NA
"TasicBrain","Brain","Mouse","OpenAI-Plain","openai","gpt-5",1,"none",0,2,0.1,0.2,0,0,NA,NA,NA
"TasicBrain","Brain","Mouse","OpenAI-Plain","openai","gpt-5",1,"none",0,3,0.2,0.3,0,0,NA,NA,NA
"TasicBrain","Brain","Mouse","OpenAI-Plain","openai","gpt-5",1,"none",0,4,0.3,0.4,0,0,NA,NA,NA
"TasicBrain","Brain","Mouse","OpenAI-Plain","openai","gpt-5",1,"none",0,5,0.4,0.5,0,0,NA,NA,NA
"TasicBrain","Brain","Mouse","OpenAI-Plain","openai","gpt-5",1,"none",0,6,0.5,0.6,0,0,NA,NA,NA
"TasicBrain","Brain","Mouse","OpenAI-Plain","openai","gpt-5",1,"none",0,7,0.6,0.7,1,0.0666666666666667,0.7,1,0.3
"TasicBrain","Brain","Mouse","OpenAI-Plain","openai","gpt-5",1,"none",0,8,0.7,0.8,0,0,NA,NA,NA
"TasicBrain","Brain","Mouse","OpenAI-Plain","openai","gpt-5",1,"none",0,9,0.8,0.9,3,0.2,0.85,1,0.15
"TasicBrain","Brain","Mouse","OpenAI-Plain","openai","gpt-5",1,"none",0,10,0.9,1,11,0.733333333333333,0.975454545454545,1,0.0245454545454545
"TasicBrain","Brain","Mouse","OpenAICell-Evidence","openai","gpt-5",1,"none",0,1,0,0.1,0,0,NA,NA,NA
"TasicBrain","Brain","Mouse","OpenAICell-Evidence","openai","gpt-5",1,"none",0,2,0.1,0.2,0,0,NA,NA,NA
"TasicBrain","Brain","Mouse","OpenAICell-Evidence","openai","gpt-5",1,"none",0,3,0.2,0.3,0,0,NA,NA,NA
"TasicBrain","Brain","Mouse","OpenAICell-Evidence","openai","gpt-5",1,"none",0,4,0.3,0.4,0,0,NA,NA,NA
"TasicBrain","Brain","Mouse","OpenAICell-Evidence","openai","gpt-5",1,"none",0,5,0.4,0.5,0,0,NA,NA,NA
"TasicBrain","Brain","Mouse","OpenAICell-Evidence","openai","gpt-5",1,"none",0,6,0.5,0.6,0,0,NA,NA,NA
"TasicBrain","Brain","Mouse","OpenAICell-Evidence","openai","gpt-5",1,"none",0,7,0.6,0.7,1,0.0666666666666667,0.7,1,0.3
"TasicBrain","Brain","Mouse","OpenAICell-Evidence","openai","gpt-5",1,"none",0,8,0.7,0.8,0,0,NA,NA,NA
"TasicBrain","Brain","Mouse","OpenAICell-Evidence","openai","gpt-5",1,"none",0,9,0.8,0.9,3,0.2,0.85,1,0.15
"TasicBrain","Brain","Mouse","OpenAICell-Evidence","openai","gpt-5",1,"none",0,10,0.9,1,11,0.733333333333333,0.975454545454545,1,0.0245454545454545
"TasicBrain","Brain","Mouse","OpenAICell-Calibrated","openai","gpt-5",1,"none",0,1,0,0.1,0,0,NA,NA,NA
"TasicBrain","Brain","Mouse","OpenAICell-Calibrated","openai","gpt-5",1,"none",0,2,0.1,0.2,0,0,NA,NA,NA
"TasicBrain","Brain","Mouse","OpenAICell-Calibrated","openai","gpt-5",1,"none",0,3,0.2,0.3,0,0,NA,NA,NA
"TasicBrain","Brain","Mouse","OpenAICell-Calibrated","openai","gpt-5",1,"none",0,4,0.3,0.4,0,0,NA,NA,NA
"TasicBrain","Brain","Mouse","OpenAICell-Calibrated","openai","gpt-5",1,"none",0,5,0.4,0.5,0,0,NA,NA,NA
"TasicBrain","Brain","Mouse","OpenAICell-Calibrated","openai","gpt-5",1,"none",0,6,0.5,0.6,0,0,NA,NA,NA
"TasicBrain","Brain","Mouse","OpenAICell-Calibrated","openai","gpt-5",1,"none",0,7,0.6,0.7,0,0,NA,NA,NA
"TasicBrain","Brain","Mouse","OpenAICell-Calibrated","openai","gpt-5",1,"none",0,8,0.7,0.8,5,0.333333333333333,0.7864,1,0.2136
"TasicBrain","Brain","Mouse","OpenAICell-Calibrated","openai","gpt-5",1,"none",0,9,0.8,0.9,8,0.533333333333333,0.84325,1,0.15675
"TasicBrain","Brain","Mouse","OpenAICell-Calibrated","openai","gpt-5",1,"none",0,10,0.9,1,2,0.133333333333333,0.955,1,0.045
"TasicBrain","Brain","Mouse","OpenAICell-SelfRefined","openai","gpt-5",1,"evidence-k",0,1,0,0.1,0,0,NA,NA,NA
"TasicBrain","Brain","Mouse","OpenAICell-SelfRefined","openai","gpt-5",1,"evidence-k",0,2,0.1,0.2,0,0,NA,NA,NA
"TasicBrain","Brain","Mouse","OpenAICell-SelfRefined","openai","gpt-5",1,"evidence-k",0,3,0.2,0.3,0,0,NA,NA,NA
"TasicBrain","Brain","Mouse","OpenAICell-SelfRefined","openai","gpt-5",1,"evidence-k",0,4,0.3,0.4,0,0,NA,NA,NA
"TasicBrain","Brain","Mouse","OpenAICell-SelfRefined","openai","gpt-5",1,"evidence-k",0,5,0.4,0.5,0,0,NA,NA,NA
"TasicBrain","Brain","Mouse","OpenAICell-SelfRefined","openai","gpt-5",1,"evidence-k",0,6,0.5,0.6,0,0,NA,NA,NA
"TasicBrain","Brain","Mouse","OpenAICell-SelfRefined","openai","gpt-5",1,"evidence-k",0,7,0.6,0.7,0,0,NA,NA,NA
"TasicBrain","Brain","Mouse","OpenAICell-SelfRefined","openai","gpt-5",1,"evidence-k",0,8,0.7,0.8,5,0.333333333333333,0.7864,1,0.2136
"TasicBrain","Brain","Mouse","OpenAICell-SelfRefined","openai","gpt-5",1,"evidence-k",0,9,0.8,0.9,8,0.533333333333333,0.84325,1,0.15675
"TasicBrain","Brain","Mouse","OpenAICell-SelfRefined","openai","gpt-5",1,"evidence-k",0,10,0.9,1,2,0.133333333333333,0.955,1,0.045
"TasicBrain","Brain","Mouse","OpenAICell-RandomK","openai","gpt-5",1,"random-k",0,1,0,0.1,0,0,NA,NA,NA
"TasicBrain","Brain","Mouse","OpenAICell-RandomK","openai","gpt-5",1,"random-k",0,2,0.1,0.2,0,0,NA,NA,NA
"TasicBrain","Brain","Mouse","OpenAICell-RandomK","openai","gpt-5",1,"random-k",0,3,0.2,0.3,0,0,NA,NA,NA
"TasicBrain","Brain","Mouse","OpenAICell-RandomK","openai","gpt-5",1,"random-k",0,4,0.3,0.4,0,0,NA,NA,NA
"TasicBrain","Brain","Mouse","OpenAICell-RandomK","openai","gpt-5",1,"random-k",0,5,0.4,0.5,0,0,NA,NA,NA
"TasicBrain","Brain","Mouse","OpenAICell-RandomK","openai","gpt-5",1,"random-k",0,6,0.5,0.6,0,0,NA,NA,NA
"TasicBrain","Brain","Mouse","OpenAICell-RandomK","openai","gpt-5",1,"random-k",0,7,0.6,0.7,0,0,NA,NA,NA
"TasicBrain","Brain","Mouse","OpenAICell-RandomK","openai","gpt-5",1,"random-k",0,8,0.7,0.8,5,0.333333333333333,0.7864,1,0.2136
"TasicBrain","Brain","Mouse","OpenAICell-RandomK","openai","gpt-5",1,"random-k",0,9,0.8,0.9,8,0.533333333333333,0.84325,1,0.15675
"TasicBrain","Brain","Mouse","OpenAICell-RandomK","openai","gpt-5",1,"random-k",0,10,0.9,1,2,0.133333333333333,0.955,1,0.045
"TasicBrain","Brain","Mouse","OpenAICell-ConfidenceK","openai","gpt-5",1,"confidence-k",0,1,0,0.1,0,0,NA,NA,NA
"TasicBrain","Brain","Mouse","OpenAICell-ConfidenceK","openai","gpt-5",1,"confidence-k",0,2,0.1,0.2,0,0,NA,NA,NA
"TasicBrain","Brain","Mouse","OpenAICell-ConfidenceK","openai","gpt-5",1,"confidence-k",0,3,0.2,0.3,0,0,NA,NA,NA
"TasicBrain","Brain","Mouse","OpenAICell-ConfidenceK","openai","gpt-5",1,"confidence-k",0,4,0.3,0.4,0,0,NA,NA,NA
"TasicBrain","Brain","Mouse","OpenAICell-ConfidenceK","openai","gpt-5",1,"confidence-k",0,5,0.4,0.5,0,0,NA,NA,NA
"TasicBrain","Brain","Mouse","OpenAICell-ConfidenceK","openai","gpt-5",1,"confidence-k",0,6,0.5,0.6,0,0,NA,NA,NA
"TasicBrain","Brain","Mouse","OpenAICell-ConfidenceK","openai","gpt-5",1,"confidence-k",0,7,0.6,0.7,0,0,NA,NA,NA
"TasicBrain","Brain","Mouse","OpenAICell-ConfidenceK","openai","gpt-5",1,"confidence-k",0,8,0.7,0.8,5,0.333333333333333,0.7864,1,0.2136
"TasicBrain","Brain","Mouse","OpenAICell-ConfidenceK","openai","gpt-5",1,"confidence-k",0,9,0.8,0.9,8,0.533333333333333,0.84325,1,0.15675
"TasicBrain","Brain","Mouse","OpenAICell-ConfidenceK","openai","gpt-5",1,"confidence-k",0,10,0.9,1,2,0.133333333333333,0.955,1,0.045
"TasicBrain","Brain","Mouse","OpenAICell-NoOntologyK","openai","gpt-5",1,"evidence-no-ontology-k",0,1,0,0.1,0,0,NA,NA,NA
"TasicBrain","Brain","Mouse","OpenAICell-NoOntologyK","openai","gpt-5",1,"evidence-no-ontology-k",0,2,0.1,0.2,0,0,NA,NA,NA
"TasicBrain","Brain","Mouse","OpenAICell-NoOntologyK","openai","gpt-5",1,"evidence-no-ontology-k",0,3,0.2,0.3,0,0,NA,NA,NA
"TasicBrain","Brain","Mouse","OpenAICell-NoOntologyK","openai","gpt-5",1,"evidence-no-ontology-k",0,4,0.3,0.4,0,0,NA,NA,NA
"TasicBrain","Brain","Mouse","OpenAICell-NoOntologyK","openai","gpt-5",1,"evidence-no-ontology-k",0,5,0.4,0.5,0,0,NA,NA,NA
"TasicBrain","Brain","Mouse","OpenAICell-NoOntologyK","openai","gpt-5",1,"evidence-no-ontology-k",0,6,0.5,0.6,0,0,NA,NA,NA
"TasicBrain","Brain","Mouse","OpenAICell-NoOntologyK","openai","gpt-5",1,"evidence-no-ontology-k",0,7,0.6,0.7,0,0,NA,NA,NA
"TasicBrain","Brain","Mouse","OpenAICell-NoOntologyK","openai","gpt-5",1,"evidence-no-ontology-k",0,8,0.7,0.8,5,0.333333333333333,0.7864,1,0.2136
"TasicBrain","Brain","Mouse","OpenAICell-NoOntologyK","openai","gpt-5",1,"evidence-no-ontology-k",0,9,0.8,0.9,8,0.533333333333333,0.84325,1,0.15675
"TasicBrain","Brain","Mouse","OpenAICell-NoOntologyK","openai","gpt-5",1,"evidence-no-ontology-k",0,10,0.9,1,2,0.133333333333333,0.955,1,0.045
"TasicBrain","Brain","Mouse","OpenAICell-FullRefined","openai","gpt-5",1,"full",15,1,0,0.1,0,0,NA,NA,NA
"TasicBrain","Brain","Mouse","OpenAICell-FullRefined","openai","gpt-5",1,"full",15,2,0.1,0.2,0,0,NA,NA,NA
"TasicBrain","Brain","Mouse","OpenAICell-FullRefined","openai","gpt-5",1,"full",15,3,0.2,0.3,0,0,NA,NA,NA
"TasicBrain","Brain","Mouse","OpenAICell-FullRefined","openai","gpt-5",1,"full",15,4,0.3,0.4,0,0,NA,NA,NA
"TasicBrain","Brain","Mouse","OpenAICell-FullRefined","openai","gpt-5",1,"full",15,5,0.4,0.5,0,0,NA,NA,NA
"TasicBrain","Brain","Mouse","OpenAICell-FullRefined","openai","gpt-5",1,"full",15,6,0.5,0.6,0,0,NA,NA,NA
"TasicBrain","Brain","Mouse","OpenAICell-FullRefined","openai","gpt-5",1,"full",15,7,0.6,0.7,1,0.0666666666666667,0.615,1,0.385
"TasicBrain","Brain","Mouse","OpenAICell-FullRefined","openai","gpt-5",1,"full",15,8,0.7,0.8,5,0.333333333333333,0.7806,1,0.2194
"TasicBrain","Brain","Mouse","OpenAICell-FullRefined","openai","gpt-5",1,"full",15,9,0.8,0.9,7,0.466666666666667,0.840714285714286,1,0.159285714285714
"TasicBrain","Brain","Mouse","OpenAICell-FullRefined","openai","gpt-5",1,"full",15,10,0.9,1,2,0.133333333333333,0.955,1,0.045
"ZeiselBrain","Brain","Mouse","OpenAI-Plain","openai","gpt-5",1,"none",0,1,0,0.1,0,0,NA,NA,NA
"ZeiselBrain","Brain","Mouse","OpenAI-Plain","openai","gpt-5",1,"none",0,2,0.1,0.2,0,0,NA,NA,NA
"ZeiselBrain","Brain","Mouse","OpenAI-Plain","openai","gpt-5",1,"none",0,3,0.2,0.3,0,0,NA,NA,NA
"ZeiselBrain","Brain","Mouse","OpenAI-Plain","openai","gpt-5",1,"none",0,4,0.3,0.4,0,0,NA,NA,NA
"ZeiselBrain","Brain","Mouse","OpenAI-Plain","openai","gpt-5",1,"none",0,5,0.4,0.5,1,0.0625,0.5,1,0.5
"ZeiselBrain","Brain","Mouse","OpenAI-Plain","openai","gpt-5",1,"none",0,6,0.5,0.6,1,0.0625,0.6,0,0.6
"ZeiselBrain","Brain","Mouse","OpenAI-Plain","openai","gpt-5",1,"none",0,7,0.6,0.7,1,0.0625,0.7,1,0.3
"ZeiselBrain","Brain","Mouse","OpenAI-Plain","openai","gpt-5",1,"none",0,8,0.7,0.8,1,0.0625,0.75,1,0.25
"ZeiselBrain","Brain","Mouse","OpenAI-Plain","openai","gpt-5",1,"none",0,9,0.8,0.9,5,0.3125,0.86,0.8,0.0599999999999999
"ZeiselBrain","Brain","Mouse","OpenAI-Plain","openai","gpt-5",1,"none",0,10,0.9,1,7,0.4375,0.981428571428571,0.857142857142857,0.124285714285714
"ZeiselBrain","Brain","Mouse","OpenAICell-Evidence","openai","gpt-5",1,"none",0,1,0,0.1,0,0,NA,NA,NA
"ZeiselBrain","Brain","Mouse","OpenAICell-Evidence","openai","gpt-5",1,"none",0,2,0.1,0.2,0,0,NA,NA,NA
"ZeiselBrain","Brain","Mouse","OpenAICell-Evidence","openai","gpt-5",1,"none",0,3,0.2,0.3,0,0,NA,NA,NA
"ZeiselBrain","Brain","Mouse","OpenAICell-Evidence","openai","gpt-5",1,"none",0,4,0.3,0.4,0,0,NA,NA,NA
"ZeiselBrain","Brain","Mouse","OpenAICell-Evidence","openai","gpt-5",1,"none",0,5,0.4,0.5,1,0.0625,0.5,1,0.5
"ZeiselBrain","Brain","Mouse","OpenAICell-Evidence","openai","gpt-5",1,"none",0,6,0.5,0.6,1,0.0625,0.6,0,0.6
"ZeiselBrain","Brain","Mouse","OpenAICell-Evidence","openai","gpt-5",1,"none",0,7,0.6,0.7,1,0.0625,0.7,1,0.3
"ZeiselBrain","Brain","Mouse","OpenAICell-Evidence","openai","gpt-5",1,"none",0,8,0.7,0.8,1,0.0625,0.75,1,0.25
"ZeiselBrain","Brain","Mouse","OpenAICell-Evidence","openai","gpt-5",1,"none",0,9,0.8,0.9,5,0.3125,0.86,0.8,0.0599999999999999
"ZeiselBrain","Brain","Mouse","OpenAICell-Evidence","openai","gpt-5",1,"none",0,10,0.9,1,7,0.4375,0.981428571428571,0.857142857142857,0.124285714285714
"ZeiselBrain","Brain","Mouse","OpenAICell-Calibrated","openai","gpt-5",1,"none",0,1,0,0.1,0,0,NA,NA,NA
"ZeiselBrain","Brain","Mouse","OpenAICell-Calibrated","openai","gpt-5",1,"none",0,2,0.1,0.2,0,0,NA,NA,NA
"ZeiselBrain","Brain","Mouse","OpenAICell-Calibrated","openai","gpt-5",1,"none",0,3,0.2,0.3,0,0,NA,NA,NA
"ZeiselBrain","Brain","Mouse","OpenAICell-Calibrated","openai","gpt-5",1,"none",0,4,0.3,0.4,0,0,NA,NA,NA
"ZeiselBrain","Brain","Mouse","OpenAICell-Calibrated","openai","gpt-5",1,"none",0,5,0.4,0.5,0,0,NA,NA,NA
"ZeiselBrain","Brain","Mouse","OpenAICell-Calibrated","openai","gpt-5",1,"none",0,6,0.5,0.6,0,0,NA,NA,NA
"ZeiselBrain","Brain","Mouse","OpenAICell-Calibrated","openai","gpt-5",1,"none",0,7,0.6,0.7,1,0.0625,0.7,1,0.3
"ZeiselBrain","Brain","Mouse","OpenAICell-Calibrated","openai","gpt-5",1,"none",0,8,0.7,0.8,6,0.375,0.753833333333333,0.666666666666667,0.0871666666666667
"ZeiselBrain","Brain","Mouse","OpenAICell-Calibrated","openai","gpt-5",1,"none",0,9,0.8,0.9,5,0.3125,0.8346,0.8,0.0346
"ZeiselBrain","Brain","Mouse","OpenAICell-Calibrated","openai","gpt-5",1,"none",0,10,0.9,1,4,0.25,0.9445,1,0.0555
"ZeiselBrain","Brain","Mouse","OpenAICell-SelfRefined","openai","gpt-5",1,"evidence-k",1,1,0,0.1,0,0,NA,NA,NA
"ZeiselBrain","Brain","Mouse","OpenAICell-SelfRefined","openai","gpt-5",1,"evidence-k",1,2,0.1,0.2,0,0,NA,NA,NA
"ZeiselBrain","Brain","Mouse","OpenAICell-SelfRefined","openai","gpt-5",1,"evidence-k",1,3,0.2,0.3,0,0,NA,NA,NA
"ZeiselBrain","Brain","Mouse","OpenAICell-SelfRefined","openai","gpt-5",1,"evidence-k",1,4,0.3,0.4,0,0,NA,NA,NA
"ZeiselBrain","Brain","Mouse","OpenAICell-SelfRefined","openai","gpt-5",1,"evidence-k",1,5,0.4,0.5,0,0,NA,NA,NA
"ZeiselBrain","Brain","Mouse","OpenAICell-SelfRefined","openai","gpt-5",1,"evidence-k",1,6,0.5,0.6,0,0,NA,NA,NA
"ZeiselBrain","Brain","Mouse","OpenAICell-SelfRefined","openai","gpt-5",1,"evidence-k",1,7,0.6,0.7,1,0.0625,0.7,1,0.3
"ZeiselBrain","Brain","Mouse","OpenAICell-SelfRefined","openai","gpt-5",1,"evidence-k",1,8,0.7,0.8,5,0.3125,0.7642,0.8,0.0358000000000001
"ZeiselBrain","Brain","Mouse","OpenAICell-SelfRefined","openai","gpt-5",1,"evidence-k",1,9,0.8,0.9,6,0.375,0.840333333333333,0.833333333333333,0.0069999999999999
"ZeiselBrain","Brain","Mouse","OpenAICell-SelfRefined","openai","gpt-5",1,"evidence-k",1,10,0.9,1,4,0.25,0.9445,1,0.0555
"ZeiselBrain","Brain","Mouse","OpenAICell-RandomK","openai","gpt-5",1,"random-k",1,1,0,0.1,0,0,NA,NA,NA
"ZeiselBrain","Brain","Mouse","OpenAICell-RandomK","openai","gpt-5",1,"random-k",1,2,0.1,0.2,0,0,NA,NA,NA
"ZeiselBrain","Brain","Mouse","OpenAICell-RandomK","openai","gpt-5",1,"random-k",1,3,0.2,0.3,0,0,NA,NA,NA
"ZeiselBrain","Brain","Mouse","OpenAICell-RandomK","openai","gpt-5",1,"random-k",1,4,0.3,0.4,0,0,NA,NA,NA
"ZeiselBrain","Brain","Mouse","OpenAICell-RandomK","openai","gpt-5",1,"random-k",1,5,0.4,0.5,0,0,NA,NA,NA
"ZeiselBrain","Brain","Mouse","OpenAICell-RandomK","openai","gpt-5",1,"random-k",1,6,0.5,0.6,0,0,NA,NA,NA
"ZeiselBrain","Brain","Mouse","OpenAICell-RandomK","openai","gpt-5",1,"random-k",1,7,0.6,0.7,0,0,NA,NA,NA
"ZeiselBrain","Brain","Mouse","OpenAICell-RandomK","openai","gpt-5",1,"random-k",1,8,0.7,0.8,7,0.4375,0.752142857142857,0.714285714285714,0.0378571428571428
"ZeiselBrain","Brain","Mouse","OpenAICell-RandomK","openai","gpt-5",1,"random-k",1,9,0.8,0.9,5,0.3125,0.8346,0.8,0.0346
"ZeiselBrain","Brain","Mouse","OpenAICell-RandomK","openai","gpt-5",1,"random-k",1,10,0.9,1,4,0.25,0.9445,1,0.0555
"ZeiselBrain","Brain","Mouse","OpenAICell-ConfidenceK","openai","gpt-5",1,"confidence-k",1,1,0,0.1,0,0,NA,NA,NA
"ZeiselBrain","Brain","Mouse","OpenAICell-ConfidenceK","openai","gpt-5",1,"confidence-k",1,2,0.1,0.2,0,0,NA,NA,NA
"ZeiselBrain","Brain","Mouse","OpenAICell-ConfidenceK","openai","gpt-5",1,"confidence-k",1,3,0.2,0.3,0,0,NA,NA,NA
"ZeiselBrain","Brain","Mouse","OpenAICell-ConfidenceK","openai","gpt-5",1,"confidence-k",1,4,0.3,0.4,0,0,NA,NA,NA
"ZeiselBrain","Brain","Mouse","OpenAICell-ConfidenceK","openai","gpt-5",1,"confidence-k",1,5,0.4,0.5,0,0,NA,NA,NA
"ZeiselBrain","Brain","Mouse","OpenAICell-ConfidenceK","openai","gpt-5",1,"confidence-k",1,6,0.5,0.6,0,0,NA,NA,NA
"ZeiselBrain","Brain","Mouse","OpenAICell-ConfidenceK","openai","gpt-5",1,"confidence-k",1,7,0.6,0.7,0,0,NA,NA,NA
"ZeiselBrain","Brain","Mouse","OpenAICell-ConfidenceK","openai","gpt-5",1,"confidence-k",1,8,0.7,0.8,7,0.4375,0.756142857142857,0.714285714285714,0.0418571428571428
"ZeiselBrain","Brain","Mouse","OpenAICell-ConfidenceK","openai","gpt-5",1,"confidence-k",1,9,0.8,0.9,5,0.3125,0.8346,0.8,0.0346
"ZeiselBrain","Brain","Mouse","OpenAICell-ConfidenceK","openai","gpt-5",1,"confidence-k",1,10,0.9,1,4,0.25,0.9445,1,0.0555
"ZeiselBrain","Brain","Mouse","OpenAICell-NoOntologyK","openai","gpt-5",1,"evidence-no-ontology-k",1,1,0,0.1,0,0,NA,NA,NA
"ZeiselBrain","Brain","Mouse","OpenAICell-NoOntologyK","openai","gpt-5",1,"evidence-no-ontology-k",1,2,0.1,0.2,0,0,NA,NA,NA
"ZeiselBrain","Brain","Mouse","OpenAICell-NoOntologyK","openai","gpt-5",1,"evidence-no-ontology-k",1,3,0.2,0.3,0,0,NA,NA,NA
"ZeiselBrain","Brain","Mouse","OpenAICell-NoOntologyK","openai","gpt-5",1,"evidence-no-ontology-k",1,4,0.3,0.4,0,0,NA,NA,NA
"ZeiselBrain","Brain","Mouse","OpenAICell-NoOntologyK","openai","gpt-5",1,"evidence-no-ontology-k",1,5,0.4,0.5,0,0,NA,NA,NA
"ZeiselBrain","Brain","Mouse","OpenAICell-NoOntologyK","openai","gpt-5",1,"evidence-no-ontology-k",1,6,0.5,0.6,0,0,NA,NA,NA
"ZeiselBrain","Brain","Mouse","OpenAICell-NoOntologyK","openai","gpt-5",1,"evidence-no-ontology-k",1,7,0.6,0.7,1,0.0625,0.7,1,0.3
"ZeiselBrain","Brain","Mouse","OpenAICell-NoOntologyK","openai","gpt-5",1,"evidence-no-ontology-k",1,8,0.7,0.8,5,0.3125,0.7642,0.8,0.0358000000000001
"ZeiselBrain","Brain","Mouse","OpenAICell-NoOntologyK","openai","gpt-5",1,"evidence-no-ontology-k",1,9,0.8,0.9,6,0.375,0.840333333333333,0.833333333333333,0.0069999999999999
"ZeiselBrain","Brain","Mouse","OpenAICell-NoOntologyK","openai","gpt-5",1,"evidence-no-ontology-k",1,10,0.9,1,4,0.25,0.9445,1,0.0555
"ZeiselBrain","Brain","Mouse","OpenAICell-FullRefined","openai","gpt-5",1,"full",16,1,0,0.1,0,0,NA,NA,NA
"ZeiselBrain","Brain","Mouse","OpenAICell-FullRefined","openai","gpt-5",1,"full",16,2,0.1,0.2,0,0,NA,NA,NA
"ZeiselBrain","Brain","Mouse","OpenAICell-FullRefined","openai","gpt-5",1,"full",16,3,0.2,0.3,0,0,NA,NA,NA
"ZeiselBrain","Brain","Mouse","OpenAICell-FullRefined","openai","gpt-5",1,"full",16,4,0.3,0.4,0,0,NA,NA,NA
"ZeiselBrain","Brain","Mouse","OpenAICell-FullRefined","openai","gpt-5",1,"full",16,5,0.4,0.5,0,0,NA,NA,NA
"ZeiselBrain","Brain","Mouse","OpenAICell-FullRefined","openai","gpt-5",1,"full",16,6,0.5,0.6,1,0.0625,0.575,1,0.425
"ZeiselBrain","Brain","Mouse","OpenAICell-FullRefined","openai","gpt-5",1,"full",16,7,0.6,0.7,2,0.125,0.669,0.5,0.169
"ZeiselBrain","Brain","Mouse","OpenAICell-FullRefined","openai","gpt-5",1,"full",16,8,0.7,0.8,3,0.1875,0.757,0.666666666666667,0.0903333333333334
"ZeiselBrain","Brain","Mouse","OpenAICell-FullRefined","openai","gpt-5",1,"full",16,9,0.8,0.9,6,0.375,0.855666666666667,1,0.144333333333333
"ZeiselBrain","Brain","Mouse","OpenAICell-FullRefined","openai","gpt-5",1,"full",16,10,0.9,1,4,0.25,0.9445,1,0.0555
"ZilionisLung","Lung","Human","OpenAI-Plain","openai","gpt-5",1,"none",0,1,0,0.1,0,0,NA,NA,NA
"ZilionisLung","Lung","Human","OpenAI-Plain","openai","gpt-5",1,"none",0,2,0.1,0.2,0,0,NA,NA,NA
"ZilionisLung","Lung","Human","OpenAI-Plain","openai","gpt-5",1,"none",0,3,0.2,0.3,0,0,NA,NA,NA
"ZilionisLung","Lung","Human","OpenAI-Plain","openai","gpt-5",1,"none",0,4,0.3,0.4,0,0,NA,NA,NA
"ZilionisLung","Lung","Human","OpenAI-Plain","openai","gpt-5",1,"none",0,5,0.4,0.5,0,0,NA,NA,NA
"ZilionisLung","Lung","Human","OpenAI-Plain","openai","gpt-5",1,"none",0,6,0.5,0.6,1,0.0588235294117647,0.6,1,0.4
"ZilionisLung","Lung","Human","OpenAI-Plain","openai","gpt-5",1,"none",0,7,0.6,0.7,4,0.235294117647059,0.7,0,0.7
"ZilionisLung","Lung","Human","OpenAI-Plain","openai","gpt-5",1,"none",0,8,0.7,0.8,0,0,NA,NA,NA
"ZilionisLung","Lung","Human","OpenAI-Plain","openai","gpt-5",1,"none",0,9,0.8,0.9,1,0.0588235294117647,0.85,1,0.15
"ZilionisLung","Lung","Human","OpenAI-Plain","openai","gpt-5",1,"none",0,10,0.9,1,11,0.647058823529412,0.979090909090909,0.909090909090909,0.0700000000000001
"ZilionisLung","Lung","Human","OpenAICell-Evidence","openai","gpt-5",1,"none",0,1,0,0.1,0,0,NA,NA,NA
"ZilionisLung","Lung","Human","OpenAICell-Evidence","openai","gpt-5",1,"none",0,2,0.1,0.2,0,0,NA,NA,NA
"ZilionisLung","Lung","Human","OpenAICell-Evidence","openai","gpt-5",1,"none",0,3,0.2,0.3,0,0,NA,NA,NA
"ZilionisLung","Lung","Human","OpenAICell-Evidence","openai","gpt-5",1,"none",0,4,0.3,0.4,0,0,NA,NA,NA
"ZilionisLung","Lung","Human","OpenAICell-Evidence","openai","gpt-5",1,"none",0,5,0.4,0.5,0,0,NA,NA,NA
"ZilionisLung","Lung","Human","OpenAICell-Evidence","openai","gpt-5",1,"none",0,6,0.5,0.6,1,0.0588235294117647,0.6,1,0.4
"ZilionisLung","Lung","Human","OpenAICell-Evidence","openai","gpt-5",1,"none",0,7,0.6,0.7,4,0.235294117647059,0.7,0,0.7
"ZilionisLung","Lung","Human","OpenAICell-Evidence","openai","gpt-5",1,"none",0,8,0.7,0.8,0,0,NA,NA,NA
"ZilionisLung","Lung","Human","OpenAICell-Evidence","openai","gpt-5",1,"none",0,9,0.8,0.9,1,0.0588235294117647,0.85,1,0.15
"ZilionisLung","Lung","Human","OpenAICell-Evidence","openai","gpt-5",1,"none",0,10,0.9,1,11,0.647058823529412,0.979090909090909,0.909090909090909,0.0700000000000001
"ZilionisLung","Lung","Human","OpenAICell-Calibrated","openai","gpt-5",1,"none",0,1,0,0.1,0,0,NA,NA,NA
"ZilionisLung","Lung","Human","OpenAICell-Calibrated","openai","gpt-5",1,"none",0,2,0.1,0.2,0,0,NA,NA,NA
"ZilionisLung","Lung","Human","OpenAICell-Calibrated","openai","gpt-5",1,"none",0,3,0.2,0.3,0,0,NA,NA,NA
"ZilionisLung","Lung","Human","OpenAICell-Calibrated","openai","gpt-5",1,"none",0,4,0.3,0.4,0,0,NA,NA,NA
"ZilionisLung","Lung","Human","OpenAICell-Calibrated","openai","gpt-5",1,"none",0,5,0.4,0.5,0,0,NA,NA,NA
"ZilionisLung","Lung","Human","OpenAICell-Calibrated","openai","gpt-5",1,"none",0,6,0.5,0.6,0,0,NA,NA,NA
"ZilionisLung","Lung","Human","OpenAICell-Calibrated","openai","gpt-5",1,"none",0,7,0.6,0.7,1,0.0588235294117647,0.645,0,0.645
"ZilionisLung","Lung","Human","OpenAICell-Calibrated","openai","gpt-5",1,"none",0,8,0.7,0.8,8,0.470588235294118,0.751375,0.625,0.126375
"ZilionisLung","Lung","Human","OpenAICell-Calibrated","openai","gpt-5",1,"none",0,9,0.8,0.9,4,0.235294117647059,0.8445,0.75,0.0945
"ZilionisLung","Lung","Human","OpenAICell-Calibrated","openai","gpt-5",1,"none",0,10,0.9,1,4,0.235294117647059,0.9435,1,0.0565
"ZilionisLung","Lung","Human","OpenAICell-SelfRefined","openai","gpt-5",1,"evidence-k",0,1,0,0.1,0,0,NA,NA,NA
"ZilionisLung","Lung","Human","OpenAICell-SelfRefined","openai","gpt-5",1,"evidence-k",0,2,0.1,0.2,0,0,NA,NA,NA
"ZilionisLung","Lung","Human","OpenAICell-SelfRefined","openai","gpt-5",1,"evidence-k",0,3,0.2,0.3,0,0,NA,NA,NA
"ZilionisLung","Lung","Human","OpenAICell-SelfRefined","openai","gpt-5",1,"evidence-k",0,4,0.3,0.4,0,0,NA,NA,NA
"ZilionisLung","Lung","Human","OpenAICell-SelfRefined","openai","gpt-5",1,"evidence-k",0,5,0.4,0.5,0,0,NA,NA,NA
"ZilionisLung","Lung","Human","OpenAICell-SelfRefined","openai","gpt-5",1,"evidence-k",0,6,0.5,0.6,0,0,NA,NA,NA
"ZilionisLung","Lung","Human","OpenAICell-SelfRefined","openai","gpt-5",1,"evidence-k",0,7,0.6,0.7,1,0.0588235294117647,0.645,0,0.645
"ZilionisLung","Lung","Human","OpenAICell-SelfRefined","openai","gpt-5",1,"evidence-k",0,8,0.7,0.8,8,0.470588235294118,0.751375,0.625,0.126375
"ZilionisLung","Lung","Human","OpenAICell-SelfRefined","openai","gpt-5",1,"evidence-k",0,9,0.8,0.9,4,0.235294117647059,0.8445,0.75,0.0945
"ZilionisLung","Lung","Human","OpenAICell-SelfRefined","openai","gpt-5",1,"evidence-k",0,10,0.9,1,4,0.235294117647059,0.9435,1,0.0565
"ZilionisLung","Lung","Human","OpenAICell-RandomK","openai","gpt-5",1,"random-k",0,1,0,0.1,0,0,NA,NA,NA
"ZilionisLung","Lung","Human","OpenAICell-RandomK","openai","gpt-5",1,"random-k",0,2,0.1,0.2,0,0,NA,NA,NA
"ZilionisLung","Lung","Human","OpenAICell-RandomK","openai","gpt-5",1,"random-k",0,3,0.2,0.3,0,0,NA,NA,NA
"ZilionisLung","Lung","Human","OpenAICell-RandomK","openai","gpt-5",1,"random-k",0,4,0.3,0.4,0,0,NA,NA,NA
"ZilionisLung","Lung","Human","OpenAICell-RandomK","openai","gpt-5",1,"random-k",0,5,0.4,0.5,0,0,NA,NA,NA
"ZilionisLung","Lung","Human","OpenAICell-RandomK","openai","gpt-5",1,"random-k",0,6,0.5,0.6,0,0,NA,NA,NA
"ZilionisLung","Lung","Human","OpenAICell-RandomK","openai","gpt-5",1,"random-k",0,7,0.6,0.7,1,0.0588235294117647,0.645,0,0.645
"ZilionisLung","Lung","Human","OpenAICell-RandomK","openai","gpt-5",1,"random-k",0,8,0.7,0.8,8,0.470588235294118,0.751375,0.625,0.126375
"ZilionisLung","Lung","Human","OpenAICell-RandomK","openai","gpt-5",1,"random-k",0,9,0.8,0.9,4,0.235294117647059,0.8445,0.75,0.0945
"ZilionisLung","Lung","Human","OpenAICell-RandomK","openai","gpt-5",1,"random-k",0,10,0.9,1,4,0.235294117647059,0.9435,1,0.0565
"ZilionisLung","Lung","Human","OpenAICell-ConfidenceK","openai","gpt-5",1,"confidence-k",0,1,0,0.1,0,0,NA,NA,NA
"ZilionisLung","Lung","Human","OpenAICell-ConfidenceK","openai","gpt-5",1,"confidence-k",0,2,0.1,0.2,0,0,NA,NA,NA
"ZilionisLung","Lung","Human","OpenAICell-ConfidenceK","openai","gpt-5",1,"confidence-k",0,3,0.2,0.3,0,0,NA,NA,NA
"ZilionisLung","Lung","Human","OpenAICell-ConfidenceK","openai","gpt-5",1,"confidence-k",0,4,0.3,0.4,0,0,NA,NA,NA
"ZilionisLung","Lung","Human","OpenAICell-ConfidenceK","openai","gpt-5",1,"confidence-k",0,5,0.4,0.5,0,0,NA,NA,NA
"ZilionisLung","Lung","Human","OpenAICell-ConfidenceK","openai","gpt-5",1,"confidence-k",0,6,0.5,0.6,0,0,NA,NA,NA
"ZilionisLung","Lung","Human","OpenAICell-ConfidenceK","openai","gpt-5",1,"confidence-k",0,7,0.6,0.7,1,0.0588235294117647,0.645,0,0.645
"ZilionisLung","Lung","Human","OpenAICell-ConfidenceK","openai","gpt-5",1,"confidence-k",0,8,0.7,0.8,8,0.470588235294118,0.751375,0.625,0.126375
"ZilionisLung","Lung","Human","OpenAICell-ConfidenceK","openai","gpt-5",1,"confidence-k",0,9,0.8,0.9,4,0.235294117647059,0.8445,0.75,0.0945
"ZilionisLung","Lung","Human","OpenAICell-ConfidenceK","openai","gpt-5",1,"confidence-k",0,10,0.9,1,4,0.235294117647059,0.9435,1,0.0565
"ZilionisLung","Lung","Human","OpenAICell-NoOntologyK","openai","gpt-5",1,"evidence-no-ontology-k",0,1,0,0.1,0,0,NA,NA,NA
"ZilionisLung","Lung","Human","OpenAICell-NoOntologyK","openai","gpt-5",1,"evidence-no-ontology-k",0,2,0.1,0.2,0,0,NA,NA,NA
"ZilionisLung","Lung","Human","OpenAICell-NoOntologyK","openai","gpt-5",1,"evidence-no-ontology-k",0,3,0.2,0.3,0,0,NA,NA,NA
"ZilionisLung","Lung","Human","OpenAICell-NoOntologyK","openai","gpt-5",1,"evidence-no-ontology-k",0,4,0.3,0.4,0,0,NA,NA,NA
"ZilionisLung","Lung","Human","OpenAICell-NoOntologyK","openai","gpt-5",1,"evidence-no-ontology-k",0,5,0.4,0.5,0,0,NA,NA,NA
"ZilionisLung","Lung","Human","OpenAICell-NoOntologyK","openai","gpt-5",1,"evidence-no-ontology-k",0,6,0.5,0.6,0,0,NA,NA,NA
"ZilionisLung","Lung","Human","OpenAICell-NoOntologyK","openai","gpt-5",1,"evidence-no-ontology-k",0,7,0.6,0.7,1,0.0588235294117647,0.645,0,0.645
"ZilionisLung","Lung","Human","OpenAICell-NoOntologyK","openai","gpt-5",1,"evidence-no-ontology-k",0,8,0.7,0.8,8,0.470588235294118,0.751375,0.625,0.126375
"ZilionisLung","Lung","Human","OpenAICell-NoOntologyK","openai","gpt-5",1,"evidence-no-ontology-k",0,9,0.8,0.9,4,0.235294117647059,0.8445,0.75,0.0945
"ZilionisLung","Lung","Human","OpenAICell-NoOntologyK","openai","gpt-5",1,"evidence-no-ontology-k",0,10,0.9,1,4,0.235294117647059,0.9435,1,0.0565
"ZilionisLung","Lung","Human","OpenAICell-FullRefined","openai","gpt-5",1,"full",17,1,0,0.1,0,0,NA,NA,NA
"ZilionisLung","Lung","Human","OpenAICell-FullRefined","openai","gpt-5",1,"full",17,2,0.1,0.2,0,0,NA,NA,NA
"ZilionisLung","Lung","Human","OpenAICell-FullRefined","openai","gpt-5",1,"full",17,3,0.2,0.3,0,0,NA,NA,NA
"ZilionisLung","Lung","Human","OpenAICell-FullRefined","openai","gpt-5",1,"full",17,4,0.3,0.4,0,0,NA,NA,NA
"ZilionisLung","Lung","Human","OpenAICell-FullRefined","openai","gpt-5",1,"full",17,5,0.4,0.5,0,0,NA,NA,NA
"ZilionisLung","Lung","Human","OpenAICell-FullRefined","openai","gpt-5",1,"full",17,6,0.5,0.6,0,0,NA,NA,NA
"ZilionisLung","Lung","Human","OpenAICell-FullRefined","openai","gpt-5",1,"full",17,7,0.6,0.7,0,0,NA,NA,NA
"ZilionisLung","Lung","Human","OpenAICell-FullRefined","openai","gpt-5",1,"full",17,8,0.7,0.8,4,0.235294117647059,0.7515,1,0.2485
"ZilionisLung","Lung","Human","OpenAICell-FullRefined","openai","gpt-5",1,"full",17,9,0.8,0.9,9,0.529411764705882,0.835555555555555,0.555555555555556,0.28
"ZilionisLung","Lung","Human","OpenAICell-FullRefined","openai","gpt-5",1,"full",17,10,0.9,1,4,0.235294117647059,0.9435,1,0.0565
"PBMC","PBMC","Human","OpenAI-Plain","openai","gpt-5",2,"none",0,1,0,0.1,0,0,NA,NA,NA
"PBMC","PBMC","Human","OpenAI-Plain","openai","gpt-5",2,"none",0,2,0.1,0.2,0,0,NA,NA,NA
"PBMC","PBMC","Human","OpenAI-Plain","openai","gpt-5",2,"none",0,3,0.2,0.3,0,0,NA,NA,NA
"PBMC","PBMC","Human","OpenAI-Plain","openai","gpt-5",2,"none",0,4,0.3,0.4,0,0,NA,NA,NA
"PBMC","PBMC","Human","OpenAI-Plain","openai","gpt-5",2,"none",0,5,0.4,0.5,0,0,NA,NA,NA
"PBMC","PBMC","Human","OpenAI-Plain","openai","gpt-5",2,"none",0,6,0.5,0.6,0,0,NA,NA,NA
"PBMC","PBMC","Human","OpenAI-Plain","openai","gpt-5",2,"none",0,7,0.6,0.7,1,0.125,0.7,1,0.3
"PBMC","PBMC","Human","OpenAI-Plain","openai","gpt-5",2,"none",0,8,0.7,0.8,3,0.375,0.783333333333333,0.666666666666667,0.116666666666667
"PBMC","PBMC","Human","OpenAI-Plain","openai","gpt-5",2,"none",0,9,0.8,0.9,0,0,NA,NA,NA
"PBMC","PBMC","Human","OpenAI-Plain","openai","gpt-5",2,"none",0,10,0.9,1,4,0.5,0.9675,1,0.0325
"PBMC","PBMC","Human","OpenAICell-Evidence","openai","gpt-5",2,"none",0,1,0,0.1,0,0,NA,NA,NA
"PBMC","PBMC","Human","OpenAICell-Evidence","openai","gpt-5",2,"none",0,2,0.1,0.2,0,0,NA,NA,NA
"PBMC","PBMC","Human","OpenAICell-Evidence","openai","gpt-5",2,"none",0,3,0.2,0.3,0,0,NA,NA,NA
"PBMC","PBMC","Human","OpenAICell-Evidence","openai","gpt-5",2,"none",0,4,0.3,0.4,0,0,NA,NA,NA
"PBMC","PBMC","Human","OpenAICell-Evidence","openai","gpt-5",2,"none",0,5,0.4,0.5,0,0,NA,NA,NA
"PBMC","PBMC","Human","OpenAICell-Evidence","openai","gpt-5",2,"none",0,6,0.5,0.6,0,0,NA,NA,NA
"PBMC","PBMC","Human","OpenAICell-Evidence","openai","gpt-5",2,"none",0,7,0.6,0.7,1,0.125,0.7,1,0.3
"PBMC","PBMC","Human","OpenAICell-Evidence","openai","gpt-5",2,"none",0,8,0.7,0.8,3,0.375,0.783333333333333,0.666666666666667,0.116666666666667
"PBMC","PBMC","Human","OpenAICell-Evidence","openai","gpt-5",2,"none",0,9,0.8,0.9,0,0,NA,NA,NA
"PBMC","PBMC","Human","OpenAICell-Evidence","openai","gpt-5",2,"none",0,10,0.9,1,4,0.5,0.9675,1,0.0325
"PBMC","PBMC","Human","OpenAICell-Calibrated","openai","gpt-5",2,"none",0,1,0,0.1,0,0,NA,NA,NA
"PBMC","PBMC","Human","OpenAICell-Calibrated","openai","gpt-5",2,"none",0,2,0.1,0.2,0,0,NA,NA,NA
"PBMC","PBMC","Human","OpenAICell-Calibrated","openai","gpt-5",2,"none",0,3,0.2,0.3,0,0,NA,NA,NA
"PBMC","PBMC","Human","OpenAICell-Calibrated","openai","gpt-5",2,"none",0,4,0.3,0.4,0,0,NA,NA,NA
"PBMC","PBMC","Human","OpenAICell-Calibrated","openai","gpt-5",2,"none",0,5,0.4,0.5,0,0,NA,NA,NA
"PBMC","PBMC","Human","OpenAICell-Calibrated","openai","gpt-5",2,"none",0,6,0.5,0.6,0,0,NA,NA,NA
"PBMC","PBMC","Human","OpenAICell-Calibrated","openai","gpt-5",2,"none",0,7,0.6,0.7,0,0,NA,NA,NA
"PBMC","PBMC","Human","OpenAICell-Calibrated","openai","gpt-5",2,"none",0,8,0.7,0.8,3,0.375,0.746,0.666666666666667,0.0793333333333334
"PBMC","PBMC","Human","OpenAICell-Calibrated","openai","gpt-5",2,"none",0,9,0.8,0.9,4,0.5,0.869,1,0.131
"PBMC","PBMC","Human","OpenAICell-Calibrated","openai","gpt-5",2,"none",0,10,0.9,1,1,0.125,0.91,1,0.09
"PBMC","PBMC","Human","OpenAICell-SelfRefined","openai","gpt-5",2,"evidence-k",0,1,0,0.1,0,0,NA,NA,NA
"PBMC","PBMC","Human","OpenAICell-SelfRefined","openai","gpt-5",2,"evidence-k",0,2,0.1,0.2,0,0,NA,NA,NA
"PBMC","PBMC","Human","OpenAICell-SelfRefined","openai","gpt-5",2,"evidence-k",0,3,0.2,0.3,0,0,NA,NA,NA
"PBMC","PBMC","Human","OpenAICell-SelfRefined","openai","gpt-5",2,"evidence-k",0,4,0.3,0.4,0,0,NA,NA,NA
"PBMC","PBMC","Human","OpenAICell-SelfRefined","openai","gpt-5",2,"evidence-k",0,5,0.4,0.5,0,0,NA,NA,NA
"PBMC","PBMC","Human","OpenAICell-SelfRefined","openai","gpt-5",2,"evidence-k",0,6,0.5,0.6,0,0,NA,NA,NA
"PBMC","PBMC","Human","OpenAICell-SelfRefined","openai","gpt-5",2,"evidence-k",0,7,0.6,0.7,0,0,NA,NA,NA
"PBMC","PBMC","Human","OpenAICell-SelfRefined","openai","gpt-5",2,"evidence-k",0,8,0.7,0.8,3,0.375,0.746,0.666666666666667,0.0793333333333334
"PBMC","PBMC","Human","OpenAICell-SelfRefined","openai","gpt-5",2,"evidence-k",0,9,0.8,0.9,4,0.5,0.869,1,0.131
"PBMC","PBMC","Human","OpenAICell-SelfRefined","openai","gpt-5",2,"evidence-k",0,10,0.9,1,1,0.125,0.91,1,0.09
"PBMC","PBMC","Human","OpenAICell-RandomK","openai","gpt-5",2,"random-k",0,1,0,0.1,0,0,NA,NA,NA
"PBMC","PBMC","Human","OpenAICell-RandomK","openai","gpt-5",2,"random-k",0,2,0.1,0.2,0,0,NA,NA,NA
"PBMC","PBMC","Human","OpenAICell-RandomK","openai","gpt-5",2,"random-k",0,3,0.2,0.3,0,0,NA,NA,NA
"PBMC","PBMC","Human","OpenAICell-RandomK","openai","gpt-5",2,"random-k",0,4,0.3,0.4,0,0,NA,NA,NA
"PBMC","PBMC","Human","OpenAICell-RandomK","openai","gpt-5",2,"random-k",0,5,0.4,0.5,0,0,NA,NA,NA
"PBMC","PBMC","Human","OpenAICell-RandomK","openai","gpt-5",2,"random-k",0,6,0.5,0.6,0,0,NA,NA,NA
"PBMC","PBMC","Human","OpenAICell-RandomK","openai","gpt-5",2,"random-k",0,7,0.6,0.7,0,0,NA,NA,NA
"PBMC","PBMC","Human","OpenAICell-RandomK","openai","gpt-5",2,"random-k",0,8,0.7,0.8,3,0.375,0.746,0.666666666666667,0.0793333333333334
"PBMC","PBMC","Human","OpenAICell-RandomK","openai","gpt-5",2,"random-k",0,9,0.8,0.9,4,0.5,0.869,1,0.131
"PBMC","PBMC","Human","OpenAICell-RandomK","openai","gpt-5",2,"random-k",0,10,0.9,1,1,0.125,0.91,1,0.09
"PBMC","PBMC","Human","OpenAICell-ConfidenceK","openai","gpt-5",2,"confidence-k",0,1,0,0.1,0,0,NA,NA,NA
"PBMC","PBMC","Human","OpenAICell-ConfidenceK","openai","gpt-5",2,"confidence-k",0,2,0.1,0.2,0,0,NA,NA,NA
"PBMC","PBMC","Human","OpenAICell-ConfidenceK","openai","gpt-5",2,"confidence-k",0,3,0.2,0.3,0,0,NA,NA,NA
"PBMC","PBMC","Human","OpenAICell-ConfidenceK","openai","gpt-5",2,"confidence-k",0,4,0.3,0.4,0,0,NA,NA,NA
"PBMC","PBMC","Human","OpenAICell-ConfidenceK","openai","gpt-5",2,"confidence-k",0,5,0.4,0.5,0,0,NA,NA,NA
"PBMC","PBMC","Human","OpenAICell-ConfidenceK","openai","gpt-5",2,"confidence-k",0,6,0.5,0.6,0,0,NA,NA,NA
"PBMC","PBMC","Human","OpenAICell-ConfidenceK","openai","gpt-5",2,"confidence-k",0,7,0.6,0.7,0,0,NA,NA,NA
"PBMC","PBMC","Human","OpenAICell-ConfidenceK","openai","gpt-5",2,"confidence-k",0,8,0.7,0.8,3,0.375,0.746,0.666666666666667,0.0793333333333334
"PBMC","PBMC","Human","OpenAICell-ConfidenceK","openai","gpt-5",2,"confidence-k",0,9,0.8,0.9,4,0.5,0.869,1,0.131
"PBMC","PBMC","Human","OpenAICell-ConfidenceK","openai","gpt-5",2,"confidence-k",0,10,0.9,1,1,0.125,0.91,1,0.09
"PBMC","PBMC","Human","OpenAICell-NoOntologyK","openai","gpt-5",2,"evidence-no-ontology-k",0,1,0,0.1,0,0,NA,NA,NA
"PBMC","PBMC","Human","OpenAICell-NoOntologyK","openai","gpt-5",2,"evidence-no-ontology-k",0,2,0.1,0.2,0,0,NA,NA,NA
"PBMC","PBMC","Human","OpenAICell-NoOntologyK","openai","gpt-5",2,"evidence-no-ontology-k",0,3,0.2,0.3,0,0,NA,NA,NA
"PBMC","PBMC","Human","OpenAICell-NoOntologyK","openai","gpt-5",2,"evidence-no-ontology-k",0,4,0.3,0.4,0,0,NA,NA,NA
"PBMC","PBMC","Human","OpenAICell-NoOntologyK","openai","gpt-5",2,"evidence-no-ontology-k",0,5,0.4,0.5,0,0,NA,NA,NA
"PBMC","PBMC","Human","OpenAICell-NoOntologyK","openai","gpt-5",2,"evidence-no-ontology-k",0,6,0.5,0.6,0,0,NA,NA,NA
"PBMC","PBMC","Human","OpenAICell-NoOntologyK","openai","gpt-5",2,"evidence-no-ontology-k",0,7,0.6,0.7,0,0,NA,NA,NA
"PBMC","PBMC","Human","OpenAICell-NoOntologyK","openai","gpt-5",2,"evidence-no-ontology-k",0,8,0.7,0.8,3,0.375,0.746,0.666666666666667,0.0793333333333334
"PBMC","PBMC","Human","OpenAICell-NoOntologyK","openai","gpt-5",2,"evidence-no-ontology-k",0,9,0.8,0.9,4,0.5,0.869,1,0.131
"PBMC","PBMC","Human","OpenAICell-NoOntologyK","openai","gpt-5",2,"evidence-no-ontology-k",0,10,0.9,1,1,0.125,0.91,1,0.09
"PBMC","PBMC","Human","OpenAICell-FullRefined","openai","gpt-5",2,"full",8,1,0,0.1,0,0,NA,NA,NA
"PBMC","PBMC","Human","OpenAICell-FullRefined","openai","gpt-5",2,"full",8,2,0.1,0.2,0,0,NA,NA,NA
"PBMC","PBMC","Human","OpenAICell-FullRefined","openai","gpt-5",2,"full",8,3,0.2,0.3,0,0,NA,NA,NA
"PBMC","PBMC","Human","OpenAICell-FullRefined","openai","gpt-5",2,"full",8,4,0.3,0.4,0,0,NA,NA,NA
"PBMC","PBMC","Human","OpenAICell-FullRefined","openai","gpt-5",2,"full",8,5,0.4,0.5,0,0,NA,NA,NA
"PBMC","PBMC","Human","OpenAICell-FullRefined","openai","gpt-5",2,"full",8,6,0.5,0.6,0,0,NA,NA,NA
"PBMC","PBMC","Human","OpenAICell-FullRefined","openai","gpt-5",2,"full",8,7,0.6,0.7,1,0.125,0.677,1,0.323
"PBMC","PBMC","Human","OpenAICell-FullRefined","openai","gpt-5",2,"full",8,8,0.7,0.8,2,0.25,0.76,0.5,0.26
"PBMC","PBMC","Human","OpenAICell-FullRefined","openai","gpt-5",2,"full",8,9,0.8,0.9,3,0.375,0.870666666666667,1,0.129333333333333
"PBMC","PBMC","Human","OpenAICell-FullRefined","openai","gpt-5",2,"full",8,10,0.9,1,2,0.25,0.908,1,0.092
"BaronPancreas","Pancreas","Human","OpenAI-Plain","openai","gpt-5",2,"none",0,1,0,0.1,0,0,NA,NA,NA
"BaronPancreas","Pancreas","Human","OpenAI-Plain","openai","gpt-5",2,"none",0,2,0.1,0.2,0,0,NA,NA,NA
"BaronPancreas","Pancreas","Human","OpenAI-Plain","openai","gpt-5",2,"none",0,3,0.2,0.3,0,0,NA,NA,NA
"BaronPancreas","Pancreas","Human","OpenAI-Plain","openai","gpt-5",2,"none",0,4,0.3,0.4,0,0,NA,NA,NA
"BaronPancreas","Pancreas","Human","OpenAI-Plain","openai","gpt-5",2,"none",0,5,0.4,0.5,0,0,NA,NA,NA
"BaronPancreas","Pancreas","Human","OpenAI-Plain","openai","gpt-5",2,"none",0,6,0.5,0.6,0,0,NA,NA,NA
"BaronPancreas","Pancreas","Human","OpenAI-Plain","openai","gpt-5",2,"none",0,7,0.6,0.7,5,0.3125,0.69,0.4,0.29
"BaronPancreas","Pancreas","Human","OpenAI-Plain","openai","gpt-5",2,"none",0,8,0.7,0.8,1,0.0625,0.75,1,0.25
"BaronPancreas","Pancreas","Human","OpenAI-Plain","openai","gpt-5",2,"none",0,9,0.8,0.9,1,0.0625,0.9,1,0.1
"BaronPancreas","Pancreas","Human","OpenAI-Plain","openai","gpt-5",2,"none",0,10,0.9,1,9,0.5625,0.965555555555556,1,0.0344444444444445
"BaronPancreas","Pancreas","Human","OpenAICell-Evidence","openai","gpt-5",2,"none",0,1,0,0.1,0,0,NA,NA,NA
"BaronPancreas","Pancreas","Human","OpenAICell-Evidence","openai","gpt-5",2,"none",0,2,0.1,0.2,0,0,NA,NA,NA
"BaronPancreas","Pancreas","Human","OpenAICell-Evidence","openai","gpt-5",2,"none",0,3,0.2,0.3,0,0,NA,NA,NA
"BaronPancreas","Pancreas","Human","OpenAICell-Evidence","openai","gpt-5",2,"none",0,4,0.3,0.4,0,0,NA,NA,NA
"BaronPancreas","Pancreas","Human","OpenAICell-Evidence","openai","gpt-5",2,"none",0,5,0.4,0.5,0,0,NA,NA,NA
"BaronPancreas","Pancreas","Human","OpenAICell-Evidence","openai","gpt-5",2,"none",0,6,0.5,0.6,0,0,NA,NA,NA
"BaronPancreas","Pancreas","Human","OpenAICell-Evidence","openai","gpt-5",2,"none",0,7,0.6,0.7,5,0.3125,0.69,0.4,0.29
"BaronPancreas","Pancreas","Human","OpenAICell-Evidence","openai","gpt-5",2,"none",0,8,0.7,0.8,1,0.0625,0.75,1,0.25
"BaronPancreas","Pancreas","Human","OpenAICell-Evidence","openai","gpt-5",2,"none",0,9,0.8,0.9,1,0.0625,0.9,1,0.1
"BaronPancreas","Pancreas","Human","OpenAICell-Evidence","openai","gpt-5",2,"none",0,10,0.9,1,9,0.5625,0.965555555555556,1,0.0344444444444445
"BaronPancreas","Pancreas","Human","OpenAICell-Calibrated","openai","gpt-5",2,"none",0,1,0,0.1,0,0,NA,NA,NA
"BaronPancreas","Pancreas","Human","OpenAICell-Calibrated","openai","gpt-5",2,"none",0,2,0.1,0.2,0,0,NA,NA,NA
"BaronPancreas","Pancreas","Human","OpenAICell-Calibrated","openai","gpt-5",2,"none",0,3,0.2,0.3,0,0,NA,NA,NA
"BaronPancreas","Pancreas","Human","OpenAICell-Calibrated","openai","gpt-5",2,"none",0,4,0.3,0.4,0,0,NA,NA,NA
"BaronPancreas","Pancreas","Human","OpenAICell-Calibrated","openai","gpt-5",2,"none",0,5,0.4,0.5,0,0,NA,NA,NA
"BaronPancreas","Pancreas","Human","OpenAICell-Calibrated","openai","gpt-5",2,"none",0,6,0.5,0.6,0,0,NA,NA,NA
"BaronPancreas","Pancreas","Human","OpenAICell-Calibrated","openai","gpt-5",2,"none",0,7,0.6,0.7,1,0.0625,0.645,1,0.355
"BaronPancreas","Pancreas","Human","OpenAICell-Calibrated","openai","gpt-5",2,"none",0,8,0.7,0.8,7,0.4375,0.77,0.571428571428571,0.198571428571429
"BaronPancreas","Pancreas","Human","OpenAICell-Calibrated","openai","gpt-5",2,"none",0,9,0.8,0.9,7,0.4375,0.831285714285714,1,0.168714285714286
"BaronPancreas","Pancreas","Human","OpenAICell-Calibrated","openai","gpt-5",2,"none",0,10,0.9,1,1,0.0625,0.955,1,0.045
"BaronPancreas","Pancreas","Human","OpenAICell-SelfRefined","openai","gpt-5",2,"evidence-k",0,1,0,0.1,0,0,NA,NA,NA
"BaronPancreas","Pancreas","Human","OpenAICell-SelfRefined","openai","gpt-5",2,"evidence-k",0,2,0.1,0.2,0,0,NA,NA,NA
"BaronPancreas","Pancreas","Human","OpenAICell-SelfRefined","openai","gpt-5",2,"evidence-k",0,3,0.2,0.3,0,0,NA,NA,NA
"BaronPancreas","Pancreas","Human","OpenAICell-SelfRefined","openai","gpt-5",2,"evidence-k",0,4,0.3,0.4,0,0,NA,NA,NA
"BaronPancreas","Pancreas","Human","OpenAICell-SelfRefined","openai","gpt-5",2,"evidence-k",0,5,0.4,0.5,0,0,NA,NA,NA
"BaronPancreas","Pancreas","Human","OpenAICell-SelfRefined","openai","gpt-5",2,"evidence-k",0,6,0.5,0.6,0,0,NA,NA,NA
"BaronPancreas","Pancreas","Human","OpenAICell-SelfRefined","openai","gpt-5",2,"evidence-k",0,7,0.6,0.7,1,0.0625,0.645,1,0.355
"BaronPancreas","Pancreas","Human","OpenAICell-SelfRefined","openai","gpt-5",2,"evidence-k",0,8,0.7,0.8,7,0.4375,0.77,0.571428571428571,0.198571428571429
"BaronPancreas","Pancreas","Human","OpenAICell-SelfRefined","openai","gpt-5",2,"evidence-k",0,9,0.8,0.9,7,0.4375,0.831285714285714,1,0.168714285714286
"BaronPancreas","Pancreas","Human","OpenAICell-SelfRefined","openai","gpt-5",2,"evidence-k",0,10,0.9,1,1,0.0625,0.955,1,0.045
"BaronPancreas","Pancreas","Human","OpenAICell-RandomK","openai","gpt-5",2,"random-k",0,1,0,0.1,0,0,NA,NA,NA
"BaronPancreas","Pancreas","Human","OpenAICell-RandomK","openai","gpt-5",2,"random-k",0,2,0.1,0.2,0,0,NA,NA,NA
"BaronPancreas","Pancreas","Human","OpenAICell-RandomK","openai","gpt-5",2,"random-k",0,3,0.2,0.3,0,0,NA,NA,NA
"BaronPancreas","Pancreas","Human","OpenAICell-RandomK","openai","gpt-5",2,"random-k",0,4,0.3,0.4,0,0,NA,NA,NA
"BaronPancreas","Pancreas","Human","OpenAICell-RandomK","openai","gpt-5",2,"random-k",0,5,0.4,0.5,0,0,NA,NA,NA
"BaronPancreas","Pancreas","Human","OpenAICell-RandomK","openai","gpt-5",2,"random-k",0,6,0.5,0.6,0,0,NA,NA,NA
"BaronPancreas","Pancreas","Human","OpenAICell-RandomK","openai","gpt-5",2,"random-k",0,7,0.6,0.7,1,0.0625,0.645,1,0.355
"BaronPancreas","Pancreas","Human","OpenAICell-RandomK","openai","gpt-5",2,"random-k",0,8,0.7,0.8,7,0.4375,0.77,0.571428571428571,0.198571428571429
"BaronPancreas","Pancreas","Human","OpenAICell-RandomK","openai","gpt-5",2,"random-k",0,9,0.8,0.9,7,0.4375,0.831285714285714,1,0.168714285714286
"BaronPancreas","Pancreas","Human","OpenAICell-RandomK","openai","gpt-5",2,"random-k",0,10,0.9,1,1,0.0625,0.955,1,0.045
"BaronPancreas","Pancreas","Human","OpenAICell-ConfidenceK","openai","gpt-5",2,"confidence-k",0,1,0,0.1,0,0,NA,NA,NA
"BaronPancreas","Pancreas","Human","OpenAICell-ConfidenceK","openai","gpt-5",2,"confidence-k",0,2,0.1,0.2,0,0,NA,NA,NA
"BaronPancreas","Pancreas","Human","OpenAICell-ConfidenceK","openai","gpt-5",2,"confidence-k",0,3,0.2,0.3,0,0,NA,NA,NA
"BaronPancreas","Pancreas","Human","OpenAICell-ConfidenceK","openai","gpt-5",2,"confidence-k",0,4,0.3,0.4,0,0,NA,NA,NA
"BaronPancreas","Pancreas","Human","OpenAICell-ConfidenceK","openai","gpt-5",2,"confidence-k",0,5,0.4,0.5,0,0,NA,NA,NA
"BaronPancreas","Pancreas","Human","OpenAICell-ConfidenceK","openai","gpt-5",2,"confidence-k",0,6,0.5,0.6,0,0,NA,NA,NA
"BaronPancreas","Pancreas","Human","OpenAICell-ConfidenceK","openai","gpt-5",2,"confidence-k",0,7,0.6,0.7,1,0.0625,0.645,1,0.355
"BaronPancreas","Pancreas","Human","OpenAICell-ConfidenceK","openai","gpt-5",2,"confidence-k",0,8,0.7,0.8,7,0.4375,0.77,0.571428571428571,0.198571428571429
"BaronPancreas","Pancreas","Human","OpenAICell-ConfidenceK","openai","gpt-5",2,"confidence-k",0,9,0.8,0.9,7,0.4375,0.831285714285714,1,0.168714285714286
"BaronPancreas","Pancreas","Human","OpenAICell-ConfidenceK","openai","gpt-5",2,"confidence-k",0,10,0.9,1,1,0.0625,0.955,1,0.045
"BaronPancreas","Pancreas","Human","OpenAICell-NoOntologyK","openai","gpt-5",2,"evidence-no-ontology-k",0,1,0,0.1,0,0,NA,NA,NA
"BaronPancreas","Pancreas","Human","OpenAICell-NoOntologyK","openai","gpt-5",2,"evidence-no-ontology-k",0,2,0.1,0.2,0,0,NA,NA,NA
"BaronPancreas","Pancreas","Human","OpenAICell-NoOntologyK","openai","gpt-5",2,"evidence-no-ontology-k",0,3,0.2,0.3,0,0,NA,NA,NA
"BaronPancreas","Pancreas","Human","OpenAICell-NoOntologyK","openai","gpt-5",2,"evidence-no-ontology-k",0,4,0.3,0.4,0,0,NA,NA,NA
"BaronPancreas","Pancreas","Human","OpenAICell-NoOntologyK","openai","gpt-5",2,"evidence-no-ontology-k",0,5,0.4,0.5,0,0,NA,NA,NA
"BaronPancreas","Pancreas","Human","OpenAICell-NoOntologyK","openai","gpt-5",2,"evidence-no-ontology-k",0,6,0.5,0.6,0,0,NA,NA,NA
"BaronPancreas","Pancreas","Human","OpenAICell-NoOntologyK","openai","gpt-5",2,"evidence-no-ontology-k",0,7,0.6,0.7,1,0.0625,0.645,1,0.355
"BaronPancreas","Pancreas","Human","OpenAICell-NoOntologyK","openai","gpt-5",2,"evidence-no-ontology-k",0,8,0.7,0.8,7,0.4375,0.77,0.571428571428571,0.198571428571429
"BaronPancreas","Pancreas","Human","OpenAICell-NoOntologyK","openai","gpt-5",2,"evidence-no-ontology-k",0,9,0.8,0.9,7,0.4375,0.831285714285714,1,0.168714285714286
"BaronPancreas","Pancreas","Human","OpenAICell-NoOntologyK","openai","gpt-5",2,"evidence-no-ontology-k",0,10,0.9,1,1,0.0625,0.955,1,0.045
"BaronPancreas","Pancreas","Human","OpenAICell-FullRefined","openai","gpt-5",2,"full",16,1,0,0.1,0,0,NA,NA,NA
"BaronPancreas","Pancreas","Human","OpenAICell-FullRefined","openai","gpt-5",2,"full",16,2,0.1,0.2,0,0,NA,NA,NA
"BaronPancreas","Pancreas","Human","OpenAICell-FullRefined","openai","gpt-5",2,"full",16,3,0.2,0.3,0,0,NA,NA,NA
"BaronPancreas","Pancreas","Human","OpenAICell-FullRefined","openai","gpt-5",2,"full",16,4,0.3,0.4,0,0,NA,NA,NA
"BaronPancreas","Pancreas","Human","OpenAICell-FullRefined","openai","gpt-5",2,"full",16,5,0.4,0.5,0,0,NA,NA,NA
"BaronPancreas","Pancreas","Human","OpenAICell-FullRefined","openai","gpt-5",2,"full",16,6,0.5,0.6,0,0,NA,NA,NA
"BaronPancreas","Pancreas","Human","OpenAICell-FullRefined","openai","gpt-5",2,"full",16,7,0.6,0.7,2,0.125,0.685,0.5,0.185
"BaronPancreas","Pancreas","Human","OpenAICell-FullRefined","openai","gpt-5",2,"full",16,8,0.7,0.8,4,0.25,0.76125,0.5,0.26125
"BaronPancreas","Pancreas","Human","OpenAICell-FullRefined","openai","gpt-5",2,"full",16,9,0.8,0.9,9,0.5625,0.827,1,0.173
"BaronPancreas","Pancreas","Human","OpenAICell-FullRefined","openai","gpt-5",2,"full",16,10,0.9,1,1,0.0625,0.955,1,0.045
"MuraroPancreas","Pancreas","Human","OpenAI-Plain","openai","gpt-5",2,"none",0,1,0,0.1,0,0,NA,NA,NA
"MuraroPancreas","Pancreas","Human","OpenAI-Plain","openai","gpt-5",2,"none",0,2,0.1,0.2,0,0,NA,NA,NA
"MuraroPancreas","Pancreas","Human","OpenAI-Plain","openai","gpt-5",2,"none",0,3,0.2,0.3,0,0,NA,NA,NA
"MuraroPancreas","Pancreas","Human","OpenAI-Plain","openai","gpt-5",2,"none",0,4,0.3,0.4,0,0,NA,NA,NA
"MuraroPancreas","Pancreas","Human","OpenAI-Plain","openai","gpt-5",2,"none",0,5,0.4,0.5,1,0.0909090909090909,0.5,0,0.5
"MuraroPancreas","Pancreas","Human","OpenAI-Plain","openai","gpt-5",2,"none",0,6,0.5,0.6,0,0,NA,NA,NA
"MuraroPancreas","Pancreas","Human","OpenAI-Plain","openai","gpt-5",2,"none",0,7,0.6,0.7,0,0,NA,NA,NA
"MuraroPancreas","Pancreas","Human","OpenAI-Plain","openai","gpt-5",2,"none",0,8,0.7,0.8,1,0.0909090909090909,0.8,1,0.2
"MuraroPancreas","Pancreas","Human","OpenAI-Plain","openai","gpt-5",2,"none",0,9,0.8,0.9,1,0.0909090909090909,0.85,1,0.15
"MuraroPancreas","Pancreas","Human","OpenAI-Plain","openai","gpt-5",2,"none",0,10,0.9,1,8,0.727272727272727,0.98625,0.875,0.11125
"MuraroPancreas","Pancreas","Human","OpenAICell-Evidence","openai","gpt-5",2,"none",0,1,0,0.1,0,0,NA,NA,NA
"MuraroPancreas","Pancreas","Human","OpenAICell-Evidence","openai","gpt-5",2,"none",0,2,0.1,0.2,0,0,NA,NA,NA
"MuraroPancreas","Pancreas","Human","OpenAICell-Evidence","openai","gpt-5",2,"none",0,3,0.2,0.3,0,0,NA,NA,NA
"MuraroPancreas","Pancreas","Human","OpenAICell-Evidence","openai","gpt-5",2,"none",0,4,0.3,0.4,0,0,NA,NA,NA
"MuraroPancreas","Pancreas","Human","OpenAICell-Evidence","openai","gpt-5",2,"none",0,5,0.4,0.5,1,0.0909090909090909,0.5,0,0.5
"MuraroPancreas","Pancreas","Human","OpenAICell-Evidence","openai","gpt-5",2,"none",0,6,0.5,0.6,0,0,NA,NA,NA
"MuraroPancreas","Pancreas","Human","OpenAICell-Evidence","openai","gpt-5",2,"none",0,7,0.6,0.7,0,0,NA,NA,NA
"MuraroPancreas","Pancreas","Human","OpenAICell-Evidence","openai","gpt-5",2,"none",0,8,0.7,0.8,1,0.0909090909090909,0.8,1,0.2
"MuraroPancreas","Pancreas","Human","OpenAICell-Evidence","openai","gpt-5",2,"none",0,9,0.8,0.9,1,0.0909090909090909,0.85,1,0.15
"MuraroPancreas","Pancreas","Human","OpenAICell-Evidence","openai","gpt-5",2,"none",0,10,0.9,1,8,0.727272727272727,0.98625,0.875,0.11125
"MuraroPancreas","Pancreas","Human","OpenAICell-Calibrated","openai","gpt-5",2,"none",0,1,0,0.1,0,0,NA,NA,NA
"MuraroPancreas","Pancreas","Human","OpenAICell-Calibrated","openai","gpt-5",2,"none",0,2,0.1,0.2,0,0,NA,NA,NA
"MuraroPancreas","Pancreas","Human","OpenAICell-Calibrated","openai","gpt-5",2,"none",0,3,0.2,0.3,0,0,NA,NA,NA
"MuraroPancreas","Pancreas","Human","OpenAICell-Calibrated","openai","gpt-5",2,"none",0,4,0.3,0.4,0,0,NA,NA,NA
"MuraroPancreas","Pancreas","Human","OpenAICell-Calibrated","openai","gpt-5",2,"none",0,5,0.4,0.5,0,0,NA,NA,NA
"MuraroPancreas","Pancreas","Human","OpenAICell-Calibrated","openai","gpt-5",2,"none",0,6,0.5,0.6,1,0.0909090909090909,0.575,0,0.575
"MuraroPancreas","Pancreas","Human","OpenAICell-Calibrated","openai","gpt-5",2,"none",0,7,0.6,0.7,1,0.0909090909090909,0.655,1,0.345
"MuraroPancreas","Pancreas","Human","OpenAICell-Calibrated","openai","gpt-5",2,"none",0,8,0.7,0.8,2,0.181818181818182,0.7655,1,0.2345
"MuraroPancreas","Pancreas","Human","OpenAICell-Calibrated","openai","gpt-5",2,"none",0,9,0.8,0.9,6,0.545454545454545,0.8325,0.833333333333333,0.000833333333333353
"MuraroPancreas","Pancreas","Human","OpenAICell-Calibrated","openai","gpt-5",2,"none",0,10,0.9,1,1,0.0909090909090909,0.913,1,0.087
"MuraroPancreas","Pancreas","Human","OpenAICell-SelfRefined","openai","gpt-5",2,"evidence-k",0,1,0,0.1,0,0,NA,NA,NA
"MuraroPancreas","Pancreas","Human","OpenAICell-SelfRefined","openai","gpt-5",2,"evidence-k",0,2,0.1,0.2,0,0,NA,NA,NA
"MuraroPancreas","Pancreas","Human","OpenAICell-SelfRefined","openai","gpt-5",2,"evidence-k",0,3,0.2,0.3,0,0,NA,NA,NA
"MuraroPancreas","Pancreas","Human","OpenAICell-SelfRefined","openai","gpt-5",2,"evidence-k",0,4,0.3,0.4,0,0,NA,NA,NA
"MuraroPancreas","Pancreas","Human","OpenAICell-SelfRefined","openai","gpt-5",2,"evidence-k",0,5,0.4,0.5,0,0,NA,NA,NA
"MuraroPancreas","Pancreas","Human","OpenAICell-SelfRefined","openai","gpt-5",2,"evidence-k",0,6,0.5,0.6,1,0.0909090909090909,0.575,0,0.575
"MuraroPancreas","Pancreas","Human","OpenAICell-SelfRefined","openai","gpt-5",2,"evidence-k",0,7,0.6,0.7,1,0.0909090909090909,0.655,1,0.345
"MuraroPancreas","Pancreas","Human","OpenAICell-SelfRefined","openai","gpt-5",2,"evidence-k",0,8,0.7,0.8,2,0.181818181818182,0.7655,1,0.2345
"MuraroPancreas","Pancreas","Human","OpenAICell-SelfRefined","openai","gpt-5",2,"evidence-k",0,9,0.8,0.9,6,0.545454545454545,0.8325,0.833333333333333,0.000833333333333353
"MuraroPancreas","Pancreas","Human","OpenAICell-SelfRefined","openai","gpt-5",2,"evidence-k",0,10,0.9,1,1,0.0909090909090909,0.913,1,0.087
"MuraroPancreas","Pancreas","Human","OpenAICell-RandomK","openai","gpt-5",2,"random-k",0,1,0,0.1,0,0,NA,NA,NA
"MuraroPancreas","Pancreas","Human","OpenAICell-RandomK","openai","gpt-5",2,"random-k",0,2,0.1,0.2,0,0,NA,NA,NA
"MuraroPancreas","Pancreas","Human","OpenAICell-RandomK","openai","gpt-5",2,"random-k",0,3,0.2,0.3,0,0,NA,NA,NA
"MuraroPancreas","Pancreas","Human","OpenAICell-RandomK","openai","gpt-5",2,"random-k",0,4,0.3,0.4,0,0,NA,NA,NA
"MuraroPancreas","Pancreas","Human","OpenAICell-RandomK","openai","gpt-5",2,"random-k",0,5,0.4,0.5,0,0,NA,NA,NA
"MuraroPancreas","Pancreas","Human","OpenAICell-RandomK","openai","gpt-5",2,"random-k",0,6,0.5,0.6,1,0.0909090909090909,0.575,0,0.575
"MuraroPancreas","Pancreas","Human","OpenAICell-RandomK","openai","gpt-5",2,"random-k",0,7,0.6,0.7,1,0.0909090909090909,0.655,1,0.345
"MuraroPancreas","Pancreas","Human","OpenAICell-RandomK","openai","gpt-5",2,"random-k",0,8,0.7,0.8,2,0.181818181818182,0.7655,1,0.2345
"MuraroPancreas","Pancreas","Human","OpenAICell-RandomK","openai","gpt-5",2,"random-k",0,9,0.8,0.9,6,0.545454545454545,0.8325,0.833333333333333,0.000833333333333353
"MuraroPancreas","Pancreas","Human","OpenAICell-RandomK","openai","gpt-5",2,"random-k",0,10,0.9,1,1,0.0909090909090909,0.913,1,0.087
"MuraroPancreas","Pancreas","Human","OpenAICell-ConfidenceK","openai","gpt-5",2,"confidence-k",0,1,0,0.1,0,0,NA,NA,NA
"MuraroPancreas","Pancreas","Human","OpenAICell-ConfidenceK","openai","gpt-5",2,"confidence-k",0,2,0.1,0.2,0,0,NA,NA,NA
"MuraroPancreas","Pancreas","Human","OpenAICell-ConfidenceK","openai","gpt-5",2,"confidence-k",0,3,0.2,0.3,0,0,NA,NA,NA
"MuraroPancreas","Pancreas","Human","OpenAICell-ConfidenceK","openai","gpt-5",2,"confidence-k",0,4,0.3,0.4,0,0,NA,NA,NA
"MuraroPancreas","Pancreas","Human","OpenAICell-ConfidenceK","openai","gpt-5",2,"confidence-k",0,5,0.4,0.5,0,0,NA,NA,NA
"MuraroPancreas","Pancreas","Human","OpenAICell-ConfidenceK","openai","gpt-5",2,"confidence-k",0,6,0.5,0.6,1,0.0909090909090909,0.575,0,0.575
"MuraroPancreas","Pancreas","Human","OpenAICell-ConfidenceK","openai","gpt-5",2,"confidence-k",0,7,0.6,0.7,1,0.0909090909090909,0.655,1,0.345
"MuraroPancreas","Pancreas","Human","OpenAICell-ConfidenceK","openai","gpt-5",2,"confidence-k",0,8,0.7,0.8,2,0.181818181818182,0.7655,1,0.2345
"MuraroPancreas","Pancreas","Human","OpenAICell-ConfidenceK","openai","gpt-5",2,"confidence-k",0,9,0.8,0.9,6,0.545454545454545,0.8325,0.833333333333333,0.000833333333333353
"MuraroPancreas","Pancreas","Human","OpenAICell-ConfidenceK","openai","gpt-5",2,"confidence-k",0,10,0.9,1,1,0.0909090909090909,0.913,1,0.087
"MuraroPancreas","Pancreas","Human","OpenAICell-NoOntologyK","openai","gpt-5",2,"evidence-no-ontology-k",0,1,0,0.1,0,0,NA,NA,NA
"MuraroPancreas","Pancreas","Human","OpenAICell-NoOntologyK","openai","gpt-5",2,"evidence-no-ontology-k",0,2,0.1,0.2,0,0,NA,NA,NA
"MuraroPancreas","Pancreas","Human","OpenAICell-NoOntologyK","openai","gpt-5",2,"evidence-no-ontology-k",0,3,0.2,0.3,0,0,NA,NA,NA
"MuraroPancreas","Pancreas","Human","OpenAICell-NoOntologyK","openai","gpt-5",2,"evidence-no-ontology-k",0,4,0.3,0.4,0,0,NA,NA,NA
"MuraroPancreas","Pancreas","Human","OpenAICell-NoOntologyK","openai","gpt-5",2,"evidence-no-ontology-k",0,5,0.4,0.5,0,0,NA,NA,NA
"MuraroPancreas","Pancreas","Human","OpenAICell-NoOntologyK","openai","gpt-5",2,"evidence-no-ontology-k",0,6,0.5,0.6,1,0.0909090909090909,0.575,0,0.575
"MuraroPancreas","Pancreas","Human","OpenAICell-NoOntologyK","openai","gpt-5",2,"evidence-no-ontology-k",0,7,0.6,0.7,1,0.0909090909090909,0.655,1,0.345
"MuraroPancreas","Pancreas","Human","OpenAICell-NoOntologyK","openai","gpt-5",2,"evidence-no-ontology-k",0,8,0.7,0.8,2,0.181818181818182,0.7655,1,0.2345
"MuraroPancreas","Pancreas","Human","OpenAICell-NoOntologyK","openai","gpt-5",2,"evidence-no-ontology-k",0,9,0.8,0.9,6,0.545454545454545,0.8325,0.833333333333333,0.000833333333333353
"MuraroPancreas","Pancreas","Human","OpenAICell-NoOntologyK","openai","gpt-5",2,"evidence-no-ontology-k",0,10,0.9,1,1,0.0909090909090909,0.913,1,0.087
"MuraroPancreas","Pancreas","Human","OpenAICell-FullRefined","openai","gpt-5",2,"full",11,1,0,0.1,0,0,NA,NA,NA
"MuraroPancreas","Pancreas","Human","OpenAICell-FullRefined","openai","gpt-5",2,"full",11,2,0.1,0.2,0,0,NA,NA,NA
"MuraroPancreas","Pancreas","Human","OpenAICell-FullRefined","openai","gpt-5",2,"full",11,3,0.2,0.3,0,0,NA,NA,NA
"MuraroPancreas","Pancreas","Human","OpenAICell-FullRefined","openai","gpt-5",2,"full",11,4,0.3,0.4,0,0,NA,NA,NA
"MuraroPancreas","Pancreas","Human","OpenAICell-FullRefined","openai","gpt-5",2,"full",11,5,0.4,0.5,0,0,NA,NA,NA
"MuraroPancreas","Pancreas","Human","OpenAICell-FullRefined","openai","gpt-5",2,"full",11,6,0.5,0.6,1,0.0909090909090909,0.513,0,0.513
"MuraroPancreas","Pancreas","Human","OpenAICell-FullRefined","openai","gpt-5",2,"full",11,7,0.6,0.7,1,0.0909090909090909,0.69,1,0.31
"MuraroPancreas","Pancreas","Human","OpenAICell-FullRefined","openai","gpt-5",2,"full",11,8,0.7,0.8,1,0.0909090909090909,0.788,1,0.212
"MuraroPancreas","Pancreas","Human","OpenAICell-FullRefined","openai","gpt-5",2,"full",11,9,0.8,0.9,7,0.636363636363636,0.836714285714286,0.714285714285714,0.122428571428571
"MuraroPancreas","Pancreas","Human","OpenAICell-FullRefined","openai","gpt-5",2,"full",11,10,0.9,1,1,0.0909090909090909,0.913,1,0.087
"TasicBrain","Brain","Mouse","OpenAI-Plain","openai","gpt-5",2,"none",0,1,0,0.1,0,0,NA,NA,NA
"TasicBrain","Brain","Mouse","OpenAI-Plain","openai","gpt-5",2,"none",0,2,0.1,0.2,0,0,NA,NA,NA
"TasicBrain","Brain","Mouse","OpenAI-Plain","openai","gpt-5",2,"none",0,3,0.2,0.3,0,0,NA,NA,NA
"TasicBrain","Brain","Mouse","OpenAI-Plain","openai","gpt-5",2,"none",0,4,0.3,0.4,0,0,NA,NA,NA
"TasicBrain","Brain","Mouse","OpenAI-Plain","openai","gpt-5",2,"none",0,5,0.4,0.5,0,0,NA,NA,NA
"TasicBrain","Brain","Mouse","OpenAI-Plain","openai","gpt-5",2,"none",0,6,0.5,0.6,0,0,NA,NA,NA
"TasicBrain","Brain","Mouse","OpenAI-Plain","openai","gpt-5",2,"none",0,7,0.6,0.7,1,0.0666666666666667,0.7,1,0.3
"TasicBrain","Brain","Mouse","OpenAI-Plain","openai","gpt-5",2,"none",0,8,0.7,0.8,1,0.0666666666666667,0.75,1,0.25
"TasicBrain","Brain","Mouse","OpenAI-Plain","openai","gpt-5",2,"none",0,9,0.8,0.9,3,0.2,0.883333333333333,1,0.116666666666667
"TasicBrain","Brain","Mouse","OpenAI-Plain","openai","gpt-5",2,"none",0,10,0.9,1,10,0.666666666666667,0.981,1,0.019
"TasicBrain","Brain","Mouse","OpenAICell-Evidence","openai","gpt-5",2,"none",0,1,0,0.1,0,0,NA,NA,NA
"TasicBrain","Brain","Mouse","OpenAICell-Evidence","openai","gpt-5",2,"none",0,2,0.1,0.2,0,0,NA,NA,NA
"TasicBrain","Brain","Mouse","OpenAICell-Evidence","openai","gpt-5",2,"none",0,3,0.2,0.3,0,0,NA,NA,NA
"TasicBrain","Brain","Mouse","OpenAICell-Evidence","openai","gpt-5",2,"none",0,4,0.3,0.4,0,0,NA,NA,NA
"TasicBrain","Brain","Mouse","OpenAICell-Evidence","openai","gpt-5",2,"none",0,5,0.4,0.5,0,0,NA,NA,NA
"TasicBrain","Brain","Mouse","OpenAICell-Evidence","openai","gpt-5",2,"none",0,6,0.5,0.6,0,0,NA,NA,NA
"TasicBrain","Brain","Mouse","OpenAICell-Evidence","openai","gpt-5",2,"none",0,7,0.6,0.7,1,0.0666666666666667,0.7,1,0.3
"TasicBrain","Brain","Mouse","OpenAICell-Evidence","openai","gpt-5",2,"none",0,8,0.7,0.8,1,0.0666666666666667,0.75,1,0.25
"TasicBrain","Brain","Mouse","OpenAICell-Evidence","openai","gpt-5",2,"none",0,9,0.8,0.9,3,0.2,0.883333333333333,1,0.116666666666667
"TasicBrain","Brain","Mouse","OpenAICell-Evidence","openai","gpt-5",2,"none",0,10,0.9,1,10,0.666666666666667,0.981,1,0.019
"TasicBrain","Brain","Mouse","OpenAICell-Calibrated","openai","gpt-5",2,"none",0,1,0,0.1,0,0,NA,NA,NA
"TasicBrain","Brain","Mouse","OpenAICell-Calibrated","openai","gpt-5",2,"none",0,2,0.1,0.2,0,0,NA,NA,NA
"TasicBrain","Brain","Mouse","OpenAICell-Calibrated","openai","gpt-5",2,"none",0,3,0.2,0.3,0,0,NA,NA,NA
"TasicBrain","Brain","Mouse","OpenAICell-Calibrated","openai","gpt-5",2,"none",0,4,0.3,0.4,0,0,NA,NA,NA
"TasicBrain","Brain","Mouse","OpenAICell-Calibrated","openai","gpt-5",2,"none",0,5,0.4,0.5,0,0,NA,NA,NA
"TasicBrain","Brain","Mouse","OpenAICell-Calibrated","openai","gpt-5",2,"none",0,6,0.5,0.6,0,0,NA,NA,NA
"TasicBrain","Brain","Mouse","OpenAICell-Calibrated","openai","gpt-5",2,"none",0,7,0.6,0.7,0,0,NA,NA,NA
"TasicBrain","Brain","Mouse","OpenAICell-Calibrated","openai","gpt-5",2,"none",0,8,0.7,0.8,6,0.4,0.7895,1,0.2105
"TasicBrain","Brain","Mouse","OpenAICell-Calibrated","openai","gpt-5",2,"none",0,9,0.8,0.9,7,0.466666666666667,0.845142857142857,1,0.154857142857143
"TasicBrain","Brain","Mouse","OpenAICell-Calibrated","openai","gpt-5",2,"none",0,10,0.9,1,2,0.133333333333333,0.955,1,0.045
"TasicBrain","Brain","Mouse","OpenAICell-SelfRefined","openai","gpt-5",2,"evidence-k",0,1,0,0.1,0,0,NA,NA,NA
"TasicBrain","Brain","Mouse","OpenAICell-SelfRefined","openai","gpt-5",2,"evidence-k",0,2,0.1,0.2,0,0,NA,NA,NA
"TasicBrain","Brain","Mouse","OpenAICell-SelfRefined","openai","gpt-5",2,"evidence-k",0,3,0.2,0.3,0,0,NA,NA,NA
"TasicBrain","Brain","Mouse","OpenAICell-SelfRefined","openai","gpt-5",2,"evidence-k",0,4,0.3,0.4,0,0,NA,NA,NA
"TasicBrain","Brain","Mouse","OpenAICell-SelfRefined","openai","gpt-5",2,"evidence-k",0,5,0.4,0.5,0,0,NA,NA,NA
"TasicBrain","Brain","Mouse","OpenAICell-SelfRefined","openai","gpt-5",2,"evidence-k",0,6,0.5,0.6,0,0,NA,NA,NA
"TasicBrain","Brain","Mouse","OpenAICell-SelfRefined","openai","gpt-5",2,"evidence-k",0,7,0.6,0.7,0,0,NA,NA,NA
"TasicBrain","Brain","Mouse","OpenAICell-SelfRefined","openai","gpt-5",2,"evidence-k",0,8,0.7,0.8,6,0.4,0.7895,1,0.2105
"TasicBrain","Brain","Mouse","OpenAICell-SelfRefined","openai","gpt-5",2,"evidence-k",0,9,0.8,0.9,7,0.466666666666667,0.845142857142857,1,0.154857142857143
"TasicBrain","Brain","Mouse","OpenAICell-SelfRefined","openai","gpt-5",2,"evidence-k",0,10,0.9,1,2,0.133333333333333,0.955,1,0.045
"TasicBrain","Brain","Mouse","OpenAICell-RandomK","openai","gpt-5",2,"random-k",0,1,0,0.1,0,0,NA,NA,NA
"TasicBrain","Brain","Mouse","OpenAICell-RandomK","openai","gpt-5",2,"random-k",0,2,0.1,0.2,0,0,NA,NA,NA
"TasicBrain","Brain","Mouse","OpenAICell-RandomK","openai","gpt-5",2,"random-k",0,3,0.2,0.3,0,0,NA,NA,NA
"TasicBrain","Brain","Mouse","OpenAICell-RandomK","openai","gpt-5",2,"random-k",0,4,0.3,0.4,0,0,NA,NA,NA
"TasicBrain","Brain","Mouse","OpenAICell-RandomK","openai","gpt-5",2,"random-k",0,5,0.4,0.5,0,0,NA,NA,NA
"TasicBrain","Brain","Mouse","OpenAICell-RandomK","openai","gpt-5",2,"random-k",0,6,0.5,0.6,0,0,NA,NA,NA
"TasicBrain","Brain","Mouse","OpenAICell-RandomK","openai","gpt-5",2,"random-k",0,7,0.6,0.7,0,0,NA,NA,NA
"TasicBrain","Brain","Mouse","OpenAICell-RandomK","openai","gpt-5",2,"random-k",0,8,0.7,0.8,6,0.4,0.7895,1,0.2105
"TasicBrain","Brain","Mouse","OpenAICell-RandomK","openai","gpt-5",2,"random-k",0,9,0.8,0.9,7,0.466666666666667,0.845142857142857,1,0.154857142857143
"TasicBrain","Brain","Mouse","OpenAICell-RandomK","openai","gpt-5",2,"random-k",0,10,0.9,1,2,0.133333333333333,0.955,1,0.045
"TasicBrain","Brain","Mouse","OpenAICell-ConfidenceK","openai","gpt-5",2,"confidence-k",0,1,0,0.1,0,0,NA,NA,NA
"TasicBrain","Brain","Mouse","OpenAICell-ConfidenceK","openai","gpt-5",2,"confidence-k",0,2,0.1,0.2,0,0,NA,NA,NA
"TasicBrain","Brain","Mouse","OpenAICell-ConfidenceK","openai","gpt-5",2,"confidence-k",0,3,0.2,0.3,0,0,NA,NA,NA
"TasicBrain","Brain","Mouse","OpenAICell-ConfidenceK","openai","gpt-5",2,"confidence-k",0,4,0.3,0.4,0,0,NA,NA,NA
"TasicBrain","Brain","Mouse","OpenAICell-ConfidenceK","openai","gpt-5",2,"confidence-k",0,5,0.4,0.5,0,0,NA,NA,NA
"TasicBrain","Brain","Mouse","OpenAICell-ConfidenceK","openai","gpt-5",2,"confidence-k",0,6,0.5,0.6,0,0,NA,NA,NA
"TasicBrain","Brain","Mouse","OpenAICell-ConfidenceK","openai","gpt-5",2,"confidence-k",0,7,0.6,0.7,0,0,NA,NA,NA
"TasicBrain","Brain","Mouse","OpenAICell-ConfidenceK","openai","gpt-5",2,"confidence-k",0,8,0.7,0.8,6,0.4,0.7895,1,0.2105
"TasicBrain","Brain","Mouse","OpenAICell-ConfidenceK","openai","gpt-5",2,"confidence-k",0,9,0.8,0.9,7,0.466666666666667,0.845142857142857,1,0.154857142857143
"TasicBrain","Brain","Mouse","OpenAICell-ConfidenceK","openai","gpt-5",2,"confidence-k",0,10,0.9,1,2,0.133333333333333,0.955,1,0.045
"TasicBrain","Brain","Mouse","OpenAICell-NoOntologyK","openai","gpt-5",2,"evidence-no-ontology-k",0,1,0,0.1,0,0,NA,NA,NA
"TasicBrain","Brain","Mouse","OpenAICell-NoOntologyK","openai","gpt-5",2,"evidence-no-ontology-k",0,2,0.1,0.2,0,0,NA,NA,NA
"TasicBrain","Brain","Mouse","OpenAICell-NoOntologyK","openai","gpt-5",2,"evidence-no-ontology-k",0,3,0.2,0.3,0,0,NA,NA,NA
"TasicBrain","Brain","Mouse","OpenAICell-NoOntologyK","openai","gpt-5",2,"evidence-no-ontology-k",0,4,0.3,0.4,0,0,NA,NA,NA
"TasicBrain","Brain","Mouse","OpenAICell-NoOntologyK","openai","gpt-5",2,"evidence-no-ontology-k",0,5,0.4,0.5,0,0,NA,NA,NA
"TasicBrain","Brain","Mouse","OpenAICell-NoOntologyK","openai","gpt-5",2,"evidence-no-ontology-k",0,6,0.5,0.6,0,0,NA,NA,NA
"TasicBrain","Brain","Mouse","OpenAICell-NoOntologyK","openai","gpt-5",2,"evidence-no-ontology-k",0,7,0.6,0.7,0,0,NA,NA,NA
"TasicBrain","Brain","Mouse","OpenAICell-NoOntologyK","openai","gpt-5",2,"evidence-no-ontology-k",0,8,0.7,0.8,6,0.4,0.7895,1,0.2105
"TasicBrain","Brain","Mouse","OpenAICell-NoOntologyK","openai","gpt-5",2,"evidence-no-ontology-k",0,9,0.8,0.9,7,0.466666666666667,0.845142857142857,1,0.154857142857143
"TasicBrain","Brain","Mouse","OpenAICell-NoOntologyK","openai","gpt-5",2,"evidence-no-ontology-k",0,10,0.9,1,2,0.133333333333333,0.955,1,0.045
"TasicBrain","Brain","Mouse","OpenAICell-FullRefined","openai","gpt-5",2,"full",15,1,0,0.1,0,0,NA,NA,NA
"TasicBrain","Brain","Mouse","OpenAICell-FullRefined","openai","gpt-5",2,"full",15,2,0.1,0.2,0,0,NA,NA,NA
"TasicBrain","Brain","Mouse","OpenAICell-FullRefined","openai","gpt-5",2,"full",15,3,0.2,0.3,0,0,NA,NA,NA
"TasicBrain","Brain","Mouse","OpenAICell-FullRefined","openai","gpt-5",2,"full",15,4,0.3,0.4,0,0,NA,NA,NA
"TasicBrain","Brain","Mouse","OpenAICell-FullRefined","openai","gpt-5",2,"full",15,5,0.4,0.5,0,0,NA,NA,NA
"TasicBrain","Brain","Mouse","OpenAICell-FullRefined","openai","gpt-5",2,"full",15,6,0.5,0.6,0,0,NA,NA,NA
"TasicBrain","Brain","Mouse","OpenAICell-FullRefined","openai","gpt-5",2,"full",15,7,0.6,0.7,0,0,NA,NA,NA
"TasicBrain","Brain","Mouse","OpenAICell-FullRefined","openai","gpt-5",2,"full",15,8,0.7,0.8,6,0.4,0.7895,1,0.2105
"TasicBrain","Brain","Mouse","OpenAICell-FullRefined","openai","gpt-5",2,"full",15,9,0.8,0.9,7,0.466666666666667,0.846142857142857,1,0.153857142857143
"TasicBrain","Brain","Mouse","OpenAICell-FullRefined","openai","gpt-5",2,"full",15,10,0.9,1,2,0.133333333333333,0.955,1,0.045
"ZeiselBrain","Brain","Mouse","OpenAI-Plain","openai","gpt-5",2,"none",0,1,0,0.1,0,0,NA,NA,NA
"ZeiselBrain","Brain","Mouse","OpenAI-Plain","openai","gpt-5",2,"none",0,2,0.1,0.2,0,0,NA,NA,NA
"ZeiselBrain","Brain","Mouse","OpenAI-Plain","openai","gpt-5",2,"none",0,3,0.2,0.3,0,0,NA,NA,NA
"ZeiselBrain","Brain","Mouse","OpenAI-Plain","openai","gpt-5",2,"none",0,4,0.3,0.4,0,0,NA,NA,NA
"ZeiselBrain","Brain","Mouse","OpenAI-Plain","openai","gpt-5",2,"none",0,5,0.4,0.5,0,0,NA,NA,NA
"ZeiselBrain","Brain","Mouse","OpenAI-Plain","openai","gpt-5",2,"none",0,6,0.5,0.6,2,0.125,0.575,0.5,0.075
"ZeiselBrain","Brain","Mouse","OpenAI-Plain","openai","gpt-5",2,"none",0,7,0.6,0.7,0,0,NA,NA,NA
"ZeiselBrain","Brain","Mouse","OpenAI-Plain","openai","gpt-5",2,"none",0,8,0.7,0.8,2,0.125,0.735,1,0.265
"ZeiselBrain","Brain","Mouse","OpenAI-Plain","openai","gpt-5",2,"none",0,9,0.8,0.9,5,0.3125,0.89,0.8,0.09
"ZeiselBrain","Brain","Mouse","OpenAI-Plain","openai","gpt-5",2,"none",0,10,0.9,1,7,0.4375,0.98,0.857142857142857,0.122857142857143
"ZeiselBrain","Brain","Mouse","OpenAICell-Evidence","openai","gpt-5",2,"none",0,1,0,0.1,0,0,NA,NA,NA
"ZeiselBrain","Brain","Mouse","OpenAICell-Evidence","openai","gpt-5",2,"none",0,2,0.1,0.2,0,0,NA,NA,NA
"ZeiselBrain","Brain","Mouse","OpenAICell-Evidence","openai","gpt-5",2,"none",0,3,0.2,0.3,0,0,NA,NA,NA
"ZeiselBrain","Brain","Mouse","OpenAICell-Evidence","openai","gpt-5",2,"none",0,4,0.3,0.4,0,0,NA,NA,NA
"ZeiselBrain","Brain","Mouse","OpenAICell-Evidence","openai","gpt-5",2,"none",0,5,0.4,0.5,0,0,NA,NA,NA
"ZeiselBrain","Brain","Mouse","OpenAICell-Evidence","openai","gpt-5",2,"none",0,6,0.5,0.6,2,0.125,0.575,0.5,0.075
"ZeiselBrain","Brain","Mouse","OpenAICell-Evidence","openai","gpt-5",2,"none",0,7,0.6,0.7,0,0,NA,NA,NA
"ZeiselBrain","Brain","Mouse","OpenAICell-Evidence","openai","gpt-5",2,"none",0,8,0.7,0.8,2,0.125,0.735,1,0.265
"ZeiselBrain","Brain","Mouse","OpenAICell-Evidence","openai","gpt-5",2,"none",0,9,0.8,0.9,5,0.3125,0.89,0.8,0.09
"ZeiselBrain","Brain","Mouse","OpenAICell-Evidence","openai","gpt-5",2,"none",0,10,0.9,1,7,0.4375,0.98,0.857142857142857,0.122857142857143
"ZeiselBrain","Brain","Mouse","OpenAICell-Calibrated","openai","gpt-5",2,"none",0,1,0,0.1,0,0,NA,NA,NA
"ZeiselBrain","Brain","Mouse","OpenAICell-Calibrated","openai","gpt-5",2,"none",0,2,0.1,0.2,0,0,NA,NA,NA
"ZeiselBrain","Brain","Mouse","OpenAICell-Calibrated","openai","gpt-5",2,"none",0,3,0.2,0.3,0,0,NA,NA,NA
"ZeiselBrain","Brain","Mouse","OpenAICell-Calibrated","openai","gpt-5",2,"none",0,4,0.3,0.4,0,0,NA,NA,NA
"ZeiselBrain","Brain","Mouse","OpenAICell-Calibrated","openai","gpt-5",2,"none",0,5,0.4,0.5,0,0,NA,NA,NA
"ZeiselBrain","Brain","Mouse","OpenAICell-Calibrated","openai","gpt-5",2,"none",0,6,0.5,0.6,0,0,NA,NA,NA
"ZeiselBrain","Brain","Mouse","OpenAICell-Calibrated","openai","gpt-5",2,"none",0,7,0.6,0.7,0,0,NA,NA,NA
"ZeiselBrain","Brain","Mouse","OpenAICell-Calibrated","openai","gpt-5",2,"none",0,8,0.7,0.8,7,0.4375,0.743428571428571,0.714285714285714,0.0291428571428571
"ZeiselBrain","Brain","Mouse","OpenAICell-Calibrated","openai","gpt-5",2,"none",0,9,0.8,0.9,5,0.3125,0.838,0.8,0.0379999999999999
"ZeiselBrain","Brain","Mouse","OpenAICell-Calibrated","openai","gpt-5",2,"none",0,10,0.9,1,4,0.25,0.9435,1,0.0565
"ZeiselBrain","Brain","Mouse","OpenAICell-SelfRefined","openai","gpt-5",2,"evidence-k",1,1,0,0.1,0,0,NA,NA,NA
"ZeiselBrain","Brain","Mouse","OpenAICell-SelfRefined","openai","gpt-5",2,"evidence-k",1,2,0.1,0.2,0,0,NA,NA,NA
"ZeiselBrain","Brain","Mouse","OpenAICell-SelfRefined","openai","gpt-5",2,"evidence-k",1,3,0.2,0.3,0,0,NA,NA,NA
"ZeiselBrain","Brain","Mouse","OpenAICell-SelfRefined","openai","gpt-5",2,"evidence-k",1,4,0.3,0.4,0,0,NA,NA,NA
"ZeiselBrain","Brain","Mouse","OpenAICell-SelfRefined","openai","gpt-5",2,"evidence-k",1,5,0.4,0.5,0,0,NA,NA,NA
"ZeiselBrain","Brain","Mouse","OpenAICell-SelfRefined","openai","gpt-5",2,"evidence-k",1,6,0.5,0.6,0,0,NA,NA,NA
"ZeiselBrain","Brain","Mouse","OpenAICell-SelfRefined","openai","gpt-5",2,"evidence-k",1,7,0.6,0.7,0,0,NA,NA,NA
"ZeiselBrain","Brain","Mouse","OpenAICell-SelfRefined","openai","gpt-5",2,"evidence-k",1,8,0.7,0.8,6,0.375,0.7475,0.833333333333333,0.0858333333333333
"ZeiselBrain","Brain","Mouse","OpenAICell-SelfRefined","openai","gpt-5",2,"evidence-k",1,9,0.8,0.9,6,0.375,0.840833333333333,0.833333333333333,0.00749999999999995
"ZeiselBrain","Brain","Mouse","OpenAICell-SelfRefined","openai","gpt-5",2,"evidence-k",1,10,0.9,1,4,0.25,0.9435,1,0.0565
"ZeiselBrain","Brain","Mouse","OpenAICell-RandomK","openai","gpt-5",2,"random-k",1,1,0,0.1,0,0,NA,NA,NA
"ZeiselBrain","Brain","Mouse","OpenAICell-RandomK","openai","gpt-5",2,"random-k",1,2,0.1,0.2,0,0,NA,NA,NA
"ZeiselBrain","Brain","Mouse","OpenAICell-RandomK","openai","gpt-5",2,"random-k",1,3,0.2,0.3,0,0,NA,NA,NA
"ZeiselBrain","Brain","Mouse","OpenAICell-RandomK","openai","gpt-5",2,"random-k",1,4,0.3,0.4,0,0,NA,NA,NA
"ZeiselBrain","Brain","Mouse","OpenAICell-RandomK","openai","gpt-5",2,"random-k",1,5,0.4,0.5,0,0,NA,NA,NA
"ZeiselBrain","Brain","Mouse","OpenAICell-RandomK","openai","gpt-5",2,"random-k",1,6,0.5,0.6,0,0,NA,NA,NA
"ZeiselBrain","Brain","Mouse","OpenAICell-RandomK","openai","gpt-5",2,"random-k",1,7,0.6,0.7,0,0,NA,NA,NA
"ZeiselBrain","Brain","Mouse","OpenAICell-RandomK","openai","gpt-5",2,"random-k",1,8,0.7,0.8,7,0.4375,0.749857142857143,0.714285714285714,0.0355714285714286
"ZeiselBrain","Brain","Mouse","OpenAICell-RandomK","openai","gpt-5",2,"random-k",1,9,0.8,0.9,5,0.3125,0.838,0.8,0.0379999999999999
"ZeiselBrain","Brain","Mouse","OpenAICell-RandomK","openai","gpt-5",2,"random-k",1,10,0.9,1,4,0.25,0.9435,1,0.0565
"ZeiselBrain","Brain","Mouse","OpenAICell-ConfidenceK","openai","gpt-5",2,"confidence-k",1,1,0,0.1,0,0,NA,NA,NA
"ZeiselBrain","Brain","Mouse","OpenAICell-ConfidenceK","openai","gpt-5",2,"confidence-k",1,2,0.1,0.2,0,0,NA,NA,NA
"ZeiselBrain","Brain","Mouse","OpenAICell-ConfidenceK","openai","gpt-5",2,"confidence-k",1,3,0.2,0.3,0,0,NA,NA,NA
"ZeiselBrain","Brain","Mouse","OpenAICell-ConfidenceK","openai","gpt-5",2,"confidence-k",1,4,0.3,0.4,0,0,NA,NA,NA
"ZeiselBrain","Brain","Mouse","OpenAICell-ConfidenceK","openai","gpt-5",2,"confidence-k",1,5,0.4,0.5,0,0,NA,NA,NA
"ZeiselBrain","Brain","Mouse","OpenAICell-ConfidenceK","openai","gpt-5",2,"confidence-k",1,6,0.5,0.6,0,0,NA,NA,NA
"ZeiselBrain","Brain","Mouse","OpenAICell-ConfidenceK","openai","gpt-5",2,"confidence-k",1,7,0.6,0.7,0,0,NA,NA,NA
"ZeiselBrain","Brain","Mouse","OpenAICell-ConfidenceK","openai","gpt-5",2,"confidence-k",1,8,0.7,0.8,7,0.4375,0.751857142857143,0.714285714285714,0.0375714285714286
"ZeiselBrain","Brain","Mouse","OpenAICell-ConfidenceK","openai","gpt-5",2,"confidence-k",1,9,0.8,0.9,5,0.3125,0.838,0.8,0.0379999999999999
"ZeiselBrain","Brain","Mouse","OpenAICell-ConfidenceK","openai","gpt-5",2,"confidence-k",1,10,0.9,1,4,0.25,0.9435,1,0.0565
"ZeiselBrain","Brain","Mouse","OpenAICell-NoOntologyK","openai","gpt-5",2,"evidence-no-ontology-k",1,1,0,0.1,0,0,NA,NA,NA
"ZeiselBrain","Brain","Mouse","OpenAICell-NoOntologyK","openai","gpt-5",2,"evidence-no-ontology-k",1,2,0.1,0.2,0,0,NA,NA,NA
"ZeiselBrain","Brain","Mouse","OpenAICell-NoOntologyK","openai","gpt-5",2,"evidence-no-ontology-k",1,3,0.2,0.3,0,0,NA,NA,NA
"ZeiselBrain","Brain","Mouse","OpenAICell-NoOntologyK","openai","gpt-5",2,"evidence-no-ontology-k",1,4,0.3,0.4,0,0,NA,NA,NA
"ZeiselBrain","Brain","Mouse","OpenAICell-NoOntologyK","openai","gpt-5",2,"evidence-no-ontology-k",1,5,0.4,0.5,0,0,NA,NA,NA
"ZeiselBrain","Brain","Mouse","OpenAICell-NoOntologyK","openai","gpt-5",2,"evidence-no-ontology-k",1,6,0.5,0.6,0,0,NA,NA,NA
"ZeiselBrain","Brain","Mouse","OpenAICell-NoOntologyK","openai","gpt-5",2,"evidence-no-ontology-k",1,7,0.6,0.7,0,0,NA,NA,NA
"ZeiselBrain","Brain","Mouse","OpenAICell-NoOntologyK","openai","gpt-5",2,"evidence-no-ontology-k",1,8,0.7,0.8,6,0.375,0.7475,0.833333333333333,0.0858333333333333
"ZeiselBrain","Brain","Mouse","OpenAICell-NoOntologyK","openai","gpt-5",2,"evidence-no-ontology-k",1,9,0.8,0.9,6,0.375,0.843166666666667,0.833333333333333,0.00983333333333325
"ZeiselBrain","Brain","Mouse","OpenAICell-NoOntologyK","openai","gpt-5",2,"evidence-no-ontology-k",1,10,0.9,1,4,0.25,0.9435,1,0.0565
"ZeiselBrain","Brain","Mouse","OpenAICell-FullRefined","openai","gpt-5",2,"full",16,1,0,0.1,0,0,NA,NA,NA
"ZeiselBrain","Brain","Mouse","OpenAICell-FullRefined","openai","gpt-5",2,"full",16,2,0.1,0.2,0,0,NA,NA,NA
"ZeiselBrain","Brain","Mouse","OpenAICell-FullRefined","openai","gpt-5",2,"full",16,3,0.2,0.3,0,0,NA,NA,NA
"ZeiselBrain","Brain","Mouse","OpenAICell-FullRefined","openai","gpt-5",2,"full",16,4,0.3,0.4,0,0,NA,NA,NA
"ZeiselBrain","Brain","Mouse","OpenAICell-FullRefined","openai","gpt-5",2,"full",16,5,0.4,0.5,0,0,NA,NA,NA
"ZeiselBrain","Brain","Mouse","OpenAICell-FullRefined","openai","gpt-5",2,"full",16,6,0.5,0.6,0,0,NA,NA,NA
"ZeiselBrain","Brain","Mouse","OpenAICell-FullRefined","openai","gpt-5",2,"full",16,7,0.6,0.7,2,0.125,0.661,0.5,0.161
"ZeiselBrain","Brain","Mouse","OpenAICell-FullRefined","openai","gpt-5",2,"full",16,8,0.7,0.8,4,0.25,0.76325,0.5,0.26325
"ZeiselBrain","Brain","Mouse","OpenAICell-FullRefined","openai","gpt-5",2,"full",16,9,0.8,0.9,6,0.375,0.8545,1,0.1455
"ZeiselBrain","Brain","Mouse","OpenAICell-FullRefined","openai","gpt-5",2,"full",16,10,0.9,1,4,0.25,0.9435,1,0.0565
"ZilionisLung","Lung","Human","OpenAI-Plain","openai","gpt-5",2,"none",0,1,0,0.1,0,0,NA,NA,NA
"ZilionisLung","Lung","Human","OpenAI-Plain","openai","gpt-5",2,"none",0,2,0.1,0.2,1,0.0625,0.2,0,0.2
"ZilionisLung","Lung","Human","OpenAI-Plain","openai","gpt-5",2,"none",0,3,0.2,0.3,0,0,NA,NA,NA
"ZilionisLung","Lung","Human","OpenAI-Plain","openai","gpt-5",2,"none",0,4,0.3,0.4,1,0.0625,0.4,0,0.4
"ZilionisLung","Lung","Human","OpenAI-Plain","openai","gpt-5",2,"none",0,5,0.4,0.5,2,0.125,0.5,1,0.5
"ZilionisLung","Lung","Human","OpenAI-Plain","openai","gpt-5",2,"none",0,6,0.5,0.6,3,0.1875,0.6,0.666666666666667,0.0666666666666667
"ZilionisLung","Lung","Human","OpenAI-Plain","openai","gpt-5",2,"none",0,7,0.6,0.7,0,0,NA,NA,NA
"ZilionisLung","Lung","Human","OpenAI-Plain","openai","gpt-5",2,"none",0,8,0.7,0.8,1,0.0625,0.8,1,0.2
"ZilionisLung","Lung","Human","OpenAI-Plain","openai","gpt-5",2,"none",0,9,0.8,0.9,1,0.0625,0.9,1,0.1
"ZilionisLung","Lung","Human","OpenAI-Plain","openai","gpt-5",2,"none",0,10,0.9,1,7,0.4375,0.977142857142857,0.714285714285714,0.262857142857143
"ZilionisLung","Lung","Human","OpenAICell-Evidence","openai","gpt-5",2,"none",0,1,0,0.1,0,0,NA,NA,NA
"ZilionisLung","Lung","Human","OpenAICell-Evidence","openai","gpt-5",2,"none",0,2,0.1,0.2,1,0.0625,0.2,0,0.2
"ZilionisLung","Lung","Human","OpenAICell-Evidence","openai","gpt-5",2,"none",0,3,0.2,0.3,0,0,NA,NA,NA
"ZilionisLung","Lung","Human","OpenAICell-Evidence","openai","gpt-5",2,"none",0,4,0.3,0.4,1,0.0625,0.4,0,0.4
"ZilionisLung","Lung","Human","OpenAICell-Evidence","openai","gpt-5",2,"none",0,5,0.4,0.5,2,0.125,0.5,1,0.5
"ZilionisLung","Lung","Human","OpenAICell-Evidence","openai","gpt-5",2,"none",0,6,0.5,0.6,3,0.1875,0.6,0.666666666666667,0.0666666666666667
"ZilionisLung","Lung","Human","OpenAICell-Evidence","openai","gpt-5",2,"none",0,7,0.6,0.7,0,0,NA,NA,NA
"ZilionisLung","Lung","Human","OpenAICell-Evidence","openai","gpt-5",2,"none",0,8,0.7,0.8,1,0.0625,0.8,1,0.2
"ZilionisLung","Lung","Human","OpenAICell-Evidence","openai","gpt-5",2,"none",0,9,0.8,0.9,1,0.0625,0.9,1,0.1
"ZilionisLung","Lung","Human","OpenAICell-Evidence","openai","gpt-5",2,"none",0,10,0.9,1,7,0.4375,0.977142857142857,0.714285714285714,0.262857142857143
"ZilionisLung","Lung","Human","OpenAICell-Calibrated","openai","gpt-5",2,"none",0,1,0,0.1,0,0,NA,NA,NA
"ZilionisLung","Lung","Human","OpenAICell-Calibrated","openai","gpt-5",2,"none",0,2,0.1,0.2,0,0,NA,NA,NA
"ZilionisLung","Lung","Human","OpenAICell-Calibrated","openai","gpt-5",2,"none",0,3,0.2,0.3,0,0,NA,NA,NA
"ZilionisLung","Lung","Human","OpenAICell-Calibrated","openai","gpt-5",2,"none",0,4,0.3,0.4,0,0,NA,NA,NA
"ZilionisLung","Lung","Human","OpenAICell-Calibrated","openai","gpt-5",2,"none",0,5,0.4,0.5,1,0.0625,0.47,0,0.47
"ZilionisLung","Lung","Human","OpenAICell-Calibrated","openai","gpt-5",2,"none",0,6,0.5,0.6,1,0.0625,0.54,0,0.54
"ZilionisLung","Lung","Human","OpenAICell-Calibrated","openai","gpt-5",2,"none",0,7,0.6,0.7,2,0.125,0.7,1,0.3
"ZilionisLung","Lung","Human","OpenAICell-Calibrated","openai","gpt-5",2,"none",0,8,0.7,0.8,6,0.375,0.733333333333333,0.833333333333333,0.1
"ZilionisLung","Lung","Human","OpenAICell-Calibrated","openai","gpt-5",2,"none",0,9,0.8,0.9,4,0.25,0.861,0.5,0.361
"ZilionisLung","Lung","Human","OpenAICell-Calibrated","openai","gpt-5",2,"none",0,10,0.9,1,2,0.125,0.934,1,0.0660000000000001
"ZilionisLung","Lung","Human","OpenAICell-SelfRefined","openai","gpt-5",2,"evidence-k",0,1,0,0.1,0,0,NA,NA,NA
"ZilionisLung","Lung","Human","OpenAICell-SelfRefined","openai","gpt-5",2,"evidence-k",0,2,0.1,0.2,0,0,NA,NA,NA
"ZilionisLung","Lung","Human","OpenAICell-SelfRefined","openai","gpt-5",2,"evidence-k",0,3,0.2,0.3,0,0,NA,NA,NA
"ZilionisLung","Lung","Human","OpenAICell-SelfRefined","openai","gpt-5",2,"evidence-k",0,4,0.3,0.4,0,0,NA,NA,NA
"ZilionisLung","Lung","Human","OpenAICell-SelfRefined","openai","gpt-5",2,"evidence-k",0,5,0.4,0.5,1,0.0625,0.47,0,0.47
"ZilionisLung","Lung","Human","OpenAICell-SelfRefined","openai","gpt-5",2,"evidence-k",0,6,0.5,0.6,1,0.0625,0.54,0,0.54
"ZilionisLung","Lung","Human","OpenAICell-SelfRefined","openai","gpt-5",2,"evidence-k",0,7,0.6,0.7,2,0.125,0.7,1,0.3
"ZilionisLung","Lung","Human","OpenAICell-SelfRefined","openai","gpt-5",2,"evidence-k",0,8,0.7,0.8,6,0.375,0.733333333333333,0.833333333333333,0.1
"ZilionisLung","Lung","Human","OpenAICell-SelfRefined","openai","gpt-5",2,"evidence-k",0,9,0.8,0.9,4,0.25,0.861,0.5,0.361
"ZilionisLung","Lung","Human","OpenAICell-SelfRefined","openai","gpt-5",2,"evidence-k",0,10,0.9,1,2,0.125,0.934,1,0.0660000000000001
"ZilionisLung","Lung","Human","OpenAICell-RandomK","openai","gpt-5",2,"random-k",0,1,0,0.1,0,0,NA,NA,NA
"ZilionisLung","Lung","Human","OpenAICell-RandomK","openai","gpt-5",2,"random-k",0,2,0.1,0.2,0,0,NA,NA,NA
"ZilionisLung","Lung","Human","OpenAICell-RandomK","openai","gpt-5",2,"random-k",0,3,0.2,0.3,0,0,NA,NA,NA
"ZilionisLung","Lung","Human","OpenAICell-RandomK","openai","gpt-5",2,"random-k",0,4,0.3,0.4,0,0,NA,NA,NA
"ZilionisLung","Lung","Human","OpenAICell-RandomK","openai","gpt-5",2,"random-k",0,5,0.4,0.5,1,0.0625,0.47,0,0.47
"ZilionisLung","Lung","Human","OpenAICell-RandomK","openai","gpt-5",2,"random-k",0,6,0.5,0.6,1,0.0625,0.54,0,0.54
"ZilionisLung","Lung","Human","OpenAICell-RandomK","openai","gpt-5",2,"random-k",0,7,0.6,0.7,2,0.125,0.7,1,0.3
"ZilionisLung","Lung","Human","OpenAICell-RandomK","openai","gpt-5",2,"random-k",0,8,0.7,0.8,6,0.375,0.733333333333333,0.833333333333333,0.1
"ZilionisLung","Lung","Human","OpenAICell-RandomK","openai","gpt-5",2,"random-k",0,9,0.8,0.9,4,0.25,0.861,0.5,0.361
"ZilionisLung","Lung","Human","OpenAICell-RandomK","openai","gpt-5",2,"random-k",0,10,0.9,1,2,0.125,0.934,1,0.0660000000000001
"ZilionisLung","Lung","Human","OpenAICell-ConfidenceK","openai","gpt-5",2,"confidence-k",0,1,0,0.1,0,0,NA,NA,NA
"ZilionisLung","Lung","Human","OpenAICell-ConfidenceK","openai","gpt-5",2,"confidence-k",0,2,0.1,0.2,0,0,NA,NA,NA
"ZilionisLung","Lung","Human","OpenAICell-ConfidenceK","openai","gpt-5",2,"confidence-k",0,3,0.2,0.3,0,0,NA,NA,NA
"ZilionisLung","Lung","Human","OpenAICell-ConfidenceK","openai","gpt-5",2,"confidence-k",0,4,0.3,0.4,0,0,NA,NA,NA
"ZilionisLung","Lung","Human","OpenAICell-ConfidenceK","openai","gpt-5",2,"confidence-k",0,5,0.4,0.5,1,0.0625,0.47,0,0.47
"ZilionisLung","Lung","Human","OpenAICell-ConfidenceK","openai","gpt-5",2,"confidence-k",0,6,0.5,0.6,1,0.0625,0.54,0,0.54
"ZilionisLung","Lung","Human","OpenAICell-ConfidenceK","openai","gpt-5",2,"confidence-k",0,7,0.6,0.7,2,0.125,0.7,1,0.3
"ZilionisLung","Lung","Human","OpenAICell-ConfidenceK","openai","gpt-5",2,"confidence-k",0,8,0.7,0.8,6,0.375,0.733333333333333,0.833333333333333,0.1
"ZilionisLung","Lung","Human","OpenAICell-ConfidenceK","openai","gpt-5",2,"confidence-k",0,9,0.8,0.9,4,0.25,0.861,0.5,0.361
"ZilionisLung","Lung","Human","OpenAICell-ConfidenceK","openai","gpt-5",2,"confidence-k",0,10,0.9,1,2,0.125,0.934,1,0.0660000000000001
"ZilionisLung","Lung","Human","OpenAICell-NoOntologyK","openai","gpt-5",2,"evidence-no-ontology-k",0,1,0,0.1,0,0,NA,NA,NA
"ZilionisLung","Lung","Human","OpenAICell-NoOntologyK","openai","gpt-5",2,"evidence-no-ontology-k",0,2,0.1,0.2,0,0,NA,NA,NA
"ZilionisLung","Lung","Human","OpenAICell-NoOntologyK","openai","gpt-5",2,"evidence-no-ontology-k",0,3,0.2,0.3,0,0,NA,NA,NA
"ZilionisLung","Lung","Human","OpenAICell-NoOntologyK","openai","gpt-5",2,"evidence-no-ontology-k",0,4,0.3,0.4,0,0,NA,NA,NA
"ZilionisLung","Lung","Human","OpenAICell-NoOntologyK","openai","gpt-5",2,"evidence-no-ontology-k",0,5,0.4,0.5,1,0.0625,0.47,0,0.47
"ZilionisLung","Lung","Human","OpenAICell-NoOntologyK","openai","gpt-5",2,"evidence-no-ontology-k",0,6,0.5,0.6,1,0.0625,0.54,0,0.54
"ZilionisLung","Lung","Human","OpenAICell-NoOntologyK","openai","gpt-5",2,"evidence-no-ontology-k",0,7,0.6,0.7,2,0.125,0.7,1,0.3
"ZilionisLung","Lung","Human","OpenAICell-NoOntologyK","openai","gpt-5",2,"evidence-no-ontology-k",0,8,0.7,0.8,6,0.375,0.733333333333333,0.833333333333333,0.1
"ZilionisLung","Lung","Human","OpenAICell-NoOntologyK","openai","gpt-5",2,"evidence-no-ontology-k",0,9,0.8,0.9,4,0.25,0.861,0.5,0.361
"ZilionisLung","Lung","Human","OpenAICell-NoOntologyK","openai","gpt-5",2,"evidence-no-ontology-k",0,10,0.9,1,2,0.125,0.934,1,0.0660000000000001
"ZilionisLung","Lung","Human","OpenAICell-FullRefined","openai","gpt-5",2,"full",16,1,0,0.1,0,0,NA,NA,NA
"ZilionisLung","Lung","Human","OpenAICell-FullRefined","openai","gpt-5",2,"full",16,2,0.1,0.2,0,0,NA,NA,NA
"ZilionisLung","Lung","Human","OpenAICell-FullRefined","openai","gpt-5",2,"full",16,3,0.2,0.3,0,0,NA,NA,NA
"ZilionisLung","Lung","Human","OpenAICell-FullRefined","openai","gpt-5",2,"full",16,4,0.3,0.4,0,0,NA,NA,NA
"ZilionisLung","Lung","Human","OpenAICell-FullRefined","openai","gpt-5",2,"full",16,5,0.4,0.5,2,0.125,0.465,0,0.465
"ZilionisLung","Lung","Human","OpenAICell-FullRefined","openai","gpt-5",2,"full",16,6,0.5,0.6,0,0,NA,NA,NA
"ZilionisLung","Lung","Human","OpenAICell-FullRefined","openai","gpt-5",2,"full",16,7,0.6,0.7,3,0.1875,0.656333333333333,1,0.343666666666667
"ZilionisLung","Lung","Human","OpenAICell-FullRefined","openai","gpt-5",2,"full",16,8,0.7,0.8,4,0.25,0.7475,0.75,0.00249999999999995
"ZilionisLung","Lung","Human","OpenAICell-FullRefined","openai","gpt-5",2,"full",16,9,0.8,0.9,4,0.25,0.8435,0.5,0.3435
"ZilionisLung","Lung","Human","OpenAICell-FullRefined","openai","gpt-5",2,"full",16,10,0.9,1,3,0.1875,0.924666666666667,1,0.0753333333333334
"PBMC","PBMC","Human","OpenAI-Plain","openai","gpt-5",3,"none",0,1,0,0.1,0,0,NA,NA,NA
"PBMC","PBMC","Human","OpenAI-Plain","openai","gpt-5",3,"none",0,2,0.1,0.2,0,0,NA,NA,NA
"PBMC","PBMC","Human","OpenAI-Plain","openai","gpt-5",3,"none",0,3,0.2,0.3,0,0,NA,NA,NA
"PBMC","PBMC","Human","OpenAI-Plain","openai","gpt-5",3,"none",0,4,0.3,0.4,0,0,NA,NA,NA
"PBMC","PBMC","Human","OpenAI-Plain","openai","gpt-5",3,"none",0,5,0.4,0.5,0,0,NA,NA,NA
"PBMC","PBMC","Human","OpenAI-Plain","openai","gpt-5",3,"none",0,6,0.5,0.6,0,0,NA,NA,NA
"PBMC","PBMC","Human","OpenAI-Plain","openai","gpt-5",3,"none",0,7,0.6,0.7,1,0.125,0.7,1,0.3
"PBMC","PBMC","Human","OpenAI-Plain","openai","gpt-5",3,"none",0,8,0.7,0.8,2,0.25,0.8,0.5,0.3
"PBMC","PBMC","Human","OpenAI-Plain","openai","gpt-5",3,"none",0,9,0.8,0.9,1,0.125,0.85,1,0.15
"PBMC","PBMC","Human","OpenAI-Plain","openai","gpt-5",3,"none",0,10,0.9,1,4,0.5,0.9675,1,0.0325
"PBMC","PBMC","Human","OpenAICell-Evidence","openai","gpt-5",3,"none",0,1,0,0.1,0,0,NA,NA,NA
"PBMC","PBMC","Human","OpenAICell-Evidence","openai","gpt-5",3,"none",0,2,0.1,0.2,0,0,NA,NA,NA
"PBMC","PBMC","Human","OpenAICell-Evidence","openai","gpt-5",3,"none",0,3,0.2,0.3,0,0,NA,NA,NA
"PBMC","PBMC","Human","OpenAICell-Evidence","openai","gpt-5",3,"none",0,4,0.3,0.4,0,0,NA,NA,NA
"PBMC","PBMC","Human","OpenAICell-Evidence","openai","gpt-5",3,"none",0,5,0.4,0.5,0,0,NA,NA,NA
"PBMC","PBMC","Human","OpenAICell-Evidence","openai","gpt-5",3,"none",0,6,0.5,0.6,0,0,NA,NA,NA
"PBMC","PBMC","Human","OpenAICell-Evidence","openai","gpt-5",3,"none",0,7,0.6,0.7,1,0.125,0.7,1,0.3
"PBMC","PBMC","Human","OpenAICell-Evidence","openai","gpt-5",3,"none",0,8,0.7,0.8,2,0.25,0.8,0.5,0.3
"PBMC","PBMC","Human","OpenAICell-Evidence","openai","gpt-5",3,"none",0,9,0.8,0.9,1,0.125,0.85,1,0.15
"PBMC","PBMC","Human","OpenAICell-Evidence","openai","gpt-5",3,"none",0,10,0.9,1,4,0.5,0.9675,1,0.0325
"PBMC","PBMC","Human","OpenAICell-Calibrated","openai","gpt-5",3,"none",0,1,0,0.1,0,0,NA,NA,NA
"PBMC","PBMC","Human","OpenAICell-Calibrated","openai","gpt-5",3,"none",0,2,0.1,0.2,0,0,NA,NA,NA
"PBMC","PBMC","Human","OpenAICell-Calibrated","openai","gpt-5",3,"none",0,3,0.2,0.3,0,0,NA,NA,NA
"PBMC","PBMC","Human","OpenAICell-Calibrated","openai","gpt-5",3,"none",0,4,0.3,0.4,0,0,NA,NA,NA
"PBMC","PBMC","Human","OpenAICell-Calibrated","openai","gpt-5",3,"none",0,5,0.4,0.5,0,0,NA,NA,NA
"PBMC","PBMC","Human","OpenAICell-Calibrated","openai","gpt-5",3,"none",0,6,0.5,0.6,0,0,NA,NA,NA
"PBMC","PBMC","Human","OpenAICell-Calibrated","openai","gpt-5",3,"none",0,7,0.6,0.7,0,0,NA,NA,NA
"PBMC","PBMC","Human","OpenAICell-Calibrated","openai","gpt-5",3,"none",0,8,0.7,0.8,3,0.375,0.751666666666667,0.666666666666667,0.0850000000000001
"PBMC","PBMC","Human","OpenAICell-Calibrated","openai","gpt-5",3,"none",0,9,0.8,0.9,4,0.5,0.87325,1,0.12675
"PBMC","PBMC","Human","OpenAICell-Calibrated","openai","gpt-5",3,"none",0,10,0.9,1,1,0.125,0.91,1,0.09
"PBMC","PBMC","Human","OpenAICell-SelfRefined","openai","gpt-5",3,"evidence-k",0,1,0,0.1,0,0,NA,NA,NA
"PBMC","PBMC","Human","OpenAICell-SelfRefined","openai","gpt-5",3,"evidence-k",0,2,0.1,0.2,0,0,NA,NA,NA
"PBMC","PBMC","Human","OpenAICell-SelfRefined","openai","gpt-5",3,"evidence-k",0,3,0.2,0.3,0,0,NA,NA,NA
"PBMC","PBMC","Human","OpenAICell-SelfRefined","openai","gpt-5",3,"evidence-k",0,4,0.3,0.4,0,0,NA,NA,NA
"PBMC","PBMC","Human","OpenAICell-SelfRefined","openai","gpt-5",3,"evidence-k",0,5,0.4,0.5,0,0,NA,NA,NA
"PBMC","PBMC","Human","OpenAICell-SelfRefined","openai","gpt-5",3,"evidence-k",0,6,0.5,0.6,0,0,NA,NA,NA
"PBMC","PBMC","Human","OpenAICell-SelfRefined","openai","gpt-5",3,"evidence-k",0,7,0.6,0.7,0,0,NA,NA,NA
"PBMC","PBMC","Human","OpenAICell-SelfRefined","openai","gpt-5",3,"evidence-k",0,8,0.7,0.8,3,0.375,0.751666666666667,0.666666666666667,0.0850000000000001
"PBMC","PBMC","Human","OpenAICell-SelfRefined","openai","gpt-5",3,"evidence-k",0,9,0.8,0.9,4,0.5,0.87325,1,0.12675
"PBMC","PBMC","Human","OpenAICell-SelfRefined","openai","gpt-5",3,"evidence-k",0,10,0.9,1,1,0.125,0.91,1,0.09
"PBMC","PBMC","Human","OpenAICell-RandomK","openai","gpt-5",3,"random-k",0,1,0,0.1,0,0,NA,NA,NA
"PBMC","PBMC","Human","OpenAICell-RandomK","openai","gpt-5",3,"random-k",0,2,0.1,0.2,0,0,NA,NA,NA
"PBMC","PBMC","Human","OpenAICell-RandomK","openai","gpt-5",3,"random-k",0,3,0.2,0.3,0,0,NA,NA,NA
"PBMC","PBMC","Human","OpenAICell-RandomK","openai","gpt-5",3,"random-k",0,4,0.3,0.4,0,0,NA,NA,NA
"PBMC","PBMC","Human","OpenAICell-RandomK","openai","gpt-5",3,"random-k",0,5,0.4,0.5,0,0,NA,NA,NA
"PBMC","PBMC","Human","OpenAICell-RandomK","openai","gpt-5",3,"random-k",0,6,0.5,0.6,0,0,NA,NA,NA
"PBMC","PBMC","Human","OpenAICell-RandomK","openai","gpt-5",3,"random-k",0,7,0.6,0.7,0,0,NA,NA,NA
"PBMC","PBMC","Human","OpenAICell-RandomK","openai","gpt-5",3,"random-k",0,8,0.7,0.8,3,0.375,0.751666666666667,0.666666666666667,0.0850000000000001
"PBMC","PBMC","Human","OpenAICell-RandomK","openai","gpt-5",3,"random-k",0,9,0.8,0.9,4,0.5,0.87325,1,0.12675
"PBMC","PBMC","Human","OpenAICell-RandomK","openai","gpt-5",3,"random-k",0,10,0.9,1,1,0.125,0.91,1,0.09
"PBMC","PBMC","Human","OpenAICell-ConfidenceK","openai","gpt-5",3,"confidence-k",0,1,0,0.1,0,0,NA,NA,NA
"PBMC","PBMC","Human","OpenAICell-ConfidenceK","openai","gpt-5",3,"confidence-k",0,2,0.1,0.2,0,0,NA,NA,NA
"PBMC","PBMC","Human","OpenAICell-ConfidenceK","openai","gpt-5",3,"confidence-k",0,3,0.2,0.3,0,0,NA,NA,NA
"PBMC","PBMC","Human","OpenAICell-ConfidenceK","openai","gpt-5",3,"confidence-k",0,4,0.3,0.4,0,0,NA,NA,NA
"PBMC","PBMC","Human","OpenAICell-ConfidenceK","openai","gpt-5",3,"confidence-k",0,5,0.4,0.5,0,0,NA,NA,NA
"PBMC","PBMC","Human","OpenAICell-ConfidenceK","openai","gpt-5",3,"confidence-k",0,6,0.5,0.6,0,0,NA,NA,NA
"PBMC","PBMC","Human","OpenAICell-ConfidenceK","openai","gpt-5",3,"confidence-k",0,7,0.6,0.7,0,0,NA,NA,NA
"PBMC","PBMC","Human","OpenAICell-ConfidenceK","openai","gpt-5",3,"confidence-k",0,8,0.7,0.8,3,0.375,0.751666666666667,0.666666666666667,0.0850000000000001
"PBMC","PBMC","Human","OpenAICell-ConfidenceK","openai","gpt-5",3,"confidence-k",0,9,0.8,0.9,4,0.5,0.87325,1,0.12675
"PBMC","PBMC","Human","OpenAICell-ConfidenceK","openai","gpt-5",3,"confidence-k",0,10,0.9,1,1,0.125,0.91,1,0.09
"PBMC","PBMC","Human","OpenAICell-NoOntologyK","openai","gpt-5",3,"evidence-no-ontology-k",0,1,0,0.1,0,0,NA,NA,NA
"PBMC","PBMC","Human","OpenAICell-NoOntologyK","openai","gpt-5",3,"evidence-no-ontology-k",0,2,0.1,0.2,0,0,NA,NA,NA
"PBMC","PBMC","Human","OpenAICell-NoOntologyK","openai","gpt-5",3,"evidence-no-ontology-k",0,3,0.2,0.3,0,0,NA,NA,NA
"PBMC","PBMC","Human","OpenAICell-NoOntologyK","openai","gpt-5",3,"evidence-no-ontology-k",0,4,0.3,0.4,0,0,NA,NA,NA
"PBMC","PBMC","Human","OpenAICell-NoOntologyK","openai","gpt-5",3,"evidence-no-ontology-k",0,5,0.4,0.5,0,0,NA,NA,NA
"PBMC","PBMC","Human","OpenAICell-NoOntologyK","openai","gpt-5",3,"evidence-no-ontology-k",0,6,0.5,0.6,0,0,NA,NA,NA
"PBMC","PBMC","Human","OpenAICell-NoOntologyK","openai","gpt-5",3,"evidence-no-ontology-k",0,7,0.6,0.7,0,0,NA,NA,NA
"PBMC","PBMC","Human","OpenAICell-NoOntologyK","openai","gpt-5",3,"evidence-no-ontology-k",0,8,0.7,0.8,3,0.375,0.751666666666667,0.666666666666667,0.0850000000000001
"PBMC","PBMC","Human","OpenAICell-NoOntologyK","openai","gpt-5",3,"evidence-no-ontology-k",0,9,0.8,0.9,4,0.5,0.87325,1,0.12675
"PBMC","PBMC","Human","OpenAICell-NoOntologyK","openai","gpt-5",3,"evidence-no-ontology-k",0,10,0.9,1,1,0.125,0.91,1,0.09
"PBMC","PBMC","Human","OpenAICell-FullRefined","openai","gpt-5",3,"full",8,1,0,0.1,0,0,NA,NA,NA
"PBMC","PBMC","Human","OpenAICell-FullRefined","openai","gpt-5",3,"full",8,2,0.1,0.2,0,0,NA,NA,NA
"PBMC","PBMC","Human","OpenAICell-FullRefined","openai","gpt-5",3,"full",8,3,0.2,0.3,0,0,NA,NA,NA
"PBMC","PBMC","Human","OpenAICell-FullRefined","openai","gpt-5",3,"full",8,4,0.3,0.4,0,0,NA,NA,NA
"PBMC","PBMC","Human","OpenAICell-FullRefined","openai","gpt-5",3,"full",8,5,0.4,0.5,0,0,NA,NA,NA
"PBMC","PBMC","Human","OpenAICell-FullRefined","openai","gpt-5",3,"full",8,6,0.5,0.6,0,0,NA,NA,NA
"PBMC","PBMC","Human","OpenAICell-FullRefined","openai","gpt-5",3,"full",8,7,0.6,0.7,1,0.125,0.693,0,0.693
"PBMC","PBMC","Human","OpenAICell-FullRefined","openai","gpt-5",3,"full",8,8,0.7,0.8,2,0.25,0.76,0.5,0.26
"PBMC","PBMC","Human","OpenAICell-FullRefined","openai","gpt-5",3,"full",8,9,0.8,0.9,3,0.375,0.870666666666667,1,0.129333333333333
"PBMC","PBMC","Human","OpenAICell-FullRefined","openai","gpt-5",3,"full",8,10,0.9,1,2,0.25,0.9065,1,0.0934999999999999
"BaronPancreas","Pancreas","Human","OpenAI-Plain","openai","gpt-5",3,"none",0,1,0,0.1,0,0,NA,NA,NA
"BaronPancreas","Pancreas","Human","OpenAI-Plain","openai","gpt-5",3,"none",0,2,0.1,0.2,0,0,NA,NA,NA
"BaronPancreas","Pancreas","Human","OpenAI-Plain","openai","gpt-5",3,"none",0,3,0.2,0.3,0,0,NA,NA,NA
"BaronPancreas","Pancreas","Human","OpenAI-Plain","openai","gpt-5",3,"none",0,4,0.3,0.4,1,0.0625,0.4,0,0.4
"BaronPancreas","Pancreas","Human","OpenAI-Plain","openai","gpt-5",3,"none",0,5,0.4,0.5,0,0,NA,NA,NA
"BaronPancreas","Pancreas","Human","OpenAI-Plain","openai","gpt-5",3,"none",0,6,0.5,0.6,1,0.0625,0.6,0,0.6
"BaronPancreas","Pancreas","Human","OpenAI-Plain","openai","gpt-5",3,"none",0,7,0.6,0.7,3,0.1875,0.683333333333333,0.666666666666667,0.0166666666666667
"BaronPancreas","Pancreas","Human","OpenAI-Plain","openai","gpt-5",3,"none",0,8,0.7,0.8,1,0.0625,0.75,1,0.25
"BaronPancreas","Pancreas","Human","OpenAI-Plain","openai","gpt-5",3,"none",0,9,0.8,0.9,3,0.1875,0.886666666666667,1,0.113333333333333
"BaronPancreas","Pancreas","Human","OpenAI-Plain","openai","gpt-5",3,"none",0,10,0.9,1,7,0.4375,0.97,1,0.03
"BaronPancreas","Pancreas","Human","OpenAICell-Evidence","openai","gpt-5",3,"none",0,1,0,0.1,0,0,NA,NA,NA
"BaronPancreas","Pancreas","Human","OpenAICell-Evidence","openai","gpt-5",3,"none",0,2,0.1,0.2,0,0,NA,NA,NA
"BaronPancreas","Pancreas","Human","OpenAICell-Evidence","openai","gpt-5",3,"none",0,3,0.2,0.3,0,0,NA,NA,NA
"BaronPancreas","Pancreas","Human","OpenAICell-Evidence","openai","gpt-5",3,"none",0,4,0.3,0.4,1,0.0625,0.4,0,0.4
"BaronPancreas","Pancreas","Human","OpenAICell-Evidence","openai","gpt-5",3,"none",0,5,0.4,0.5,0,0,NA,NA,NA
"BaronPancreas","Pancreas","Human","OpenAICell-Evidence","openai","gpt-5",3,"none",0,6,0.5,0.6,1,0.0625,0.6,0,0.6
"BaronPancreas","Pancreas","Human","OpenAICell-Evidence","openai","gpt-5",3,"none",0,7,0.6,0.7,3,0.1875,0.683333333333333,0.666666666666667,0.0166666666666667
"BaronPancreas","Pancreas","Human","OpenAICell-Evidence","openai","gpt-5",3,"none",0,8,0.7,0.8,1,0.0625,0.75,1,0.25
"BaronPancreas","Pancreas","Human","OpenAICell-Evidence","openai","gpt-5",3,"none",0,9,0.8,0.9,3,0.1875,0.886666666666667,1,0.113333333333333
"BaronPancreas","Pancreas","Human","OpenAICell-Evidence","openai","gpt-5",3,"none",0,10,0.9,1,7,0.4375,0.97,1,0.03
"BaronPancreas","Pancreas","Human","OpenAICell-Calibrated","openai","gpt-5",3,"none",0,1,0,0.1,0,0,NA,NA,NA
"BaronPancreas","Pancreas","Human","OpenAICell-Calibrated","openai","gpt-5",3,"none",0,2,0.1,0.2,0,0,NA,NA,NA
"BaronPancreas","Pancreas","Human","OpenAICell-Calibrated","openai","gpt-5",3,"none",0,3,0.2,0.3,0,0,NA,NA,NA
"BaronPancreas","Pancreas","Human","OpenAICell-Calibrated","openai","gpt-5",3,"none",0,4,0.3,0.4,0,0,NA,NA,NA
"BaronPancreas","Pancreas","Human","OpenAICell-Calibrated","openai","gpt-5",3,"none",0,5,0.4,0.5,0,0,NA,NA,NA
"BaronPancreas","Pancreas","Human","OpenAICell-Calibrated","openai","gpt-5",3,"none",0,6,0.5,0.6,1,0.0625,0.54,0,0.54
"BaronPancreas","Pancreas","Human","OpenAICell-Calibrated","openai","gpt-5",3,"none",0,7,0.6,0.7,1,0.0625,0.645,1,0.355
"BaronPancreas","Pancreas","Human","OpenAICell-Calibrated","openai","gpt-5",3,"none",0,8,0.7,0.8,8,0.5,0.771,0.75,0.021
"BaronPancreas","Pancreas","Human","OpenAICell-Calibrated","openai","gpt-5",3,"none",0,9,0.8,0.9,5,0.3125,0.8374,1,0.1626
"BaronPancreas","Pancreas","Human","OpenAICell-Calibrated","openai","gpt-5",3,"none",0,10,0.9,1,1,0.0625,0.955,1,0.045
"BaronPancreas","Pancreas","Human","OpenAICell-SelfRefined","openai","gpt-5",3,"evidence-k",0,1,0,0.1,0,0,NA,NA,NA
"BaronPancreas","Pancreas","Human","OpenAICell-SelfRefined","openai","gpt-5",3,"evidence-k",0,2,0.1,0.2,0,0,NA,NA,NA
"BaronPancreas","Pancreas","Human","OpenAICell-SelfRefined","openai","gpt-5",3,"evidence-k",0,3,0.2,0.3,0,0,NA,NA,NA
"BaronPancreas","Pancreas","Human","OpenAICell-SelfRefined","openai","gpt-5",3,"evidence-k",0,4,0.3,0.4,0,0,NA,NA,NA
"BaronPancreas","Pancreas","Human","OpenAICell-SelfRefined","openai","gpt-5",3,"evidence-k",0,5,0.4,0.5,0,0,NA,NA,NA
"BaronPancreas","Pancreas","Human","OpenAICell-SelfRefined","openai","gpt-5",3,"evidence-k",0,6,0.5,0.6,1,0.0625,0.54,0,0.54
"BaronPancreas","Pancreas","Human","OpenAICell-SelfRefined","openai","gpt-5",3,"evidence-k",0,7,0.6,0.7,1,0.0625,0.645,1,0.355
"BaronPancreas","Pancreas","Human","OpenAICell-SelfRefined","openai","gpt-5",3,"evidence-k",0,8,0.7,0.8,8,0.5,0.771,0.75,0.021
"BaronPancreas","Pancreas","Human","OpenAICell-SelfRefined","openai","gpt-5",3,"evidence-k",0,9,0.8,0.9,5,0.3125,0.8374,1,0.1626
"BaronPancreas","Pancreas","Human","OpenAICell-SelfRefined","openai","gpt-5",3,"evidence-k",0,10,0.9,1,1,0.0625,0.955,1,0.045
"BaronPancreas","Pancreas","Human","OpenAICell-RandomK","openai","gpt-5",3,"random-k",0,1,0,0.1,0,0,NA,NA,NA
"BaronPancreas","Pancreas","Human","OpenAICell-RandomK","openai","gpt-5",3,"random-k",0,2,0.1,0.2,0,0,NA,NA,NA
"BaronPancreas","Pancreas","Human","OpenAICell-RandomK","openai","gpt-5",3,"random-k",0,3,0.2,0.3,0,0,NA,NA,NA
"BaronPancreas","Pancreas","Human","OpenAICell-RandomK","openai","gpt-5",3,"random-k",0,4,0.3,0.4,0,0,NA,NA,NA
"BaronPancreas","Pancreas","Human","OpenAICell-RandomK","openai","gpt-5",3,"random-k",0,5,0.4,0.5,0,0,NA,NA,NA
"BaronPancreas","Pancreas","Human","OpenAICell-RandomK","openai","gpt-5",3,"random-k",0,6,0.5,0.6,1,0.0625,0.54,0,0.54
"BaronPancreas","Pancreas","Human","OpenAICell-RandomK","openai","gpt-5",3,"random-k",0,7,0.6,0.7,1,0.0625,0.645,1,0.355
"BaronPancreas","Pancreas","Human","OpenAICell-RandomK","openai","gpt-5",3,"random-k",0,8,0.7,0.8,8,0.5,0.771,0.75,0.021
"BaronPancreas","Pancreas","Human","OpenAICell-RandomK","openai","gpt-5",3,"random-k",0,9,0.8,0.9,5,0.3125,0.8374,1,0.1626
"BaronPancreas","Pancreas","Human","OpenAICell-RandomK","openai","gpt-5",3,"random-k",0,10,0.9,1,1,0.0625,0.955,1,0.045
"BaronPancreas","Pancreas","Human","OpenAICell-ConfidenceK","openai","gpt-5",3,"confidence-k",0,1,0,0.1,0,0,NA,NA,NA
"BaronPancreas","Pancreas","Human","OpenAICell-ConfidenceK","openai","gpt-5",3,"confidence-k",0,2,0.1,0.2,0,0,NA,NA,NA
"BaronPancreas","Pancreas","Human","OpenAICell-ConfidenceK","openai","gpt-5",3,"confidence-k",0,3,0.2,0.3,0,0,NA,NA,NA
"BaronPancreas","Pancreas","Human","OpenAICell-ConfidenceK","openai","gpt-5",3,"confidence-k",0,4,0.3,0.4,0,0,NA,NA,NA
"BaronPancreas","Pancreas","Human","OpenAICell-ConfidenceK","openai","gpt-5",3,"confidence-k",0,5,0.4,0.5,0,0,NA,NA,NA
"BaronPancreas","Pancreas","Human","OpenAICell-ConfidenceK","openai","gpt-5",3,"confidence-k",0,6,0.5,0.6,1,0.0625,0.54,0,0.54
"BaronPancreas","Pancreas","Human","OpenAICell-ConfidenceK","openai","gpt-5",3,"confidence-k",0,7,0.6,0.7,1,0.0625,0.645,1,0.355
"BaronPancreas","Pancreas","Human","OpenAICell-ConfidenceK","openai","gpt-5",3,"confidence-k",0,8,0.7,0.8,8,0.5,0.771,0.75,0.021
"BaronPancreas","Pancreas","Human","OpenAICell-ConfidenceK","openai","gpt-5",3,"confidence-k",0,9,0.8,0.9,5,0.3125,0.8374,1,0.1626
"BaronPancreas","Pancreas","Human","OpenAICell-ConfidenceK","openai","gpt-5",3,"confidence-k",0,10,0.9,1,1,0.0625,0.955,1,0.045
"BaronPancreas","Pancreas","Human","OpenAICell-NoOntologyK","openai","gpt-5",3,"evidence-no-ontology-k",0,1,0,0.1,0,0,NA,NA,NA
"BaronPancreas","Pancreas","Human","OpenAICell-NoOntologyK","openai","gpt-5",3,"evidence-no-ontology-k",0,2,0.1,0.2,0,0,NA,NA,NA
"BaronPancreas","Pancreas","Human","OpenAICell-NoOntologyK","openai","gpt-5",3,"evidence-no-ontology-k",0,3,0.2,0.3,0,0,NA,NA,NA
"BaronPancreas","Pancreas","Human","OpenAICell-NoOntologyK","openai","gpt-5",3,"evidence-no-ontology-k",0,4,0.3,0.4,0,0,NA,NA,NA
"BaronPancreas","Pancreas","Human","OpenAICell-NoOntologyK","openai","gpt-5",3,"evidence-no-ontology-k",0,5,0.4,0.5,0,0,NA,NA,NA
"BaronPancreas","Pancreas","Human","OpenAICell-NoOntologyK","openai","gpt-5",3,"evidence-no-ontology-k",0,6,0.5,0.6,1,0.0625,0.54,0,0.54
"BaronPancreas","Pancreas","Human","OpenAICell-NoOntologyK","openai","gpt-5",3,"evidence-no-ontology-k",0,7,0.6,0.7,1,0.0625,0.645,1,0.355
"BaronPancreas","Pancreas","Human","OpenAICell-NoOntologyK","openai","gpt-5",3,"evidence-no-ontology-k",0,8,0.7,0.8,8,0.5,0.771,0.75,0.021
"BaronPancreas","Pancreas","Human","OpenAICell-NoOntologyK","openai","gpt-5",3,"evidence-no-ontology-k",0,9,0.8,0.9,5,0.3125,0.8374,1,0.1626
"BaronPancreas","Pancreas","Human","OpenAICell-NoOntologyK","openai","gpt-5",3,"evidence-no-ontology-k",0,10,0.9,1,1,0.0625,0.955,1,0.045
"BaronPancreas","Pancreas","Human","OpenAICell-FullRefined","openai","gpt-5",3,"full",16,1,0,0.1,0,0,NA,NA,NA
"BaronPancreas","Pancreas","Human","OpenAICell-FullRefined","openai","gpt-5",3,"full",16,2,0.1,0.2,0,0,NA,NA,NA
"BaronPancreas","Pancreas","Human","OpenAICell-FullRefined","openai","gpt-5",3,"full",16,3,0.2,0.3,0,0,NA,NA,NA
"BaronPancreas","Pancreas","Human","OpenAICell-FullRefined","openai","gpt-5",3,"full",16,4,0.3,0.4,0,0,NA,NA,NA
"BaronPancreas","Pancreas","Human","OpenAICell-FullRefined","openai","gpt-5",3,"full",16,5,0.4,0.5,1,0.0625,0.45,0,0.45
"BaronPancreas","Pancreas","Human","OpenAICell-FullRefined","openai","gpt-5",3,"full",16,6,0.5,0.6,0,0,NA,NA,NA
"BaronPancreas","Pancreas","Human","OpenAICell-FullRefined","openai","gpt-5",3,"full",16,7,0.6,0.7,2,0.125,0.685,0,0.685
"BaronPancreas","Pancreas","Human","OpenAICell-FullRefined","openai","gpt-5",3,"full",16,8,0.7,0.8,4,0.25,0.785,1,0.215
"BaronPancreas","Pancreas","Human","OpenAICell-FullRefined","openai","gpt-5",3,"full",16,9,0.8,0.9,8,0.5,0.828,1,0.172
"BaronPancreas","Pancreas","Human","OpenAICell-FullRefined","openai","gpt-5",3,"full",16,10,0.9,1,1,0.0625,0.955,1,0.045
"MuraroPancreas","Pancreas","Human","OpenAI-Plain","openai","gpt-5",3,"none",0,1,0,0.1,0,0,NA,NA,NA
"MuraroPancreas","Pancreas","Human","OpenAI-Plain","openai","gpt-5",3,"none",0,2,0.1,0.2,0,0,NA,NA,NA
"MuraroPancreas","Pancreas","Human","OpenAI-Plain","openai","gpt-5",3,"none",0,3,0.2,0.3,0,0,NA,NA,NA
"MuraroPancreas","Pancreas","Human","OpenAI-Plain","openai","gpt-5",3,"none",0,4,0.3,0.4,0,0,NA,NA,NA
"MuraroPancreas","Pancreas","Human","OpenAI-Plain","openai","gpt-5",3,"none",0,5,0.4,0.5,0,0,NA,NA,NA
"MuraroPancreas","Pancreas","Human","OpenAI-Plain","openai","gpt-5",3,"none",0,6,0.5,0.6,1,0.0909090909090909,0.6,1,0.4
"MuraroPancreas","Pancreas","Human","OpenAI-Plain","openai","gpt-5",3,"none",0,7,0.6,0.7,1,0.0909090909090909,0.7,1,0.3
"MuraroPancreas","Pancreas","Human","OpenAI-Plain","openai","gpt-5",3,"none",0,8,0.7,0.8,1,0.0909090909090909,0.8,1,0.2
"MuraroPancreas","Pancreas","Human","OpenAI-Plain","openai","gpt-5",3,"none",0,9,0.8,0.9,0,0,NA,NA,NA
"MuraroPancreas","Pancreas","Human","OpenAI-Plain","openai","gpt-5",3,"none",0,10,0.9,1,8,0.727272727272727,0.985,0.875,0.11
"MuraroPancreas","Pancreas","Human","OpenAICell-Evidence","openai","gpt-5",3,"none",0,1,0,0.1,0,0,NA,NA,NA
"MuraroPancreas","Pancreas","Human","OpenAICell-Evidence","openai","gpt-5",3,"none",0,2,0.1,0.2,0,0,NA,NA,NA
"MuraroPancreas","Pancreas","Human","OpenAICell-Evidence","openai","gpt-5",3,"none",0,3,0.2,0.3,0,0,NA,NA,NA
"MuraroPancreas","Pancreas","Human","OpenAICell-Evidence","openai","gpt-5",3,"none",0,4,0.3,0.4,0,0,NA,NA,NA
"MuraroPancreas","Pancreas","Human","OpenAICell-Evidence","openai","gpt-5",3,"none",0,5,0.4,0.5,0,0,NA,NA,NA
"MuraroPancreas","Pancreas","Human","OpenAICell-Evidence","openai","gpt-5",3,"none",0,6,0.5,0.6,1,0.0909090909090909,0.6,1,0.4
"MuraroPancreas","Pancreas","Human","OpenAICell-Evidence","openai","gpt-5",3,"none",0,7,0.6,0.7,1,0.0909090909090909,0.7,1,0.3
"MuraroPancreas","Pancreas","Human","OpenAICell-Evidence","openai","gpt-5",3,"none",0,8,0.7,0.8,1,0.0909090909090909,0.8,1,0.2
"MuraroPancreas","Pancreas","Human","OpenAICell-Evidence","openai","gpt-5",3,"none",0,9,0.8,0.9,0,0,NA,NA,NA
"MuraroPancreas","Pancreas","Human","OpenAICell-Evidence","openai","gpt-5",3,"none",0,10,0.9,1,8,0.727272727272727,0.985,0.875,0.11
"MuraroPancreas","Pancreas","Human","OpenAICell-Calibrated","openai","gpt-5",3,"none",0,1,0,0.1,0,0,NA,NA,NA
"MuraroPancreas","Pancreas","Human","OpenAICell-Calibrated","openai","gpt-5",3,"none",0,2,0.1,0.2,0,0,NA,NA,NA
"MuraroPancreas","Pancreas","Human","OpenAICell-Calibrated","openai","gpt-5",3,"none",0,3,0.2,0.3,0,0,NA,NA,NA
"MuraroPancreas","Pancreas","Human","OpenAICell-Calibrated","openai","gpt-5",3,"none",0,4,0.3,0.4,0,0,NA,NA,NA
"MuraroPancreas","Pancreas","Human","OpenAICell-Calibrated","openai","gpt-5",3,"none",0,5,0.4,0.5,0,0,NA,NA,NA
"MuraroPancreas","Pancreas","Human","OpenAICell-Calibrated","openai","gpt-5",3,"none",0,6,0.5,0.6,0,0,NA,NA,NA
"MuraroPancreas","Pancreas","Human","OpenAICell-Calibrated","openai","gpt-5",3,"none",0,7,0.6,0.7,1,0.0909090909090909,0.62,1,0.38
"MuraroPancreas","Pancreas","Human","OpenAICell-Calibrated","openai","gpt-5",3,"none",0,8,0.7,0.8,3,0.272727272727273,0.755333333333333,1,0.244666666666667
"MuraroPancreas","Pancreas","Human","OpenAICell-Calibrated","openai","gpt-5",3,"none",0,9,0.8,0.9,6,0.545454545454545,0.828833333333333,0.833333333333333,0.00450000000000006
"MuraroPancreas","Pancreas","Human","OpenAICell-Calibrated","openai","gpt-5",3,"none",0,10,0.9,1,1,0.0909090909090909,0.913,1,0.087
"MuraroPancreas","Pancreas","Human","OpenAICell-SelfRefined","openai","gpt-5",3,"evidence-k",0,1,0,0.1,0,0,NA,NA,NA
"MuraroPancreas","Pancreas","Human","OpenAICell-SelfRefined","openai","gpt-5",3,"evidence-k",0,2,0.1,0.2,0,0,NA,NA,NA
"MuraroPancreas","Pancreas","Human","OpenAICell-SelfRefined","openai","gpt-5",3,"evidence-k",0,3,0.2,0.3,0,0,NA,NA,NA
"MuraroPancreas","Pancreas","Human","OpenAICell-SelfRefined","openai","gpt-5",3,"evidence-k",0,4,0.3,0.4,0,0,NA,NA,NA
"MuraroPancreas","Pancreas","Human","OpenAICell-SelfRefined","openai","gpt-5",3,"evidence-k",0,5,0.4,0.5,0,0,NA,NA,NA
"MuraroPancreas","Pancreas","Human","OpenAICell-SelfRefined","openai","gpt-5",3,"evidence-k",0,6,0.5,0.6,0,0,NA,NA,NA
"MuraroPancreas","Pancreas","Human","OpenAICell-SelfRefined","openai","gpt-5",3,"evidence-k",0,7,0.6,0.7,1,0.0909090909090909,0.62,1,0.38
"MuraroPancreas","Pancreas","Human","OpenAICell-SelfRefined","openai","gpt-5",3,"evidence-k",0,8,0.7,0.8,3,0.272727272727273,0.755333333333333,1,0.244666666666667
"MuraroPancreas","Pancreas","Human","OpenAICell-SelfRefined","openai","gpt-5",3,"evidence-k",0,9,0.8,0.9,6,0.545454545454545,0.828833333333333,0.833333333333333,0.00450000000000006
"MuraroPancreas","Pancreas","Human","OpenAICell-SelfRefined","openai","gpt-5",3,"evidence-k",0,10,0.9,1,1,0.0909090909090909,0.913,1,0.087
"MuraroPancreas","Pancreas","Human","OpenAICell-RandomK","openai","gpt-5",3,"random-k",0,1,0,0.1,0,0,NA,NA,NA
"MuraroPancreas","Pancreas","Human","OpenAICell-RandomK","openai","gpt-5",3,"random-k",0,2,0.1,0.2,0,0,NA,NA,NA
"MuraroPancreas","Pancreas","Human","OpenAICell-RandomK","openai","gpt-5",3,"random-k",0,3,0.2,0.3,0,0,NA,NA,NA
"MuraroPancreas","Pancreas","Human","OpenAICell-RandomK","openai","gpt-5",3,"random-k",0,4,0.3,0.4,0,0,NA,NA,NA
"MuraroPancreas","Pancreas","Human","OpenAICell-RandomK","openai","gpt-5",3,"random-k",0,5,0.4,0.5,0,0,NA,NA,NA
"MuraroPancreas","Pancreas","Human","OpenAICell-RandomK","openai","gpt-5",3,"random-k",0,6,0.5,0.6,0,0,NA,NA,NA
"MuraroPancreas","Pancreas","Human","OpenAICell-RandomK","openai","gpt-5",3,"random-k",0,7,0.6,0.7,1,0.0909090909090909,0.62,1,0.38
"MuraroPancreas","Pancreas","Human","OpenAICell-RandomK","openai","gpt-5",3,"random-k",0,8,0.7,0.8,3,0.272727272727273,0.755333333333333,1,0.244666666666667
"MuraroPancreas","Pancreas","Human","OpenAICell-RandomK","openai","gpt-5",3,"random-k",0,9,0.8,0.9,6,0.545454545454545,0.828833333333333,0.833333333333333,0.00450000000000006
"MuraroPancreas","Pancreas","Human","OpenAICell-RandomK","openai","gpt-5",3,"random-k",0,10,0.9,1,1,0.0909090909090909,0.913,1,0.087
"MuraroPancreas","Pancreas","Human","OpenAICell-ConfidenceK","openai","gpt-5",3,"confidence-k",0,1,0,0.1,0,0,NA,NA,NA
"MuraroPancreas","Pancreas","Human","OpenAICell-ConfidenceK","openai","gpt-5",3,"confidence-k",0,2,0.1,0.2,0,0,NA,NA,NA
"MuraroPancreas","Pancreas","Human","OpenAICell-ConfidenceK","openai","gpt-5",3,"confidence-k",0,3,0.2,0.3,0,0,NA,NA,NA
"MuraroPancreas","Pancreas","Human","OpenAICell-ConfidenceK","openai","gpt-5",3,"confidence-k",0,4,0.3,0.4,0,0,NA,NA,NA
"MuraroPancreas","Pancreas","Human","OpenAICell-ConfidenceK","openai","gpt-5",3,"confidence-k",0,5,0.4,0.5,0,0,NA,NA,NA
"MuraroPancreas","Pancreas","Human","OpenAICell-ConfidenceK","openai","gpt-5",3,"confidence-k",0,6,0.5,0.6,0,0,NA,NA,NA
"MuraroPancreas","Pancreas","Human","OpenAICell-ConfidenceK","openai","gpt-5",3,"confidence-k",0,7,0.6,0.7,1,0.0909090909090909,0.62,1,0.38
"MuraroPancreas","Pancreas","Human","OpenAICell-ConfidenceK","openai","gpt-5",3,"confidence-k",0,8,0.7,0.8,3,0.272727272727273,0.755333333333333,1,0.244666666666667
"MuraroPancreas","Pancreas","Human","OpenAICell-ConfidenceK","openai","gpt-5",3,"confidence-k",0,9,0.8,0.9,6,0.545454545454545,0.828833333333333,0.833333333333333,0.00450000000000006
"MuraroPancreas","Pancreas","Human","OpenAICell-ConfidenceK","openai","gpt-5",3,"confidence-k",0,10,0.9,1,1,0.0909090909090909,0.913,1,0.087
"MuraroPancreas","Pancreas","Human","OpenAICell-NoOntologyK","openai","gpt-5",3,"evidence-no-ontology-k",0,1,0,0.1,0,0,NA,NA,NA
"MuraroPancreas","Pancreas","Human","OpenAICell-NoOntologyK","openai","gpt-5",3,"evidence-no-ontology-k",0,2,0.1,0.2,0,0,NA,NA,NA
"MuraroPancreas","Pancreas","Human","OpenAICell-NoOntologyK","openai","gpt-5",3,"evidence-no-ontology-k",0,3,0.2,0.3,0,0,NA,NA,NA
"MuraroPancreas","Pancreas","Human","OpenAICell-NoOntologyK","openai","gpt-5",3,"evidence-no-ontology-k",0,4,0.3,0.4,0,0,NA,NA,NA
"MuraroPancreas","Pancreas","Human","OpenAICell-NoOntologyK","openai","gpt-5",3,"evidence-no-ontology-k",0,5,0.4,0.5,0,0,NA,NA,NA
"MuraroPancreas","Pancreas","Human","OpenAICell-NoOntologyK","openai","gpt-5",3,"evidence-no-ontology-k",0,6,0.5,0.6,0,0,NA,NA,NA
"MuraroPancreas","Pancreas","Human","OpenAICell-NoOntologyK","openai","gpt-5",3,"evidence-no-ontology-k",0,7,0.6,0.7,1,0.0909090909090909,0.62,1,0.38
"MuraroPancreas","Pancreas","Human","OpenAICell-NoOntologyK","openai","gpt-5",3,"evidence-no-ontology-k",0,8,0.7,0.8,3,0.272727272727273,0.755333333333333,1,0.244666666666667
"MuraroPancreas","Pancreas","Human","OpenAICell-NoOntologyK","openai","gpt-5",3,"evidence-no-ontology-k",0,9,0.8,0.9,6,0.545454545454545,0.828833333333333,0.833333333333333,0.00450000000000006
"MuraroPancreas","Pancreas","Human","OpenAICell-NoOntologyK","openai","gpt-5",3,"evidence-no-ontology-k",0,10,0.9,1,1,0.0909090909090909,0.913,1,0.087
"MuraroPancreas","Pancreas","Human","OpenAICell-FullRefined","openai","gpt-5",3,"full",11,1,0,0.1,0,0,NA,NA,NA
"MuraroPancreas","Pancreas","Human","OpenAICell-FullRefined","openai","gpt-5",3,"full",11,2,0.1,0.2,0,0,NA,NA,NA
"MuraroPancreas","Pancreas","Human","OpenAICell-FullRefined","openai","gpt-5",3,"full",11,3,0.2,0.3,0,0,NA,NA,NA
"MuraroPancreas","Pancreas","Human","OpenAICell-FullRefined","openai","gpt-5",3,"full",11,4,0.3,0.4,0,0,NA,NA,NA
"MuraroPancreas","Pancreas","Human","OpenAICell-FullRefined","openai","gpt-5",3,"full",11,5,0.4,0.5,0,0,NA,NA,NA
"MuraroPancreas","Pancreas","Human","OpenAICell-FullRefined","openai","gpt-5",3,"full",11,6,0.5,0.6,0,0,NA,NA,NA
"MuraroPancreas","Pancreas","Human","OpenAICell-FullRefined","openai","gpt-5",3,"full",11,7,0.6,0.7,2,0.181818181818182,0.6915,1,0.3085
"MuraroPancreas","Pancreas","Human","OpenAICell-FullRefined","openai","gpt-5",3,"full",11,8,0.7,0.8,1,0.0909090909090909,0.788,1,0.212
"MuraroPancreas","Pancreas","Human","OpenAICell-FullRefined","openai","gpt-5",3,"full",11,9,0.8,0.9,7,0.636363636363636,0.830428571428571,0.714285714285714,0.116142857142857
"MuraroPancreas","Pancreas","Human","OpenAICell-FullRefined","openai","gpt-5",3,"full",11,10,0.9,1,1,0.0909090909090909,0.913,1,0.087
"TasicBrain","Brain","Mouse","OpenAI-Plain","openai","gpt-5",3,"none",0,1,0,0.1,0,0,NA,NA,NA
"TasicBrain","Brain","Mouse","OpenAI-Plain","openai","gpt-5",3,"none",0,2,0.1,0.2,0,0,NA,NA,NA
"TasicBrain","Brain","Mouse","OpenAI-Plain","openai","gpt-5",3,"none",0,3,0.2,0.3,0,0,NA,NA,NA
"TasicBrain","Brain","Mouse","OpenAI-Plain","openai","gpt-5",3,"none",0,4,0.3,0.4,0,0,NA,NA,NA
"TasicBrain","Brain","Mouse","OpenAI-Plain","openai","gpt-5",3,"none",0,5,0.4,0.5,0,0,NA,NA,NA
"TasicBrain","Brain","Mouse","OpenAI-Plain","openai","gpt-5",3,"none",0,6,0.5,0.6,0,0,NA,NA,NA
"TasicBrain","Brain","Mouse","OpenAI-Plain","openai","gpt-5",3,"none",0,7,0.6,0.7,1,0.0666666666666667,0.7,1,0.3
"TasicBrain","Brain","Mouse","OpenAI-Plain","openai","gpt-5",3,"none",0,8,0.7,0.8,1,0.0666666666666667,0.8,1,0.2
"TasicBrain","Brain","Mouse","OpenAI-Plain","openai","gpt-5",3,"none",0,9,0.8,0.9,3,0.2,0.883333333333333,1,0.116666666666667
"TasicBrain","Brain","Mouse","OpenAI-Plain","openai","gpt-5",3,"none",0,10,0.9,1,10,0.666666666666667,0.978,1,0.022
"TasicBrain","Brain","Mouse","OpenAICell-Evidence","openai","gpt-5",3,"none",0,1,0,0.1,0,0,NA,NA,NA
"TasicBrain","Brain","Mouse","OpenAICell-Evidence","openai","gpt-5",3,"none",0,2,0.1,0.2,0,0,NA,NA,NA
"TasicBrain","Brain","Mouse","OpenAICell-Evidence","openai","gpt-5",3,"none",0,3,0.2,0.3,0,0,NA,NA,NA
"TasicBrain","Brain","Mouse","OpenAICell-Evidence","openai","gpt-5",3,"none",0,4,0.3,0.4,0,0,NA,NA,NA
"TasicBrain","Brain","Mouse","OpenAICell-Evidence","openai","gpt-5",3,"none",0,5,0.4,0.5,0,0,NA,NA,NA
"TasicBrain","Brain","Mouse","OpenAICell-Evidence","openai","gpt-5",3,"none",0,6,0.5,0.6,0,0,NA,NA,NA
"TasicBrain","Brain","Mouse","OpenAICell-Evidence","openai","gpt-5",3,"none",0,7,0.6,0.7,1,0.0666666666666667,0.7,1,0.3
"TasicBrain","Brain","Mouse","OpenAICell-Evidence","openai","gpt-5",3,"none",0,8,0.7,0.8,1,0.0666666666666667,0.8,1,0.2
"TasicBrain","Brain","Mouse","OpenAICell-Evidence","openai","gpt-5",3,"none",0,9,0.8,0.9,3,0.2,0.883333333333333,1,0.116666666666667
"TasicBrain","Brain","Mouse","OpenAICell-Evidence","openai","gpt-5",3,"none",0,10,0.9,1,10,0.666666666666667,0.978,1,0.022
"TasicBrain","Brain","Mouse","OpenAICell-Calibrated","openai","gpt-5",3,"none",0,1,0,0.1,0,0,NA,NA,NA
"TasicBrain","Brain","Mouse","OpenAICell-Calibrated","openai","gpt-5",3,"none",0,2,0.1,0.2,0,0,NA,NA,NA
"TasicBrain","Brain","Mouse","OpenAICell-Calibrated","openai","gpt-5",3,"none",0,3,0.2,0.3,0,0,NA,NA,NA
"TasicBrain","Brain","Mouse","OpenAICell-Calibrated","openai","gpt-5",3,"none",0,4,0.3,0.4,0,0,NA,NA,NA
"TasicBrain","Brain","Mouse","OpenAICell-Calibrated","openai","gpt-5",3,"none",0,5,0.4,0.5,0,0,NA,NA,NA
"TasicBrain","Brain","Mouse","OpenAICell-Calibrated","openai","gpt-5",3,"none",0,6,0.5,0.6,0,0,NA,NA,NA
"TasicBrain","Brain","Mouse","OpenAICell-Calibrated","openai","gpt-5",3,"none",0,7,0.6,0.7,0,0,NA,NA,NA
"TasicBrain","Brain","Mouse","OpenAICell-Calibrated","openai","gpt-5",3,"none",0,8,0.7,0.8,5,0.333333333333333,0.7884,1,0.2116
"TasicBrain","Brain","Mouse","OpenAICell-Calibrated","openai","gpt-5",3,"none",0,9,0.8,0.9,8,0.533333333333333,0.839625,1,0.160375
"TasicBrain","Brain","Mouse","OpenAICell-Calibrated","openai","gpt-5",3,"none",0,10,0.9,1,2,0.133333333333333,0.955,1,0.045
"TasicBrain","Brain","Mouse","OpenAICell-SelfRefined","openai","gpt-5",3,"evidence-k",0,1,0,0.1,0,0,NA,NA,NA
"TasicBrain","Brain","Mouse","OpenAICell-SelfRefined","openai","gpt-5",3,"evidence-k",0,2,0.1,0.2,0,0,NA,NA,NA
"TasicBrain","Brain","Mouse","OpenAICell-SelfRefined","openai","gpt-5",3,"evidence-k",0,3,0.2,0.3,0,0,NA,NA,NA
"TasicBrain","Brain","Mouse","OpenAICell-SelfRefined","openai","gpt-5",3,"evidence-k",0,4,0.3,0.4,0,0,NA,NA,NA
"TasicBrain","Brain","Mouse","OpenAICell-SelfRefined","openai","gpt-5",3,"evidence-k",0,5,0.4,0.5,0,0,NA,NA,NA
"TasicBrain","Brain","Mouse","OpenAICell-SelfRefined","openai","gpt-5",3,"evidence-k",0,6,0.5,0.6,0,0,NA,NA,NA
"TasicBrain","Brain","Mouse","OpenAICell-SelfRefined","openai","gpt-5",3,"evidence-k",0,7,0.6,0.7,0,0,NA,NA,NA
"TasicBrain","Brain","Mouse","OpenAICell-SelfRefined","openai","gpt-5",3,"evidence-k",0,8,0.7,0.8,5,0.333333333333333,0.7884,1,0.2116
"TasicBrain","Brain","Mouse","OpenAICell-SelfRefined","openai","gpt-5",3,"evidence-k",0,9,0.8,0.9,8,0.533333333333333,0.839625,1,0.160375
"TasicBrain","Brain","Mouse","OpenAICell-SelfRefined","openai","gpt-5",3,"evidence-k",0,10,0.9,1,2,0.133333333333333,0.955,1,0.045
"TasicBrain","Brain","Mouse","OpenAICell-RandomK","openai","gpt-5",3,"random-k",0,1,0,0.1,0,0,NA,NA,NA
"TasicBrain","Brain","Mouse","OpenAICell-RandomK","openai","gpt-5",3,"random-k",0,2,0.1,0.2,0,0,NA,NA,NA
"TasicBrain","Brain","Mouse","OpenAICell-RandomK","openai","gpt-5",3,"random-k",0,3,0.2,0.3,0,0,NA,NA,NA
"TasicBrain","Brain","Mouse","OpenAICell-RandomK","openai","gpt-5",3,"random-k",0,4,0.3,0.4,0,0,NA,NA,NA
"TasicBrain","Brain","Mouse","OpenAICell-RandomK","openai","gpt-5",3,"random-k",0,5,0.4,0.5,0,0,NA,NA,NA
"TasicBrain","Brain","Mouse","OpenAICell-RandomK","openai","gpt-5",3,"random-k",0,6,0.5,0.6,0,0,NA,NA,NA
"TasicBrain","Brain","Mouse","OpenAICell-RandomK","openai","gpt-5",3,"random-k",0,7,0.6,0.7,0,0,NA,NA,NA
"TasicBrain","Brain","Mouse","OpenAICell-RandomK","openai","gpt-5",3,"random-k",0,8,0.7,0.8,5,0.333333333333333,0.7884,1,0.2116
"TasicBrain","Brain","Mouse","OpenAICell-RandomK","openai","gpt-5",3,"random-k",0,9,0.8,0.9,8,0.533333333333333,0.839625,1,0.160375
"TasicBrain","Brain","Mouse","OpenAICell-RandomK","openai","gpt-5",3,"random-k",0,10,0.9,1,2,0.133333333333333,0.955,1,0.045
"TasicBrain","Brain","Mouse","OpenAICell-ConfidenceK","openai","gpt-5",3,"confidence-k",0,1,0,0.1,0,0,NA,NA,NA
"TasicBrain","Brain","Mouse","OpenAICell-ConfidenceK","openai","gpt-5",3,"confidence-k",0,2,0.1,0.2,0,0,NA,NA,NA
"TasicBrain","Brain","Mouse","OpenAICell-ConfidenceK","openai","gpt-5",3,"confidence-k",0,3,0.2,0.3,0,0,NA,NA,NA
"TasicBrain","Brain","Mouse","OpenAICell-ConfidenceK","openai","gpt-5",3,"confidence-k",0,4,0.3,0.4,0,0,NA,NA,NA
"TasicBrain","Brain","Mouse","OpenAICell-ConfidenceK","openai","gpt-5",3,"confidence-k",0,5,0.4,0.5,0,0,NA,NA,NA
"TasicBrain","Brain","Mouse","OpenAICell-ConfidenceK","openai","gpt-5",3,"confidence-k",0,6,0.5,0.6,0,0,NA,NA,NA
"TasicBrain","Brain","Mouse","OpenAICell-ConfidenceK","openai","gpt-5",3,"confidence-k",0,7,0.6,0.7,0,0,NA,NA,NA
"TasicBrain","Brain","Mouse","OpenAICell-ConfidenceK","openai","gpt-5",3,"confidence-k",0,8,0.7,0.8,5,0.333333333333333,0.7884,1,0.2116
"TasicBrain","Brain","Mouse","OpenAICell-ConfidenceK","openai","gpt-5",3,"confidence-k",0,9,0.8,0.9,8,0.533333333333333,0.839625,1,0.160375
"TasicBrain","Brain","Mouse","OpenAICell-ConfidenceK","openai","gpt-5",3,"confidence-k",0,10,0.9,1,2,0.133333333333333,0.955,1,0.045
"TasicBrain","Brain","Mouse","OpenAICell-NoOntologyK","openai","gpt-5",3,"evidence-no-ontology-k",0,1,0,0.1,0,0,NA,NA,NA
"TasicBrain","Brain","Mouse","OpenAICell-NoOntologyK","openai","gpt-5",3,"evidence-no-ontology-k",0,2,0.1,0.2,0,0,NA,NA,NA
"TasicBrain","Brain","Mouse","OpenAICell-NoOntologyK","openai","gpt-5",3,"evidence-no-ontology-k",0,3,0.2,0.3,0,0,NA,NA,NA
"TasicBrain","Brain","Mouse","OpenAICell-NoOntologyK","openai","gpt-5",3,"evidence-no-ontology-k",0,4,0.3,0.4,0,0,NA,NA,NA
"TasicBrain","Brain","Mouse","OpenAICell-NoOntologyK","openai","gpt-5",3,"evidence-no-ontology-k",0,5,0.4,0.5,0,0,NA,NA,NA
"TasicBrain","Brain","Mouse","OpenAICell-NoOntologyK","openai","gpt-5",3,"evidence-no-ontology-k",0,6,0.5,0.6,0,0,NA,NA,NA
"TasicBrain","Brain","Mouse","OpenAICell-NoOntologyK","openai","gpt-5",3,"evidence-no-ontology-k",0,7,0.6,0.7,0,0,NA,NA,NA
"TasicBrain","Brain","Mouse","OpenAICell-NoOntologyK","openai","gpt-5",3,"evidence-no-ontology-k",0,8,0.7,0.8,5,0.333333333333333,0.7884,1,0.2116
"TasicBrain","Brain","Mouse","OpenAICell-NoOntologyK","openai","gpt-5",3,"evidence-no-ontology-k",0,9,0.8,0.9,8,0.533333333333333,0.839625,1,0.160375
"TasicBrain","Brain","Mouse","OpenAICell-NoOntologyK","openai","gpt-5",3,"evidence-no-ontology-k",0,10,0.9,1,2,0.133333333333333,0.955,1,0.045
"TasicBrain","Brain","Mouse","OpenAICell-FullRefined","openai","gpt-5",3,"full",15,1,0,0.1,0,0,NA,NA,NA
"TasicBrain","Brain","Mouse","OpenAICell-FullRefined","openai","gpt-5",3,"full",15,2,0.1,0.2,0,0,NA,NA,NA
"TasicBrain","Brain","Mouse","OpenAICell-FullRefined","openai","gpt-5",3,"full",15,3,0.2,0.3,0,0,NA,NA,NA
"TasicBrain","Brain","Mouse","OpenAICell-FullRefined","openai","gpt-5",3,"full",15,4,0.3,0.4,0,0,NA,NA,NA
"TasicBrain","Brain","Mouse","OpenAICell-FullRefined","openai","gpt-5",3,"full",15,5,0.4,0.5,0,0,NA,NA,NA
"TasicBrain","Brain","Mouse","OpenAICell-FullRefined","openai","gpt-5",3,"full",15,6,0.5,0.6,0,0,NA,NA,NA
"TasicBrain","Brain","Mouse","OpenAICell-FullRefined","openai","gpt-5",3,"full",15,7,0.6,0.7,0,0,NA,NA,NA
"TasicBrain","Brain","Mouse","OpenAICell-FullRefined","openai","gpt-5",3,"full",15,8,0.7,0.8,5,0.333333333333333,0.7918,1,0.2082
"TasicBrain","Brain","Mouse","OpenAICell-FullRefined","openai","gpt-5",3,"full",15,9,0.8,0.9,8,0.533333333333333,0.841375,1,0.158625
"TasicBrain","Brain","Mouse","OpenAICell-FullRefined","openai","gpt-5",3,"full",15,10,0.9,1,2,0.133333333333333,0.955,1,0.045
"ZeiselBrain","Brain","Mouse","OpenAI-Plain","openai","gpt-5",3,"none",0,1,0,0.1,0,0,NA,NA,NA
"ZeiselBrain","Brain","Mouse","OpenAI-Plain","openai","gpt-5",3,"none",0,2,0.1,0.2,0,0,NA,NA,NA
"ZeiselBrain","Brain","Mouse","OpenAI-Plain","openai","gpt-5",3,"none",0,3,0.2,0.3,0,0,NA,NA,NA
"ZeiselBrain","Brain","Mouse","OpenAI-Plain","openai","gpt-5",3,"none",0,4,0.3,0.4,0,0,NA,NA,NA
"ZeiselBrain","Brain","Mouse","OpenAI-Plain","openai","gpt-5",3,"none",0,5,0.4,0.5,0,0,NA,NA,NA
"ZeiselBrain","Brain","Mouse","OpenAI-Plain","openai","gpt-5",3,"none",0,6,0.5,0.6,2,0.125,0.6,0.5,0.1
"ZeiselBrain","Brain","Mouse","OpenAI-Plain","openai","gpt-5",3,"none",0,7,0.6,0.7,2,0.125,0.7,1,0.3
"ZeiselBrain","Brain","Mouse","OpenAI-Plain","openai","gpt-5",3,"none",0,8,0.7,0.8,0,0,NA,NA,NA
"ZeiselBrain","Brain","Mouse","OpenAI-Plain","openai","gpt-5",3,"none",0,9,0.8,0.9,4,0.25,0.8875,0.75,0.1375
"ZeiselBrain","Brain","Mouse","OpenAI-Plain","openai","gpt-5",3,"none",0,10,0.9,1,8,0.5,0.97625,0.875,0.10125
"ZeiselBrain","Brain","Mouse","OpenAICell-Evidence","openai","gpt-5",3,"none",0,1,0,0.1,0,0,NA,NA,NA
"ZeiselBrain","Brain","Mouse","OpenAICell-Evidence","openai","gpt-5",3,"none",0,2,0.1,0.2,0,0,NA,NA,NA
"ZeiselBrain","Brain","Mouse","OpenAICell-Evidence","openai","gpt-5",3,"none",0,3,0.2,0.3,0,0,NA,NA,NA
"ZeiselBrain","Brain","Mouse","OpenAICell-Evidence","openai","gpt-5",3,"none",0,4,0.3,0.4,0,0,NA,NA,NA
"ZeiselBrain","Brain","Mouse","OpenAICell-Evidence","openai","gpt-5",3,"none",0,5,0.4,0.5,0,0,NA,NA,NA
"ZeiselBrain","Brain","Mouse","OpenAICell-Evidence","openai","gpt-5",3,"none",0,6,0.5,0.6,2,0.125,0.6,0.5,0.1
"ZeiselBrain","Brain","Mouse","OpenAICell-Evidence","openai","gpt-5",3,"none",0,7,0.6,0.7,2,0.125,0.7,1,0.3
"ZeiselBrain","Brain","Mouse","OpenAICell-Evidence","openai","gpt-5",3,"none",0,8,0.7,0.8,0,0,NA,NA,NA
"ZeiselBrain","Brain","Mouse","OpenAICell-Evidence","openai","gpt-5",3,"none",0,9,0.8,0.9,4,0.25,0.8875,0.75,0.1375
"ZeiselBrain","Brain","Mouse","OpenAICell-Evidence","openai","gpt-5",3,"none",0,10,0.9,1,8,0.5,0.97625,0.875,0.10125
"ZeiselBrain","Brain","Mouse","OpenAICell-Calibrated","openai","gpt-5",3,"none",0,1,0,0.1,0,0,NA,NA,NA
"ZeiselBrain","Brain","Mouse","OpenAICell-Calibrated","openai","gpt-5",3,"none",0,2,0.1,0.2,0,0,NA,NA,NA
"ZeiselBrain","Brain","Mouse","OpenAICell-Calibrated","openai","gpt-5",3,"none",0,3,0.2,0.3,0,0,NA,NA,NA
"ZeiselBrain","Brain","Mouse","OpenAICell-Calibrated","openai","gpt-5",3,"none",0,4,0.3,0.4,0,0,NA,NA,NA
"ZeiselBrain","Brain","Mouse","OpenAICell-Calibrated","openai","gpt-5",3,"none",0,5,0.4,0.5,0,0,NA,NA,NA
"ZeiselBrain","Brain","Mouse","OpenAICell-Calibrated","openai","gpt-5",3,"none",0,6,0.5,0.6,0,0,NA,NA,NA
"ZeiselBrain","Brain","Mouse","OpenAICell-Calibrated","openai","gpt-5",3,"none",0,7,0.6,0.7,0,0,NA,NA,NA
"ZeiselBrain","Brain","Mouse","OpenAICell-Calibrated","openai","gpt-5",3,"none",0,8,0.7,0.8,7,0.4375,0.753571428571429,0.714285714285714,0.0392857142857143
"ZeiselBrain","Brain","Mouse","OpenAICell-Calibrated","openai","gpt-5",3,"none",0,9,0.8,0.9,5,0.3125,0.8424,0.8,0.0423999999999999
"ZeiselBrain","Brain","Mouse","OpenAICell-Calibrated","openai","gpt-5",3,"none",0,10,0.9,1,4,0.25,0.9425,1,0.0575
"ZeiselBrain","Brain","Mouse","OpenAICell-SelfRefined","openai","gpt-5",3,"evidence-k",1,1,0,0.1,0,0,NA,NA,NA
"ZeiselBrain","Brain","Mouse","OpenAICell-SelfRefined","openai","gpt-5",3,"evidence-k",1,2,0.1,0.2,0,0,NA,NA,NA
"ZeiselBrain","Brain","Mouse","OpenAICell-SelfRefined","openai","gpt-5",3,"evidence-k",1,3,0.2,0.3,0,0,NA,NA,NA
"ZeiselBrain","Brain","Mouse","OpenAICell-SelfRefined","openai","gpt-5",3,"evidence-k",1,4,0.3,0.4,0,0,NA,NA,NA
"ZeiselBrain","Brain","Mouse","OpenAICell-SelfRefined","openai","gpt-5",3,"evidence-k",1,5,0.4,0.5,0,0,NA,NA,NA
"ZeiselBrain","Brain","Mouse","OpenAICell-SelfRefined","openai","gpt-5",3,"evidence-k",1,6,0.5,0.6,0,0,NA,NA,NA
"ZeiselBrain","Brain","Mouse","OpenAICell-SelfRefined","openai","gpt-5",3,"evidence-k",1,7,0.6,0.7,0,0,NA,NA,NA
"ZeiselBrain","Brain","Mouse","OpenAICell-SelfRefined","openai","gpt-5",3,"evidence-k",1,8,0.7,0.8,6,0.375,0.759333333333333,0.833333333333333,0.0740000000000001
"ZeiselBrain","Brain","Mouse","OpenAICell-SelfRefined","openai","gpt-5",3,"evidence-k",1,9,0.8,0.9,6,0.375,0.846833333333333,0.833333333333333,0.0135
"ZeiselBrain","Brain","Mouse","OpenAICell-SelfRefined","openai","gpt-5",3,"evidence-k",1,10,0.9,1,4,0.25,0.9425,1,0.0575
"ZeiselBrain","Brain","Mouse","OpenAICell-RandomK","openai","gpt-5",3,"random-k",1,1,0,0.1,0,0,NA,NA,NA
"ZeiselBrain","Brain","Mouse","OpenAICell-RandomK","openai","gpt-5",3,"random-k",1,2,0.1,0.2,0,0,NA,NA,NA
"ZeiselBrain","Brain","Mouse","OpenAICell-RandomK","openai","gpt-5",3,"random-k",1,3,0.2,0.3,0,0,NA,NA,NA
"ZeiselBrain","Brain","Mouse","OpenAICell-RandomK","openai","gpt-5",3,"random-k",1,4,0.3,0.4,0,0,NA,NA,NA
"ZeiselBrain","Brain","Mouse","OpenAICell-RandomK","openai","gpt-5",3,"random-k",1,5,0.4,0.5,0,0,NA,NA,NA
"ZeiselBrain","Brain","Mouse","OpenAICell-RandomK","openai","gpt-5",3,"random-k",1,6,0.5,0.6,0,0,NA,NA,NA
"ZeiselBrain","Brain","Mouse","OpenAICell-RandomK","openai","gpt-5",3,"random-k",1,7,0.6,0.7,0,0,NA,NA,NA
"ZeiselBrain","Brain","Mouse","OpenAICell-RandomK","openai","gpt-5",3,"random-k",1,8,0.7,0.8,7,0.4375,0.753571428571429,0.714285714285714,0.0392857142857143
"ZeiselBrain","Brain","Mouse","OpenAICell-RandomK","openai","gpt-5",3,"random-k",1,9,0.8,0.9,5,0.3125,0.8424,0.8,0.0423999999999999
"ZeiselBrain","Brain","Mouse","OpenAICell-RandomK","openai","gpt-5",3,"random-k",1,10,0.9,1,4,0.25,0.9425,1,0.0575
"ZeiselBrain","Brain","Mouse","OpenAICell-ConfidenceK","openai","gpt-5",3,"confidence-k",1,1,0,0.1,0,0,NA,NA,NA
"ZeiselBrain","Brain","Mouse","OpenAICell-ConfidenceK","openai","gpt-5",3,"confidence-k",1,2,0.1,0.2,0,0,NA,NA,NA
"ZeiselBrain","Brain","Mouse","OpenAICell-ConfidenceK","openai","gpt-5",3,"confidence-k",1,3,0.2,0.3,0,0,NA,NA,NA
"ZeiselBrain","Brain","Mouse","OpenAICell-ConfidenceK","openai","gpt-5",3,"confidence-k",1,4,0.3,0.4,0,0,NA,NA,NA
"ZeiselBrain","Brain","Mouse","OpenAICell-ConfidenceK","openai","gpt-5",3,"confidence-k",1,5,0.4,0.5,0,0,NA,NA,NA
"ZeiselBrain","Brain","Mouse","OpenAICell-ConfidenceK","openai","gpt-5",3,"confidence-k",1,6,0.5,0.6,0,0,NA,NA,NA
"ZeiselBrain","Brain","Mouse","OpenAICell-ConfidenceK","openai","gpt-5",3,"confidence-k",1,7,0.6,0.7,0,0,NA,NA,NA
"ZeiselBrain","Brain","Mouse","OpenAICell-ConfidenceK","openai","gpt-5",3,"confidence-k",1,8,0.7,0.8,7,0.4375,0.759571428571429,0.714285714285714,0.0452857142857143
"ZeiselBrain","Brain","Mouse","OpenAICell-ConfidenceK","openai","gpt-5",3,"confidence-k",1,9,0.8,0.9,5,0.3125,0.8424,0.8,0.0423999999999999
"ZeiselBrain","Brain","Mouse","OpenAICell-ConfidenceK","openai","gpt-5",3,"confidence-k",1,10,0.9,1,4,0.25,0.9425,1,0.0575
"ZeiselBrain","Brain","Mouse","OpenAICell-NoOntologyK","openai","gpt-5",3,"evidence-no-ontology-k",1,1,0,0.1,0,0,NA,NA,NA
"ZeiselBrain","Brain","Mouse","OpenAICell-NoOntologyK","openai","gpt-5",3,"evidence-no-ontology-k",1,2,0.1,0.2,0,0,NA,NA,NA
"ZeiselBrain","Brain","Mouse","OpenAICell-NoOntologyK","openai","gpt-5",3,"evidence-no-ontology-k",1,3,0.2,0.3,0,0,NA,NA,NA
"ZeiselBrain","Brain","Mouse","OpenAICell-NoOntologyK","openai","gpt-5",3,"evidence-no-ontology-k",1,4,0.3,0.4,0,0,NA,NA,NA
"ZeiselBrain","Brain","Mouse","OpenAICell-NoOntologyK","openai","gpt-5",3,"evidence-no-ontology-k",1,5,0.4,0.5,0,0,NA,NA,NA
"ZeiselBrain","Brain","Mouse","OpenAICell-NoOntologyK","openai","gpt-5",3,"evidence-no-ontology-k",1,6,0.5,0.6,0,0,NA,NA,NA
"ZeiselBrain","Brain","Mouse","OpenAICell-NoOntologyK","openai","gpt-5",3,"evidence-no-ontology-k",1,7,0.6,0.7,0,0,NA,NA,NA
"ZeiselBrain","Brain","Mouse","OpenAICell-NoOntologyK","openai","gpt-5",3,"evidence-no-ontology-k",1,8,0.7,0.8,6,0.375,0.759333333333333,0.833333333333333,0.0740000000000001
"ZeiselBrain","Brain","Mouse","OpenAICell-NoOntologyK","openai","gpt-5",3,"evidence-no-ontology-k",1,9,0.8,0.9,6,0.375,0.846833333333333,0.833333333333333,0.0135
"ZeiselBrain","Brain","Mouse","OpenAICell-NoOntologyK","openai","gpt-5",3,"evidence-no-ontology-k",1,10,0.9,1,4,0.25,0.9425,1,0.0575
"ZeiselBrain","Brain","Mouse","OpenAICell-FullRefined","openai","gpt-5",3,"full",16,1,0,0.1,0,0,NA,NA,NA
"ZeiselBrain","Brain","Mouse","OpenAICell-FullRefined","openai","gpt-5",3,"full",16,2,0.1,0.2,0,0,NA,NA,NA
"ZeiselBrain","Brain","Mouse","OpenAICell-FullRefined","openai","gpt-5",3,"full",16,3,0.2,0.3,0,0,NA,NA,NA
"ZeiselBrain","Brain","Mouse","OpenAICell-FullRefined","openai","gpt-5",3,"full",16,4,0.3,0.4,0,0,NA,NA,NA
"ZeiselBrain","Brain","Mouse","OpenAICell-FullRefined","openai","gpt-5",3,"full",16,5,0.4,0.5,0,0,NA,NA,NA
"ZeiselBrain","Brain","Mouse","OpenAICell-FullRefined","openai","gpt-5",3,"full",16,6,0.5,0.6,0,0,NA,NA,NA
"ZeiselBrain","Brain","Mouse","OpenAICell-FullRefined","openai","gpt-5",3,"full",16,7,0.6,0.7,2,0.125,0.669,0.5,0.169
"ZeiselBrain","Brain","Mouse","OpenAICell-FullRefined","openai","gpt-5",3,"full",16,8,0.7,0.8,4,0.25,0.76125,0.75,0.01125
"ZeiselBrain","Brain","Mouse","OpenAICell-FullRefined","openai","gpt-5",3,"full",16,9,0.8,0.9,6,0.375,0.853166666666667,1,0.146833333333333
"ZeiselBrain","Brain","Mouse","OpenAICell-FullRefined","openai","gpt-5",3,"full",16,10,0.9,1,4,0.25,0.9445,1,0.0555
"ZilionisLung","Lung","Human","OpenAI-Plain","openai","gpt-5",3,"none",0,1,0,0.1,0,0,NA,NA,NA
"ZilionisLung","Lung","Human","OpenAI-Plain","openai","gpt-5",3,"none",0,2,0.1,0.2,0,0,NA,NA,NA
"ZilionisLung","Lung","Human","OpenAI-Plain","openai","gpt-5",3,"none",0,3,0.2,0.3,0,0,NA,NA,NA
"ZilionisLung","Lung","Human","OpenAI-Plain","openai","gpt-5",3,"none",0,4,0.3,0.4,1,0.0555555555555556,0.4,0,0.4
"ZilionisLung","Lung","Human","OpenAI-Plain","openai","gpt-5",3,"none",0,5,0.4,0.5,0,0,NA,NA,NA
"ZilionisLung","Lung","Human","OpenAI-Plain","openai","gpt-5",3,"none",0,6,0.5,0.6,2,0.111111111111111,0.575,1,0.425
"ZilionisLung","Lung","Human","OpenAI-Plain","openai","gpt-5",3,"none",0,7,0.6,0.7,4,0.222222222222222,0.6875,0.75,0.0625
"ZilionisLung","Lung","Human","OpenAI-Plain","openai","gpt-5",3,"none",0,8,0.7,0.8,0,0,NA,NA,NA
"ZilionisLung","Lung","Human","OpenAI-Plain","openai","gpt-5",3,"none",0,9,0.8,0.9,4,0.222222222222222,0.8875,0.75,0.1375
"ZilionisLung","Lung","Human","OpenAI-Plain","openai","gpt-5",3,"none",0,10,0.9,1,7,0.388888888888889,0.974285714285714,0.857142857142857,0.117142857142857
"ZilionisLung","Lung","Human","OpenAICell-Evidence","openai","gpt-5",3,"none",0,1,0,0.1,0,0,NA,NA,NA
"ZilionisLung","Lung","Human","OpenAICell-Evidence","openai","gpt-5",3,"none",0,2,0.1,0.2,0,0,NA,NA,NA
"ZilionisLung","Lung","Human","OpenAICell-Evidence","openai","gpt-5",3,"none",0,3,0.2,0.3,0,0,NA,NA,NA
"ZilionisLung","Lung","Human","OpenAICell-Evidence","openai","gpt-5",3,"none",0,4,0.3,0.4,1,0.0555555555555556,0.4,0,0.4
"ZilionisLung","Lung","Human","OpenAICell-Evidence","openai","gpt-5",3,"none",0,5,0.4,0.5,0,0,NA,NA,NA
"ZilionisLung","Lung","Human","OpenAICell-Evidence","openai","gpt-5",3,"none",0,6,0.5,0.6,2,0.111111111111111,0.575,1,0.425
"ZilionisLung","Lung","Human","OpenAICell-Evidence","openai","gpt-5",3,"none",0,7,0.6,0.7,4,0.222222222222222,0.6875,0.75,0.0625
"ZilionisLung","Lung","Human","OpenAICell-Evidence","openai","gpt-5",3,"none",0,8,0.7,0.8,0,0,NA,NA,NA
"ZilionisLung","Lung","Human","OpenAICell-Evidence","openai","gpt-5",3,"none",0,9,0.8,0.9,4,0.222222222222222,0.8875,0.75,0.1375
"ZilionisLung","Lung","Human","OpenAICell-Evidence","openai","gpt-5",3,"none",0,10,0.9,1,7,0.388888888888889,0.974285714285714,0.857142857142857,0.117142857142857
"ZilionisLung","Lung","Human","OpenAICell-Calibrated","openai","gpt-5",3,"none",0,1,0,0.1,0,0,NA,NA,NA
"ZilionisLung","Lung","Human","OpenAICell-Calibrated","openai","gpt-5",3,"none",0,2,0.1,0.2,0,0,NA,NA,NA
"ZilionisLung","Lung","Human","OpenAICell-Calibrated","openai","gpt-5",3,"none",0,3,0.2,0.3,0,0,NA,NA,NA
"ZilionisLung","Lung","Human","OpenAICell-Calibrated","openai","gpt-5",3,"none",0,4,0.3,0.4,0,0,NA,NA,NA
"ZilionisLung","Lung","Human","OpenAICell-Calibrated","openai","gpt-5",3,"none",0,5,0.4,0.5,1,0.0555555555555556,0.5,0,0.5
"ZilionisLung","Lung","Human","OpenAICell-Calibrated","openai","gpt-5",3,"none",0,6,0.5,0.6,0,0,NA,NA,NA
"ZilionisLung","Lung","Human","OpenAICell-Calibrated","openai","gpt-5",3,"none",0,7,0.6,0.7,2,0.111111111111111,0.685,0.5,0.185
"ZilionisLung","Lung","Human","OpenAICell-Calibrated","openai","gpt-5",3,"none",0,8,0.7,0.8,10,0.555555555555556,0.7463,0.9,0.1537
"ZilionisLung","Lung","Human","OpenAICell-Calibrated","openai","gpt-5",3,"none",0,9,0.8,0.9,1,0.0555555555555556,0.823,1,0.177
"ZilionisLung","Lung","Human","OpenAICell-Calibrated","openai","gpt-5",3,"none",0,10,0.9,1,4,0.222222222222222,0.922,0.75,0.172
"ZilionisLung","Lung","Human","OpenAICell-SelfRefined","openai","gpt-5",3,"evidence-k",1,1,0,0.1,0,0,NA,NA,NA
"ZilionisLung","Lung","Human","OpenAICell-SelfRefined","openai","gpt-5",3,"evidence-k",1,2,0.1,0.2,0,0,NA,NA,NA
"ZilionisLung","Lung","Human","OpenAICell-SelfRefined","openai","gpt-5",3,"evidence-k",1,3,0.2,0.3,0,0,NA,NA,NA
"ZilionisLung","Lung","Human","OpenAICell-SelfRefined","openai","gpt-5",3,"evidence-k",1,4,0.3,0.4,0,0,NA,NA,NA
"ZilionisLung","Lung","Human","OpenAICell-SelfRefined","openai","gpt-5",3,"evidence-k",1,5,0.4,0.5,1,0.0555555555555556,0.5,0,0.5
"ZilionisLung","Lung","Human","OpenAICell-SelfRefined","openai","gpt-5",3,"evidence-k",1,6,0.5,0.6,1,0.0555555555555556,0.58,1,0.42
"ZilionisLung","Lung","Human","OpenAICell-SelfRefined","openai","gpt-5",3,"evidence-k",1,7,0.6,0.7,1,0.0555555555555556,0.675,0,0.675
"ZilionisLung","Lung","Human","OpenAICell-SelfRefined","openai","gpt-5",3,"evidence-k",1,8,0.7,0.8,10,0.555555555555556,0.7463,0.9,0.1537
"ZilionisLung","Lung","Human","OpenAICell-SelfRefined","openai","gpt-5",3,"evidence-k",1,9,0.8,0.9,1,0.0555555555555556,0.823,1,0.177
"ZilionisLung","Lung","Human","OpenAICell-SelfRefined","openai","gpt-5",3,"evidence-k",1,10,0.9,1,4,0.222222222222222,0.922,0.75,0.172
"ZilionisLung","Lung","Human","OpenAICell-RandomK","openai","gpt-5",3,"random-k",1,1,0,0.1,0,0,NA,NA,NA
"ZilionisLung","Lung","Human","OpenAICell-RandomK","openai","gpt-5",3,"random-k",1,2,0.1,0.2,0,0,NA,NA,NA
"ZilionisLung","Lung","Human","OpenAICell-RandomK","openai","gpt-5",3,"random-k",1,3,0.2,0.3,0,0,NA,NA,NA
"ZilionisLung","Lung","Human","OpenAICell-RandomK","openai","gpt-5",3,"random-k",1,4,0.3,0.4,0,0,NA,NA,NA
"ZilionisLung","Lung","Human","OpenAICell-RandomK","openai","gpt-5",3,"random-k",1,5,0.4,0.5,1,0.0555555555555556,0.5,0,0.5
"ZilionisLung","Lung","Human","OpenAICell-RandomK","openai","gpt-5",3,"random-k",1,6,0.5,0.6,0,0,NA,NA,NA
"ZilionisLung","Lung","Human","OpenAICell-RandomK","openai","gpt-5",3,"random-k",1,7,0.6,0.7,2,0.111111111111111,0.685,0.5,0.185
"ZilionisLung","Lung","Human","OpenAICell-RandomK","openai","gpt-5",3,"random-k",1,8,0.7,0.8,10,0.555555555555556,0.7463,0.9,0.1537
"ZilionisLung","Lung","Human","OpenAICell-RandomK","openai","gpt-5",3,"random-k",1,9,0.8,0.9,1,0.0555555555555556,0.823,1,0.177
"ZilionisLung","Lung","Human","OpenAICell-RandomK","openai","gpt-5",3,"random-k",1,10,0.9,1,4,0.222222222222222,0.922,0.75,0.172
"ZilionisLung","Lung","Human","OpenAICell-ConfidenceK","openai","gpt-5",3,"confidence-k",1,1,0,0.1,0,0,NA,NA,NA
"ZilionisLung","Lung","Human","OpenAICell-ConfidenceK","openai","gpt-5",3,"confidence-k",1,2,0.1,0.2,0,0,NA,NA,NA
"ZilionisLung","Lung","Human","OpenAICell-ConfidenceK","openai","gpt-5",3,"confidence-k",1,3,0.2,0.3,0,0,NA,NA,NA
"ZilionisLung","Lung","Human","OpenAICell-ConfidenceK","openai","gpt-5",3,"confidence-k",1,4,0.3,0.4,0,0,NA,NA,NA
"ZilionisLung","Lung","Human","OpenAICell-ConfidenceK","openai","gpt-5",3,"confidence-k",1,5,0.4,0.5,0,0,NA,NA,NA
"ZilionisLung","Lung","Human","OpenAICell-ConfidenceK","openai","gpt-5",3,"confidence-k",1,6,0.5,0.6,0,0,NA,NA,NA
"ZilionisLung","Lung","Human","OpenAICell-ConfidenceK","openai","gpt-5",3,"confidence-k",1,7,0.6,0.7,2,0.111111111111111,0.685,0.5,0.185
"ZilionisLung","Lung","Human","OpenAICell-ConfidenceK","openai","gpt-5",3,"confidence-k",1,8,0.7,0.8,10,0.555555555555556,0.7463,0.9,0.1537
"ZilionisLung","Lung","Human","OpenAICell-ConfidenceK","openai","gpt-5",3,"confidence-k",1,9,0.8,0.9,2,0.111111111111111,0.835,0.5,0.335
"ZilionisLung","Lung","Human","OpenAICell-ConfidenceK","openai","gpt-5",3,"confidence-k",1,10,0.9,1,4,0.222222222222222,0.922,0.75,0.172
"ZilionisLung","Lung","Human","OpenAICell-NoOntologyK","openai","gpt-5",3,"evidence-no-ontology-k",1,1,0,0.1,0,0,NA,NA,NA
"ZilionisLung","Lung","Human","OpenAICell-NoOntologyK","openai","gpt-5",3,"evidence-no-ontology-k",1,2,0.1,0.2,0,0,NA,NA,NA
"ZilionisLung","Lung","Human","OpenAICell-NoOntologyK","openai","gpt-5",3,"evidence-no-ontology-k",1,3,0.2,0.3,0,0,NA,NA,NA
"ZilionisLung","Lung","Human","OpenAICell-NoOntologyK","openai","gpt-5",3,"evidence-no-ontology-k",1,4,0.3,0.4,0,0,NA,NA,NA
"ZilionisLung","Lung","Human","OpenAICell-NoOntologyK","openai","gpt-5",3,"evidence-no-ontology-k",1,5,0.4,0.5,1,0.0555555555555556,0.5,0,0.5
"ZilionisLung","Lung","Human","OpenAICell-NoOntologyK","openai","gpt-5",3,"evidence-no-ontology-k",1,6,0.5,0.6,0,0,NA,NA,NA
"ZilionisLung","Lung","Human","OpenAICell-NoOntologyK","openai","gpt-5",3,"evidence-no-ontology-k",1,7,0.6,0.7,1,0.0555555555555556,0.675,0,0.675
"ZilionisLung","Lung","Human","OpenAICell-NoOntologyK","openai","gpt-5",3,"evidence-no-ontology-k",1,8,0.7,0.8,10,0.555555555555556,0.7463,0.9,0.1537
"ZilionisLung","Lung","Human","OpenAICell-NoOntologyK","openai","gpt-5",3,"evidence-no-ontology-k",1,9,0.8,0.9,2,0.111111111111111,0.8435,0.5,0.3435
"ZilionisLung","Lung","Human","OpenAICell-NoOntologyK","openai","gpt-5",3,"evidence-no-ontology-k",1,10,0.9,1,4,0.222222222222222,0.922,0.75,0.172
"ZilionisLung","Lung","Human","OpenAICell-FullRefined","openai","gpt-5",3,"full",18,1,0,0.1,0,0,NA,NA,NA
"ZilionisLung","Lung","Human","OpenAICell-FullRefined","openai","gpt-5",3,"full",18,2,0.1,0.2,0,0,NA,NA,NA
"ZilionisLung","Lung","Human","OpenAICell-FullRefined","openai","gpt-5",3,"full",18,3,0.2,0.3,0,0,NA,NA,NA
"ZilionisLung","Lung","Human","OpenAICell-FullRefined","openai","gpt-5",3,"full",18,4,0.3,0.4,0,0,NA,NA,NA
"ZilionisLung","Lung","Human","OpenAICell-FullRefined","openai","gpt-5",3,"full",18,5,0.4,0.5,0,0,NA,NA,NA
"ZilionisLung","Lung","Human","OpenAICell-FullRefined","openai","gpt-5",3,"full",18,6,0.5,0.6,0,0,NA,NA,NA
"ZilionisLung","Lung","Human","OpenAICell-FullRefined","openai","gpt-5",3,"full",18,7,0.6,0.7,2,0.111111111111111,0.6955,1,0.3045
"ZilionisLung","Lung","Human","OpenAICell-FullRefined","openai","gpt-5",3,"full",18,8,0.7,0.8,8,0.444444444444444,0.757125,0.75,0.00712500000000005
"ZilionisLung","Lung","Human","OpenAICell-FullRefined","openai","gpt-5",3,"full",18,9,0.8,0.9,4,0.222222222222222,0.824,0.75,0.074
"ZilionisLung","Lung","Human","OpenAICell-FullRefined","openai","gpt-5",3,"full",18,10,0.9,1,4,0.222222222222222,0.922,0.75,0.172
