"RelativePath","Category","FileSizeBytes","MD5","ModifiedTime","RecommendedForArchive","Notes"
"results/benchmark_accuracy.pdf","benchmark_figure",7937,"5c8c988eb49b28bc83112fe30b7b2ee8","2026-07-19T06:18:51+0800",TRUE,""
"results/benchmark_clade_accuracy.pdf","benchmark_figure",7890,"93ec1ca863d2b1fbb905d829861a9c0c","2026-07-19T06:18:52+0800",TRUE,""
"results/benchmark_macroF1.pdf","benchmark_figure",8002,"c5a9d07756667f282adcc267bbe85250","2026-07-19T06:18:51+0800",TRUE,""
"results/benchmark_runtime.pdf","benchmark_figure",8424,"7d5edd4d2f2aa50b708c22ccfa2e2d84","2026-07-19T06:18:52+0800",TRUE,""
"results/biological_validation_lineage_consistency.pdf","benchmark_figure",4518,"e9d6848dc0c69283953ed7f02a4e3af4","2026-08-07T18:01:16+0800",TRUE,""
"results/biological_validation_marker_recovery_delta.pdf","benchmark_figure",5741,"be1ebe2a59e286ea8c74231719d22f3f","2026-08-07T18:01:16+0800",TRUE,""
"results/biological_validation_ontology_marker_delta.pdf","benchmark_figure",5899,"8eaa95b227b57d6d8b322b4ce0db5f92","2026-08-07T18:01:16+0800",TRUE,""
"results/external_robustness_smoke2_platform_efficiency.pdf","benchmark_figure",4383,"2b28b9e0c0cf64e08d9db2094c100a98","2026-08-06T16:57:26+0800",TRUE,""
"results/external_robustness_smoke2_runtime_scaling.pdf","benchmark_figure",4489,"398d42579d5571510b4830b96a61c03a","2026-08-06T16:57:27+0800",TRUE,""
"results/external_robustness_smoke2_scale_efficiency.pdf","benchmark_figure",4439,"e627f5321accd6a2340b97a699926c5a","2026-08-06T16:57:27+0800",TRUE,""
"results/external_robustness_smoke_platform_efficiency.pdf","benchmark_figure",4383,"d92a9d32bb2abc6bc5cf2792525da80a","2026-08-06T16:55:41+0800",TRUE,""
"results/external_robustness_smoke_runtime_scaling.pdf","benchmark_figure",4489,"288e632492fc8e9a09ce830afc12dcda","2026-08-06T16:55:42+0800",TRUE,""
"results/external_robustness_smoke_scale_efficiency.pdf","benchmark_figure",4439,"d75c121ed5315033f93f1c9eeffdcaf3","2026-08-06T16:55:42+0800",TRUE,""
"results/global_ARI.pdf","benchmark_figure",5391,"20f8f6b5c7071f744737a013d4b204fa","2026-07-19T06:18:53+0800",TRUE,""
"results/global_Accuracy.pdf","benchmark_figure",5385,"9aa6f3d57a2aca9a5011331fdcd2a62b","2026-07-19T06:18:53+0800",TRUE,""
"results/global_MacroF1.pdf","benchmark_figure",5393,"6e1ced43d320344dc444644846ff74b5","2026-07-19T06:18:53+0800",TRUE,""
"results/global_Runtime.pdf","benchmark_figure",5379,"05864158719da3fc1db37adf524a06b8","2026-07-19T06:18:53+0800",TRUE,""
"results/meta_benchmark_biological_error_taxonomy.pdf","benchmark_figure",4311,"eb5139e38c36e52fa896938fd465834c","2026-08-06T17:15:52+0800",TRUE,""
"results/meta_benchmark_decision_curves.pdf","benchmark_figure",6151,"5c77049035f46d712549fe706e911562","2026-08-06T17:15:51+0800",TRUE,""
"results/meta_benchmark_difficulty_vs_plain_macroF1.pdf","benchmark_figure",5173,"439d92abaccc4970667556c6ccca3dfa","2026-08-06T17:15:49+0800",TRUE,""
"results/meta_benchmark_difficulty_vs_selector_efficiency.pdf","benchmark_figure",6560,"a387d232a8c429d1a398e2db11d1dba1","2026-08-06T17:15:50+0800",TRUE,""
"results/meta_benchmark_pareto_macroF1_cost.pdf","benchmark_figure",9350,"5ca5d7000a444178fb69063054e9a3f1","2026-08-06T17:15:50+0800",TRUE,""
"results/meta_benchmark_reliability_curves.pdf","benchmark_figure",12486,"28d3afb0fb93f91cdc129c521853add4","2026-08-06T17:15:51+0800",TRUE,""
"results/meta_benchmark_with_risk_biological_error_taxonomy.pdf","benchmark_figure",4311,"bcaf07852a76c7999cf9806043254d84","2026-08-06T17:17:21+0800",TRUE,""
"results/meta_benchmark_with_risk_decision_curves.pdf","benchmark_figure",6666,"8688eb10815d60f4d33b6b9363b274c3","2026-08-06T17:17:21+0800",TRUE,""
"results/meta_benchmark_with_risk_difficulty_vs_plain_macroF1.pdf","benchmark_figure",5173,"98ce5640ff81b41f2dfd1ece08ba04c4","2026-08-06T17:17:18+0800",TRUE,""
"results/meta_benchmark_with_risk_difficulty_vs_selector_efficiency.pdf","benchmark_figure",6560,"852cbb1f56c03ff7c527ee85df5be8e2","2026-08-06T17:17:19+0800",TRUE,""
"results/meta_benchmark_with_risk_pareto_macroF1_cost.pdf","benchmark_figure",9350,"0c717cb1112e7f1a20a36cb1262f83cf","2026-08-06T17:17:19+0800",TRUE,""
"results/meta_benchmark_with_risk_reliability_curves.pdf","benchmark_figure",13322,"8f68a41e722c0e9b947829d7c0c129eb","2026-08-06T17:17:20+0800",TRUE,""
"results/ollama_multimodel_all_plain_selfrefined_delta.pdf","benchmark_figure",5497,"157a975ca6712a3c7e2876a2dc27ba18","2026-07-22T06:01:55+0800",TRUE,""
"results/ollama_multimodel_all_selector_efficiency.pdf","benchmark_figure",5247,"a1478469dcd15f530e41d0a105f5a84e","2026-07-22T06:01:54+0800",TRUE,""
"results/ollama_multimodel_baronpancreas_cost_performance.pdf","benchmark_figure",4935,"540df60439a50d53ed683bcf77499e0f","2026-07-20T05:15:21+0800",TRUE,""
"results/ollama_multimodel_baronpancreas_evidence_selection_matrix.pdf","benchmark_figure",4221,"1aa158b6f66ccb5f52e3625a2c372c4c","2026-07-20T05:15:20+0800",TRUE,""
"results/ollama_multimodel_baronpancreas_selector_efficiency.pdf","benchmark_figure",4669,"f9373e5c29af6922d474f82bf1098bce","2026-07-20T05:15:20+0800",TRUE,""
"results/ollama_multimodel_pbmc_cost_performance.pdf","benchmark_figure",4936,"f392df8a7a0654110301c05ab544ebee","2026-07-20T04:59:54+0800",TRUE,""
"results/ollama_multimodel_pbmc_evidence_selection_matrix.pdf","benchmark_figure",4200,"04218e48139ea1b9a116b2db74305362","2026-07-20T04:59:53+0800",TRUE,""
"results/ollama_multimodel_pbmc_selector_efficiency.pdf","benchmark_figure",4637,"5c6d0bd847c1fd7c0179a1696ee74ed4","2026-07-20T04:59:53+0800",TRUE,""
"results/ollama_multimodel_zilionislung_cost_performance.pdf","benchmark_figure",4995,"c690bc23dd72656d6492f35c8b2dddf6","2026-07-22T06:01:22+0800",TRUE,""
"results/ollama_multimodel_zilionislung_evidence_selection_matrix.pdf","benchmark_figure",4436,"d4bf9c2459d310d80f5374c2a07f97c1","2026-07-22T06:01:21+0800",TRUE,""
"results/ollama_multimodel_zilionislung_selector_efficiency.pdf","benchmark_figure",4943,"dc678c00bd476338bbe705ae5bda0f92","2026-07-22T06:01:21+0800",TRUE,""
"results/refinement_efficiency.pdf","benchmark_figure",5344,"81e16ded3358d61b68a9b0eaf252c25d","2026-07-19T07:52:52+0800",TRUE,""
"results/universal_reliability_transfer_auroc_transfer_heatmap.pdf","benchmark_figure",5471,"e60948f96b808be54b137c2204b05c89","2026-08-07T18:01:23+0800",TRUE,""
"results/universal_reliability_transfer_risk_calibration_by_model.pdf","benchmark_figure",7010,"442606244d4fe049d905215456f79969","2026-08-07T18:01:23+0800",TRUE,""
"results/universal_reliability_transfer_selector_efficiency_by_model.pdf","benchmark_figure",4628,"132f24e2a32855b8fb8650b6930f296d","2026-08-07T18:01:23+0800",TRUE,""
"results/universal_reliability_transfer_selector_overlap_by_model.pdf","benchmark_figure",5990,"ed9c33e28d6777ccccd20a43f269b314","2026-08-07T18:01:24+0800",TRUE,""
"benchmarks/ablation.R","benchmark_protocol_or_script",24094,"db86feb519428b566245f0b89bd0ad91","2026-07-19T22:23:17+0800",TRUE,""
"benchmarks/ablation_protocol.md","benchmark_protocol_or_script",5086,"2339a7bb7aa60ac7896ef51500174f74","2026-07-22T06:37:28+0800",TRUE,""
"benchmarks/analyse_biological_validation.R","benchmark_protocol_or_script",26083,"40c3c43faea4e0decd24fe7a5f81bab3","2026-08-07T17:55:02+0800",TRUE,""
"benchmarks/analyse_external_validation_meta_analysis.R","benchmark_protocol_or_script",18558,"efc4be09df85c9cb9d6d5ad9a88b429c","2026-08-07T15:54:52+0800",TRUE,""
"benchmarks/analyse_external_validation_robustness.R","benchmark_protocol_or_script",14922,"4666af7dde7d7d3e582bb3f9993174af","2026-08-06T16:53:01+0800",TRUE,""
"benchmarks/analyse_meta_benchmark.R","benchmark_protocol_or_script",35156,"5537f9bf00f4594458de5c1da099a538","2026-08-06T17:15:33+0800",TRUE,""
"benchmarks/analyse_reliability_generalization.R","benchmark_protocol_or_script",26775,"21b417389eb4fb8c56401fdef459b26d","2026-08-06T16:31:01+0800",TRUE,""
"benchmarks/analyse_selector_inference.R","benchmark_protocol_or_script",14635,"a5ac3990e070fbe3bb0f43cd771603b4","2026-08-07T17:27:16+0800",TRUE,""
"benchmarks/analyse_universal_reliability_transfer.R","benchmark_protocol_or_script",26640,"7dfc72a1bc139de3b3e29a20f03fab49","2026-08-07T16:52:42+0800",TRUE,""
"benchmarks/build_benchmark_release_manifest.R","benchmark_protocol_or_script",5197,"0542253aa89e6a0d261e7a5076aef7bc","2026-08-06T16:56:49+0800",TRUE,""
"benchmarks/config.R","benchmark_protocol_or_script",1764,"1d4baad263bed36a5bdb6553b9a28011","2026-07-19T21:03:49+0800",TRUE,""
"benchmarks/datasets.R","benchmark_protocol_or_script",21669,"aa5676420ed16c1848917e819ace132d","2026-07-20T02:25:46+0800",TRUE,""
"benchmarks/explain_reliability_model.R","benchmark_protocol_or_script",1841,"8d41c1035270bec96285f5da50f57681","2026-08-06T16:09:11+0800",TRUE,""
"benchmarks/external_datasets/adapter_protocol.md","benchmark_protocol_or_script",5506,"c995d4d51cf2b317a590d8c8ecce31e4","2026-08-07T16:36:37+0800",TRUE,""
"benchmarks/external_datasets/label_mappings/bunis_hspc.csv","benchmark_protocol_or_script",305,"6dad4c9e7a101e83a8a2217c075413b8","2026-08-06T20:26:22+0800",TRUE,""
"benchmarks/external_datasets/label_mappings/darmanis_brain.csv","benchmark_protocol_or_script",442,"b0fdd96fdf777b362dc46ddd02871591","2026-08-06T20:26:22+0800",TRUE,""
"benchmarks/external_datasets/label_mappings/lawlor_pancreas.csv","benchmark_protocol_or_script",277,"c1368cd808754065767816ffe1502281","2026-08-06T20:26:22+0800",TRUE,""
"benchmarks/external_datasets/label_mappings/marques_brain.csv","benchmark_protocol_or_script",766,"4c5368a5dd51d40ad30c7ac40a36ad82","2026-08-07T16:30:28+0800",TRUE,""
"benchmarks/external_datasets/label_mappings/nowakowski_cortex.csv","benchmark_protocol_or_script",1646,"b5cecffcb36f50acb10b5137744675f3","2026-08-07T16:30:28+0800",TRUE,""
"benchmarks/external_datasets/label_mappings/pollen_glia.csv","benchmark_protocol_or_script",172,"262c15f8994d72a621d2a8b45a26d191","2026-08-06T20:26:22+0800",TRUE,""
"benchmarks/external_datasets/label_mappings/romanov_brain.csv","benchmark_protocol_or_script",320,"af623e5184d3b4c592068ce978c70047","2026-08-07T16:30:28+0800",TRUE,""
"benchmarks/external_datasets/label_mappings/segerstolpe_pancreas.csv","benchmark_protocol_or_script",560,"b4c09bfed3792fa75cac029d4cad4cfe","2026-08-06T20:26:22+0800",TRUE,""
"benchmarks/external_datasets/label_mappings/wu_kidney_healthy.csv","benchmark_protocol_or_script",460,"a87eb3aabb1701c51a066d78a9bad97e","2026-08-06T20:26:22+0800",TRUE,""
"benchmarks/external_datasets/label_mappings/xin_pancreas.csv","benchmark_protocol_or_script",338,"f9842249d2b704ca8b03a5437306d2e8","2026-08-06T20:26:22+0800",TRUE,""
"benchmarks/external_datasets/label_mappings/zhong_prefrontal.csv","benchmark_protocol_or_script",309,"705553999ee47c7d446f3c8a74232a6f","2026-08-07T16:30:28+0800",TRUE,""
"benchmarks/external_datasets/prepare_all_external_datasets.R","benchmark_protocol_or_script",6502,"53e2098b862f929adf7c597e32ac29b7","2026-08-06T18:27:54+0800",TRUE,""
"benchmarks/external_datasets/prepare_motor_cortex2021.R","benchmark_protocol_or_script",1158,"f7e357a49ada510994faa769982f325f","2026-08-06T17:36:37+0800",TRUE,""
"benchmarks/external_datasets/prepare_segerstolpe2016.R","benchmark_protocol_or_script",1224,"4537d38c5802e45ab25e75e715b2cb8c","2026-08-06T17:36:24+0800",TRUE,""
"benchmarks/external_datasets/prepare_utils.R","benchmark_protocol_or_script",22257,"acfd9a2af4bfd733f5dc1c08a5582b6d","2026-08-06T20:25:02+0800",TRUE,""
"benchmarks/external_datasets/prepare_wilk2020.R","benchmark_protocol_or_script",1155,"284ba3c545060a487afee7522953bcd1","2026-08-06T17:36:09+0800",TRUE,""
"benchmarks/external_datasets/profile_scrnaseq_candidates.R","benchmark_protocol_or_script",7276,"a8fbd59d970d45f083c0a5cdb1b333c9","2026-08-07T16:12:42+0800",TRUE,""
"benchmarks/external_datasets/registry.csv","benchmark_protocol_or_script",11919,"e69607980157c806cdecce930f54b1cb","2026-08-07T16:30:57+0800",TRUE,""
"benchmarks/external_datasets/validate_prepared_dataset.R","benchmark_protocol_or_script",8101,"ecf176c0a88434b110e6896ac754e05b","2026-08-06T17:42:27+0800",TRUE,""
"benchmarks/external_validation_manifest.csv","benchmark_protocol_or_script",6441,"544eecda576029f4a5c3950f0bd63755","2026-08-07T16:34:48+0800",TRUE,""
"benchmarks/external_validation_manifest_template.csv","benchmark_protocol_or_script",1023,"c62e8f26eab4827f07a40cb271eed8c9","2026-08-06T16:53:51+0800",TRUE,""
"benchmarks/external_validation_protocol.md","benchmark_protocol_or_script",11368,"fc79370c4a3594fdea2b1eb59e25fdc5","2026-08-07T17:55:24+0800",TRUE,""
"benchmarks/generalization_protocol.md","benchmark_protocol_or_script",4818,"72051e866b92be4c45c949a4a321153d","2026-08-06T16:33:37+0800",TRUE,""
"benchmarks/meta_benchmark_protocol.md","benchmark_protocol_or_script",5169,"033f658aec90b1bf794352a4a46094dd","2026-08-06T17:16:43+0800",TRUE,""
"benchmarks/methods.R","benchmark_protocol_or_script",35555,"f3e1ae6bacbff00514d4001216e643cb","2026-08-06T20:35:03+0800",TRUE,""
"benchmarks/metrics.R","benchmark_protocol_or_script",6569,"01a41f1c887e25117f052c4017d57ecb","2026-07-18T02:17:02+0800",TRUE,""
"benchmarks/plot_global_results.R","benchmark_protocol_or_script",1447,"dda292a93f7a97f1ba2c4feddd7fe0b3","2026-06-13T00:33:57+0800",TRUE,""
"benchmarks/plot_results.R","benchmark_protocol_or_script",792,"356366f231ab9bff742c7f355453d84f","2026-06-08T14:58:48+0800",TRUE,""
"benchmarks/reproduce_submission_bundle.R","benchmark_protocol_or_script",9533,"7198ba935dd181a00abb2a5439fcd737","2026-08-07T17:55:46+0800",TRUE,""
"benchmarks/risk_model_protocol.md","benchmark_protocol_or_script",5734,"c6548fcc34eabbb99337af8c0b57c696","2026-08-06T16:33:45+0800",TRUE,""
"benchmarks/run_benchmark.R","benchmark_protocol_or_script",81609,"bd3391f00819580d8327f41c94e5e2cb","2026-08-06T21:01:18+0800",TRUE,""
"benchmarks/run_external_validation.R","benchmark_protocol_or_script",15220,"e6f370c2d848a173c0ffa95bb62941e8","2026-08-06T21:01:36+0800",TRUE,""
"benchmarks/run_ollama_multimodel_pilot.R","benchmark_protocol_or_script",18382,"d0083c73ef81399ca2183e753e6ad0fd","2026-07-22T05:43:25+0800",TRUE,""
"benchmarks/run_ollama_pilot.R","benchmark_protocol_or_script",2163,"10316efe7463991721f2b47d5b83a672","2026-07-20T02:27:45+0800",TRUE,""
"benchmarks/sensitivity_analysis.R","benchmark_protocol_or_script",12285,"ee5879e907ff4ff33d0b0c0e4c5c2eda","2026-08-06T15:18:45+0800",TRUE,""
"benchmarks/statistics.R","benchmark_protocol_or_script",11319,"4dcaef9d9ce51e179750212b04ec4efc","2026-07-22T05:42:44+0800",TRUE,""
"benchmarks/summarise_ollama_multimodel_pilots.R","benchmark_protocol_or_script",5772,"f4494c09438e2e677663e5f4cc9d15b4","2026-07-22T05:46:10+0800",TRUE,""
"benchmarks/train_reliability_model.R","benchmark_protocol_or_script",11699,"42726be3cac2b7d6c4f1f73b23089ae0","2026-08-06T16:25:29+0800",TRUE,""
"benchmarks/universal_reliability_benchmark_protocol.md","benchmark_protocol_or_script",3307,"fbb0ecb62ca043074c6b2d90c14b6768","2026-08-07T16:54:07+0800",TRUE,""
"benchmarks/write_reliability_spec.R","benchmark_protocol_or_script",5549,"c331aa0952c8dabfcb68fdc2df3244e7","2026-08-06T15:18:59+0800",TRUE,""
"results/ablation_confidence_quality.csv","benchmark_table",29444,"38024c1f7256f85cbd4bbf77721dbaee","2026-07-19T06:18:47+0800",TRUE,""
"results/ablation_refinement_behavior.csv","benchmark_table",17668,"3c98024002adc8d77024e70fe08a39f1","2026-07-19T07:06:12+0800",TRUE,""
"results/ablation_reliability_bins.csv","benchmark_table",125316,"bbd0edbbf68305811ccb6db967162d3a","2026-07-19T06:18:47+0800",TRUE,""
"results/benchmark_friedman_tests.csv","benchmark_table",2307,"5d2ac77c0a5ff9f6828da369cfc0917f","2026-07-19T06:18:49+0800",TRUE,""
"results/benchmark_llm_stability.csv","benchmark_table",541,"2cfdc365f1374f1e6e405a8f19702187","2026-07-19T06:18:49+0800",TRUE,""
"results/benchmark_pairwise_wilcoxon.csv","benchmark_table",6439,"240c747dc54b8a9d7d74773c8a23ffc9","2026-07-19T06:18:49+0800",TRUE,""
"results/benchmark_release_manifest.csv","benchmark_table",156979,"6bd13795c827abd880d2ba6e42618c13","2026-08-07T17:31:47+0800",TRUE,""
"results/benchmark_release_manifest_smoke.csv","benchmark_table",93060,"288e3ed927806bfa3cfb61f9b72365f8","2026-08-06T16:57:26+0800",TRUE,""
"results/benchmark_release_manifest_smoke_summary.csv","benchmark_table",371,"5a38e67311cea4a138f693d5c3417ca7","2026-08-06T16:57:26+0800",TRUE,""
"results/benchmark_release_manifest_summary.csv","benchmark_table",411,"9185ad2c910085a80bc77a3d9ead428a","2026-08-07T17:31:47+0800",TRUE,""
"results/benchmark_results_full.csv","benchmark_table",53789,"ca08e476b30f12961933b262b1814fdc","2026-07-19T06:18:47+0800",TRUE,""
"results/benchmark_results_summary.csv","benchmark_table",48353,"962f7f757f940d475424493e3ed07576","2026-07-19T06:18:47+0800",TRUE,""
"results/biological_validation_case_studies.csv","benchmark_table",43839,"b8d615d8434cda76f3ab2e2764c1162e","2026-08-07T18:01:15+0800",TRUE,""
"results/biological_validation_cluster_biological_validation.csv","benchmark_table",814190,"2b781dd63136ce78a9594bbd4871f140","2026-08-07T18:01:15+0800",TRUE,""
"results/biological_validation_corrected_clusters.csv","benchmark_table",16725,"dd6af0007426d36501477e6f89f38ac1","2026-08-07T18:01:15+0800",TRUE,""
"results/biological_validation_failure_taxonomy.csv","benchmark_table",3884,"4583dba3d5365c26dd8f03a2f3bcb9ab","2026-08-07T18:01:15+0800",TRUE,""
"results/biological_validation_summary_by_method.csv","benchmark_table",1655,"b1c685fddbf7ad6548c33c3961f1f5d2","2026-08-07T18:01:15+0800",TRUE,""
"results/celltypist_native_cell_metrics.csv","benchmark_table",1177,"1e70de3032f0e43ea45dc65f951e5294","2026-07-19T06:18:47+0800",TRUE,""
"results/cluster_summary.csv","benchmark_table",18987,"0ae9dd77ac0f389218fa09dedb7afcd1","2026-07-19T06:18:47+0800",TRUE,""
"results/dataset_summary.csv","benchmark_table",2237,"f31878494ab40e29af025616963caa85","2026-07-19T06:18:47+0800",TRUE,""
"results/external_dataset_audits/BunisHSPC_cluster_audit.csv","benchmark_table",1319,"ac4429e208d11765f81e1d9d5f1b0272","2026-08-06T20:36:53+0800",TRUE,""
"results/external_dataset_audits/BunisHSPC_dataset_audit.csv","benchmark_table",282,"c929a7095a834004adad6ead086b1134","2026-08-06T20:36:53+0800",TRUE,""
"results/external_dataset_audits/BunisHSPC_hashes.csv","benchmark_table",365,"2e0563ca4accc66512301aa4c07106ae","2026-08-06T20:36:53+0800",TRUE,""
"results/external_dataset_audits/BunisHSPC_validation.csv","benchmark_table",179,"2f1a7d61c90e8929894bda967a813ad5","2026-08-06T20:36:53+0800",TRUE,""
"results/external_dataset_audits/DarmanisBrain_cluster_audit.csv","benchmark_table",461,"c332cf4bdbc11514494838e806a527f1","2026-08-06T20:37:54+0800",TRUE,""
"results/external_dataset_audits/DarmanisBrain_dataset_audit.csv","benchmark_table",257,"e17afb0eda92a2f9ce74d03a02af6518","2026-08-06T20:37:54+0800",TRUE,""
"results/external_dataset_audits/DarmanisBrain_hashes.csv","benchmark_table",407,"82f95e28afc09f03673c8051bd3ca288","2026-08-06T20:37:54+0800",TRUE,""
"results/external_dataset_audits/DarmanisBrain_validation.csv","benchmark_table",182,"1b5958f2621cabce8563626114a73237","2026-08-06T20:37:54+0800",TRUE,""
"results/external_dataset_audits/LawlorPancreas_cluster_audit.csv","benchmark_table",375,"c91847b15e700b1cd2af92a58a87caef","2026-08-06T20:37:33+0800",TRUE,""
"results/external_dataset_audits/LawlorPancreas_dataset_audit.csv","benchmark_table",273,"4f42e8401eb350775d3176640b2b2618","2026-08-06T20:37:33+0800",TRUE,""
"results/external_dataset_audits/LawlorPancreas_hashes.csv","benchmark_table",380,"e4d8c16134bcc1122de141f6f6b90fca","2026-08-06T20:37:33+0800",TRUE,""
"results/external_dataset_audits/LawlorPancreas_validation.csv","benchmark_table",183,"392a74ba32608a81ec6a59b03f01cb6e","2026-08-06T20:37:33+0800",TRUE,""
"results/external_dataset_audits/MarquesBrain_cluster_audit.csv","benchmark_table",1078,"feb8ad88341f1a0ccf9bda95893e7697","2026-08-07T16:32:48+0800",TRUE,""
"results/external_dataset_audits/MarquesBrain_dataset_audit.csv","benchmark_table",270,"3915b49df1c2a0adb601fd5c71a8bd5f","2026-08-07T16:32:48+0800",TRUE,""
"results/external_dataset_audits/MarquesBrain_hashes.csv","benchmark_table",401,"b689d59274d2ef6e91687dcd57722261","2026-08-07T16:32:48+0800",TRUE,""
"results/external_dataset_audits/MarquesBrain_validation.csv","benchmark_table",182,"424ef0d1727fb3874353954c673a4187","2026-08-07T16:32:48+0800",TRUE,""
"results/external_dataset_audits/NestorowaHSC_cluster_audit.csv","benchmark_table",626,"7a47cce887457a147fd6a9b4713afd90","2026-08-06T19:01:24+0800",TRUE,""
"results/external_dataset_audits/NestorowaHSC_dataset_audit.csv","benchmark_table",284,"9c23123f99ac2209b50a4d4e3c717e4f","2026-08-06T19:01:24+0800",TRUE,""
"results/external_dataset_audits/NestorowaHSC_hashes.csv","benchmark_table",316,"41caf3e6824e7d62b064b53cccf56fcd","2026-08-06T19:01:24+0800",TRUE,""
"results/external_dataset_audits/NestorowaHSC_validation.csv","benchmark_table",181,"943601aacc25815d8f78a263eec99882","2026-08-06T19:01:24+0800",TRUE,""
"results/external_dataset_audits/NowakowskiCortex_cluster_audit.csv","benchmark_table",1031,"f4f79e7c92a8107426f5dc98b7182839","2026-08-07T16:32:11+0800",TRUE,""
"results/external_dataset_audits/NowakowskiCortex_dataset_audit.csv","benchmark_table",274,"091eaa77fac02df57d6052b2bcee8c89","2026-08-07T16:32:11+0800",TRUE,""
"results/external_dataset_audits/NowakowskiCortex_hashes.csv","benchmark_table",425,"b93621be027b0a8605bfb6840ea0d835","2026-08-07T16:32:12+0800",TRUE,""
"results/external_dataset_audits/NowakowskiCortex_validation.csv","benchmark_table",186,"8da9edd6ee6f34deb13d4ef0da6db56b","2026-08-07T16:32:12+0800",TRUE,""
"results/external_dataset_audits/PollenGlia_cluster_audit.csv","benchmark_table",278,"9cddb60678bc1c0de311a8f4bd24d4b5","2026-08-06T20:37:58+0800",TRUE,""
"results/external_dataset_audits/PollenGlia_dataset_audit.csv","benchmark_table",266,"e689f0d19c9055999d6b1a0647b8789c","2026-08-06T20:37:58+0800",TRUE,""
"results/external_dataset_audits/PollenGlia_hashes.csv","benchmark_table",389,"3c2e0e87474d303e912caab4560dd7f4","2026-08-06T20:37:58+0800",TRUE,""
"results/external_dataset_audits/PollenGlia_validation.csv","benchmark_table",178,"df3f15c0cd555319cc468ee9eb345a71","2026-08-06T20:37:58+0800",TRUE,""
"results/external_dataset_audits/RomanovBrain_cluster_audit.csv","benchmark_table",939,"27d52f2177db506372c89775d457aabe","2026-08-07T16:33:03+0800",TRUE,""
"results/external_dataset_audits/RomanovBrain_dataset_audit.csv","benchmark_table",270,"b69f4bdcb7d378246083b82b05526fed","2026-08-07T16:33:03+0800",TRUE,""
"results/external_dataset_audits/RomanovBrain_hashes.csv","benchmark_table",401,"cb0898175dde352152fd3e537c5f1419","2026-08-07T16:33:03+0800",TRUE,""
"results/external_dataset_audits/RomanovBrain_validation.csv","benchmark_table",182,"606474346098806f46b57ed879cbee7e","2026-08-07T16:33:03+0800",TRUE,""
"results/external_dataset_audits/SegerstolpePancreas_cluster_audit.csv","benchmark_table",813,"1d39401a892551d2f890a2cc7b1bb1af","2026-08-06T20:37:23+0800",TRUE,""
"results/external_dataset_audits/SegerstolpePancreas_dataset_audit.csv","benchmark_table",280,"a79841217c84dc8888fadf5bc8a60944","2026-08-06T20:37:23+0800",TRUE,""
"results/external_dataset_audits/SegerstolpePancreas_hashes.csv","benchmark_table",443,"6bda1c5e9645fd5e9cd4c1f8a3561e34","2026-08-06T20:37:23+0800",TRUE,""
"results/external_dataset_audits/SegerstolpePancreas_validation.csv","benchmark_table",189,"8bb7964662a2cb5a10cb56986b397e36","2026-08-06T20:37:23+0800",TRUE,""
"results/external_dataset_audits/WuKidneyHealthy_cluster_audit.csv","benchmark_table",2040,"432b8aa10cfc56320532dadc57f88e5e","2026-08-06T20:38:59+0800",TRUE,""
"results/external_dataset_audits/WuKidneyHealthy_dataset_audit.csv","benchmark_table",275,"7421c6cf59a049feed36b75d8f40252a","2026-08-06T20:38:59+0800",TRUE,""
"results/external_dataset_audits/WuKidneyHealthy_hashes.csv","benchmark_table",433,"b15cc2a548be2238d8579f39e95ae28f","2026-08-06T20:38:59+0800",TRUE,""
"results/external_dataset_audits/WuKidneyHealthy_validation.csv","benchmark_table",185,"26129d60578b32bcd30d2d7f30723f42","2026-08-06T20:38:59+0800",TRUE,""
"results/external_dataset_audits/XinPancreas_cluster_audit.csv","benchmark_table",489,"761d45f0146105ea6c395a75e72b2164","2026-08-06T20:37:49+0800",TRUE,""
"results/external_dataset_audits/XinPancreas_dataset_audit.csv","benchmark_table",271,"1ada207b85a27aacb3a5d641121bbe59","2026-08-06T20:37:49+0800",TRUE,""
"results/external_dataset_audits/XinPancreas_hashes.csv","benchmark_table",395,"d2d94a1fcfa3db09ccc844d3ca3635a4","2026-08-06T20:37:49+0800",TRUE,""
"results/external_dataset_audits/XinPancreas_validation.csv","benchmark_table",194,"00dfe364f0effaf9d1e9449dbd17e5b6","2026-08-06T20:37:49+0800",TRUE,""
"results/external_dataset_audits/ZhongPrefrontal_cluster_audit.csv","benchmark_table",674,"fbc1254a354581adb4a341b132640d3f","2026-08-07T16:33:13+0800",TRUE,""
"results/external_dataset_audits/ZhongPrefrontal_dataset_audit.csv","benchmark_table",272,"20ef51e9e2ce99fb229a8fcc794163f1","2026-08-07T16:33:13+0800",TRUE,""
"results/external_dataset_audits/ZhongPrefrontal_hashes.csv","benchmark_table",419,"d1da77fc55bca2cbd6bf8230aa696214","2026-08-07T16:33:13+0800",TRUE,""
"results/external_dataset_audits/ZhongPrefrontal_validation.csv","benchmark_table",184,"7b10ce1769f4fc03e39bf1bab59b8b36","2026-08-07T16:33:13+0800",TRUE,""
"results/external_dataset_audits/prepare_all_external_datasets_summary.csv","benchmark_table",478,"30bec675949d024114f3b5515ea2a79f","2026-08-07T16:33:13+0800",TRUE,""
"results/external_dataset_audits/scrnaseq_candidate_profile_immune_small.csv","benchmark_table",4681,"a516708169a475466f9405407be9303e","2026-08-06T18:50:46+0800",TRUE,""
"results/external_dataset_audits/scrnaseq_candidate_profile_mixed.csv","benchmark_table",2364,"5c8ac4e8e2a77f1ad9281c951fe6a017","2026-08-06T18:33:58+0800",TRUE,""
"results/external_dataset_audits/scrnaseq_candidate_profile_neural.csv","benchmark_table",7086,"bfd518586f8c1afbcf7ca264eaab8821","2026-08-07T16:23:44+0800",TRUE,""
"results/external_dataset_audits/scrnaseq_candidate_profile_next.csv","benchmark_table",3538,"177d82eb644d5ef118d7f4bbd2c62f6c","2026-08-07T16:05:46+0800",TRUE,""
"results/external_dataset_audits/scrnaseq_candidate_profile_next2.csv","benchmark_table",2291,"e1cb616a9bf5935002295380834542db","2026-08-07T16:06:38+0800",TRUE,""
"results/external_dataset_audits/scrnaseq_candidate_profile_pancreas.csv","benchmark_table",2239,"b409dd549fd44962fe318a0aa742c1b0","2026-08-06T18:28:38+0800",TRUE,""
"results/external_dataset_audits/scrnaseq_candidate_profile_tumour.csv","benchmark_table",568,"95cf374e4a604ad96be2c7b3961f2787","2026-08-06T18:36:07+0800",TRUE,""
"results/external_robustness_smoke2_confidence_by_domain.csv","benchmark_table",29132,"1976d8176b535a7c956c0aae98ab6e3c","2026-08-06T16:57:25+0800",TRUE,""
"results/external_robustness_smoke2_dataset_scorecard.csv","benchmark_table",707,"ddcd87b279a1cfcfd7c090df3c410bef","2026-08-06T16:57:25+0800",TRUE,""
"results/external_robustness_smoke2_refinement_by_domain.csv","benchmark_table",7906,"49e345d6951b59ae97612de103041845","2026-08-06T16:57:25+0800",TRUE,""
"results/external_robustness_smoke2_runtime_cost_by_domain.csv","benchmark_table",37480,"18d24c6ce92e7f5c4f77d203f62cf904","2026-08-06T16:57:25+0800",TRUE,""
"results/external_robustness_smoke2_selector_contrasts.csv","benchmark_table",4,"0ae9bcd0c0b0aa5aab99d84beca26ce8","2026-08-06T16:57:25+0800",TRUE,""
"results/external_robustness_smoke_confidence_by_domain.csv","benchmark_table",29132,"1976d8176b535a7c956c0aae98ab6e3c","2026-08-06T16:55:40+0800",TRUE,""
"results/external_robustness_smoke_dataset_scorecard.csv","benchmark_table",707,"ddcd87b279a1cfcfd7c090df3c410bef","2026-08-06T16:55:40+0800",TRUE,""
"results/external_robustness_smoke_refinement_by_domain.csv","benchmark_table",7906,"49e345d6951b59ae97612de103041845","2026-08-06T16:55:40+0800",TRUE,""
"results/external_robustness_smoke_runtime_cost_by_domain.csv","benchmark_table",37480,"18d24c6ce92e7f5c4f77d203f62cf904","2026-08-06T16:55:40+0800",TRUE,""
"results/external_robustness_smoke_selector_contrasts.csv","benchmark_table",4,"0ae9bcd0c0b0aa5aab99d84beca26ce8","2026-08-06T16:55:40+0800",TRUE,""
"results/final_benchmark_table.csv","benchmark_table",13692,"fdb42e96a716f2dfb057bed0d991781b","2026-07-19T06:18:48+0800",TRUE,""
"results/meta_benchmark_benefit_predictor_coefficients.csv","benchmark_table",627,"2144228666de8c2843c6124571b7830f","2026-08-06T17:15:47+0800",TRUE,""
"results/meta_benchmark_benefit_predictor_predictions.csv","benchmark_table",16304,"775dbd640c8d219cb801920e3a904da5","2026-08-06T17:15:47+0800",TRUE,""
"results/meta_benchmark_biological_error_taxonomy_clusters.csv","benchmark_table",24961,"908ac352a02930ba5caa58932cb2a60d","2026-08-06T17:15:47+0800",TRUE,""
"results/meta_benchmark_biological_error_taxonomy_summary.csv","benchmark_table",177,"aef59985c3f26da0a4ff5c01f01a2360","2026-08-06T17:15:47+0800",TRUE,""
"results/meta_benchmark_dataset_difficulty.csv","benchmark_table",3762,"a7388dc1422e620c476c65ff3f5313ec","2026-08-06T17:15:47+0800",TRUE,""
"results/meta_benchmark_decision_curves.csv","benchmark_table",2332,"79a19e3ef7f6b2182a3ac446e4b88600","2026-08-06T17:15:47+0800",TRUE,""
"results/meta_benchmark_method_gains_vs_difficulty.csv","benchmark_table",150368,"73d4f65d1a19e5da5e6109c6f523c63f","2026-08-06T17:15:47+0800",TRUE,""
"results/meta_benchmark_pareto_annotation.csv","benchmark_table",60572,"00459f3d49e7eaaefe0d65b4213bcf45","2026-08-06T17:15:47+0800",TRUE,""
"results/meta_benchmark_pareto_refinement.csv","benchmark_table",19768,"14d6f78962ff2eb2facedafdc0837a50","2026-08-06T17:15:47+0800",TRUE,""
"results/meta_benchmark_reliability_curves.csv","benchmark_table",6699,"b7d71ade77095e48e59a005e9e7e49b9","2026-08-06T17:15:47+0800",TRUE,""
"results/meta_benchmark_selector_benefit_vs_difficulty.csv","benchmark_table",51070,"ef163c13da45f62b92f0f7b8a949ae6c","2026-08-06T17:15:47+0800",TRUE,""
"results/meta_benchmark_with_risk_benefit_predictor_coefficients.csv","benchmark_table",627,"2144228666de8c2843c6124571b7830f","2026-08-06T17:17:17+0800",TRUE,""
"results/meta_benchmark_with_risk_benefit_predictor_predictions.csv","benchmark_table",16304,"775dbd640c8d219cb801920e3a904da5","2026-08-06T17:17:17+0800",TRUE,""
"results/meta_benchmark_with_risk_biological_error_taxonomy_clusters.csv","benchmark_table",24961,"908ac352a02930ba5caa58932cb2a60d","2026-08-06T17:17:17+0800",TRUE,""
"results/meta_benchmark_with_risk_biological_error_taxonomy_summary.csv","benchmark_table",177,"aef59985c3f26da0a4ff5c01f01a2360","2026-08-06T17:17:17+0800",TRUE,""
"results/meta_benchmark_with_risk_dataset_difficulty.csv","benchmark_table",3762,"a7388dc1422e620c476c65ff3f5313ec","2026-08-06T17:17:17+0800",TRUE,""
"results/meta_benchmark_with_risk_decision_curves.csv","benchmark_table",2914,"fa3c2f09e989261d65a6a40b96f6bbc4","2026-08-06T17:17:17+0800",TRUE,""
"results/meta_benchmark_with_risk_method_gains_vs_difficulty.csv","benchmark_table",150368,"73d4f65d1a19e5da5e6109c6f523c63f","2026-08-06T17:17:17+0800",TRUE,""
"results/meta_benchmark_with_risk_pareto_annotation.csv","benchmark_table",60572,"00459f3d49e7eaaefe0d65b4213bcf45","2026-08-06T17:17:17+0800",TRUE,""
"results/meta_benchmark_with_risk_pareto_refinement.csv","benchmark_table",19768,"14d6f78962ff2eb2facedafdc0837a50","2026-08-06T17:17:17+0800",TRUE,""
"results/meta_benchmark_with_risk_reliability_curves.csv","benchmark_table",7476,"bf3f49f5f0b64bb224ab12da3eb81fde","2026-08-06T17:17:17+0800",TRUE,""
"results/meta_benchmark_with_risk_selector_benefit_vs_difficulty.csv","benchmark_table",51070,"ef163c13da45f62b92f0f7b8a949ae6c","2026-08-06T17:17:17+0800",TRUE,""
"results/ollama_multimodel_all_evidence_overlap_pairwise.csv","benchmark_table",506,"2c9cd4fac1e7ad9020433227bd755ccc","2026-07-22T06:01:53+0800",TRUE,""
"results/ollama_multimodel_all_evidence_overlap_summary.csv","benchmark_table",167,"128b6ca71a96843a3c386655adb69f0d","2026-07-22T06:01:53+0800",TRUE,""
"results/ollama_multimodel_all_plain_selfrefined_delta.csv","benchmark_table",1992,"3d8b1ccc090aec55bea7410e31d5a8b8","2026-07-22T06:01:53+0800",TRUE,""
"results/ollama_multimodel_all_selector_summary.csv","benchmark_table",2655,"bb12c3c196772ff5b1b577bab4d8a373","2026-07-22T06:01:53+0800",TRUE,""
"results/ollama_multimodel_all_selector_totals.csv","benchmark_table",469,"3f3c5ae0aafa044e1e10ccb6942d2bd2","2026-07-22T06:01:53+0800",TRUE,""
"results/ollama_multimodel_baronpancreas_combined_cost_performance.csv","benchmark_table",1725,"e285fb60c47e698821b67a8b26f9a704","2026-07-20T05:15:19+0800",TRUE,""
"results/ollama_multimodel_baronpancreas_combined_evidence_overlap.csv","benchmark_table",169,"b2a11e5ea183e027f27c346621b807b1","2026-07-20T05:15:19+0800",TRUE,""
"results/ollama_multimodel_baronpancreas_combined_evidence_overlap_summary.csv","benchmark_table",160,"70c2e5d1bb46f2ebc0f2cad7bd71256b","2026-07-20T05:15:19+0800",TRUE,""
"results/ollama_multimodel_baronpancreas_combined_selected_clusters.csv","benchmark_table",2009,"54ff1e80c9d43245f1357babb4efd34f","2026-07-20T05:15:19+0800",TRUE,""
"results/ollama_multimodel_baronpancreas_combined_selector_summary.csv","benchmark_table",898,"cfbf7b8d4644c0f5f6fa06e2c624f013","2026-07-20T05:15:19+0800",TRUE,""
"results/ollama_multimodel_baronpancreas_cost_performance.csv","benchmark_table",1038,"538dc969984976f68a69d4df6c3e9bae","2026-07-20T05:15:19+0800",TRUE,""
"results/ollama_multimodel_baronpancreas_evidence_overlap.csv","benchmark_table",169,"b2a11e5ea183e027f27c346621b807b1","2026-07-20T05:15:19+0800",TRUE,""
"results/ollama_multimodel_baronpancreas_evidence_overlap_summary.csv","benchmark_table",160,"70c2e5d1bb46f2ebc0f2cad7bd71256b","2026-07-20T05:15:19+0800",TRUE,""
"results/ollama_multimodel_baronpancreas_model_availability.csv","benchmark_table",63,"f2f86d2c520fadff40dca23fb5298389","2026-07-20T05:15:19+0800",TRUE,""
"results/ollama_multimodel_baronpancreas_plain_selfrefined_delta.csv","benchmark_table",844,"09af44c0039e8997098d488dede1429b","2026-07-20T05:15:19+0800",TRUE,""
"results/ollama_multimodel_baronpancreas_refinement_behavior.csv","benchmark_table",2283,"c6fded2b062bddbd9e8302d4c623878f","2026-07-20T05:15:19+0800",TRUE,""
"results/ollama_multimodel_baronpancreas_results.csv","benchmark_table",3785,"0722015a98768533d91c32dcc44103fd","2026-07-20T05:15:19+0800",TRUE,""
"results/ollama_multimodel_baronpancreas_selected_clusters.csv","benchmark_table",2009,"54ff1e80c9d43245f1357babb4efd34f","2026-07-20T05:15:19+0800",TRUE,""
"results/ollama_multimodel_baronpancreas_selector_summary.csv","benchmark_table",633,"1d22008885788e90638b51bce8c425dd","2026-07-20T05:15:19+0800",TRUE,""
"results/ollama_multimodel_pbmc_combined_cost_performance.csv","benchmark_table",1483,"0f2fdcf2c5cb3768f06f0df1b8d52cfc","2026-07-20T04:59:51+0800",TRUE,""
"results/ollama_multimodel_pbmc_combined_evidence_overlap.csv","benchmark_table",4,"0ae9bcd0c0b0aa5aab99d84beca26ce8","2026-07-20T04:59:51+0800",TRUE,""
"results/ollama_multimodel_pbmc_combined_evidence_overlap_summary.csv","benchmark_table",4,"0ae9bcd0c0b0aa5aab99d84beca26ce8","2026-07-20T04:59:51+0800",TRUE,""
"results/ollama_multimodel_pbmc_combined_selected_clusters.csv","benchmark_table",1461,"5a6f9dbfc1e155799c9237286854cb5a","2026-07-20T04:59:51+0800",TRUE,""
"results/ollama_multimodel_pbmc_combined_selector_summary.csv","benchmark_table",776,"8299362602c9648575e27c6aeb6a830a","2026-07-20T04:59:51+0800",TRUE,""
"results/ollama_multimodel_pbmc_cost_performance.csv","benchmark_table",1027,"f2d7a35a6d684045cb0963f6c4fa2955","2026-07-20T04:59:51+0800",TRUE,""
"results/ollama_multimodel_pbmc_evidence_overlap.csv","benchmark_table",4,"0ae9bcd0c0b0aa5aab99d84beca26ce8","2026-07-20T04:59:51+0800",TRUE,""
"results/ollama_multimodel_pbmc_evidence_overlap_summary.csv","benchmark_table",4,"0ae9bcd0c0b0aa5aab99d84beca26ce8","2026-07-20T04:59:51+0800",TRUE,""
"results/ollama_multimodel_pbmc_model_availability.csv","benchmark_table",63,"f2f86d2c520fadff40dca23fb5298389","2026-07-20T04:59:51+0800",TRUE,""
"results/ollama_multimodel_pbmc_plain_selfrefined_delta.csv","benchmark_table",763,"b8b01320a74c3652fdeb4b01e61f40f4","2026-07-20T04:59:51+0800",TRUE,""
"results/ollama_multimodel_pbmc_refinement_behavior.csv","benchmark_table",2219,"e089b0f8b02d5400573d9ef6e2929bec","2026-07-20T04:59:51+0800",TRUE,""
"results/ollama_multimodel_pbmc_results.csv","benchmark_table",3599,"e72bb120715d940ca22dc0dc7827e7ae","2026-07-20T04:59:51+0800",TRUE,""
"results/ollama_multimodel_pbmc_selected_clusters.csv","benchmark_table",1461,"5a6f9dbfc1e155799c9237286854cb5a","2026-07-20T04:59:51+0800",TRUE,""
"results/ollama_multimodel_pbmc_selector_summary.csv","benchmark_table",548,"03fb695b0994800e61686331fe207c78","2026-07-20T04:59:51+0800",TRUE,""
"results/ollama_multimodel_zilionislung_combined_cost_performance.csv","benchmark_table",2868,"bd6bd6c4fa1ab0bf0adb6b6428b01bec","2026-07-22T06:01:20+0800",TRUE,""
"results/ollama_multimodel_zilionislung_combined_evidence_overlap.csv","benchmark_table",515,"27747aa0b49b5df534dae2906fadb7cc","2026-07-22T06:01:20+0800",TRUE,""
"results/ollama_multimodel_zilionislung_combined_evidence_overlap_summary.csv","benchmark_table",205,"f4a387ab3857dbd9c87dddd372ee0307","2026-07-22T06:01:20+0800",TRUE,""
"results/ollama_multimodel_zilionislung_combined_selected_clusters.csv","benchmark_table",11469,"b9d0ebef1730e79c125416b799541476","2026-07-22T06:01:20+0800",TRUE,""
"results/ollama_multimodel_zilionislung_combined_selector_summary.csv","benchmark_table",1610,"f7ac9cd11e9361bc08d45c18f24c74e5","2026-07-22T06:01:20+0800",TRUE,""
"results/ollama_multimodel_zilionislung_cost_performance.csv","benchmark_table",2194,"fa16bf0cba2d359e633086cb9e3df6b2","2026-07-22T06:01:20+0800",TRUE,""
"results/ollama_multimodel_zilionislung_evidence_overlap.csv","benchmark_table",320,"6c26f18ccee8db97a76f47c051dc844c","2026-07-22T06:01:20+0800",TRUE,""
"results/ollama_multimodel_zilionislung_evidence_overlap_summary.csv","benchmark_table",205,"19653191ab5b362a6bdb2dc25b27b6ef","2026-07-22T06:01:20+0800",TRUE,""
"results/ollama_multimodel_zilionislung_model_availability.csv","benchmark_table",110,"e7fd34a720533f81a461d46db2d8379f","2026-07-22T06:01:20+0800",TRUE,""
"results/ollama_multimodel_zilionislung_plain_selfrefined_delta.csv","benchmark_table",1201,"23d0f473eb3cbd39b911b21ca6c258f9","2026-07-22T06:01:20+0800",TRUE,""
"results/ollama_multimodel_zilionislung_refinement_behavior.csv","benchmark_table",4788,"c960aa44e0660b2b793a6424fb05066e","2026-07-22T06:01:20+0800",TRUE,""
"results/ollama_multimodel_zilionislung_results.csv","benchmark_table",7046,"94460aa32675bb37e7ea68676395376f","2026-07-22T06:01:20+0800",TRUE,""
"results/ollama_multimodel_zilionislung_selected_clusters.csv","benchmark_table",10535,"15f76cfc4010524d9d7fed0a36dfff04","2026-07-22T06:01:20+0800",TRUE,""
"results/ollama_multimodel_zilionislung_selector_summary.csv","benchmark_table",1221,"ebaccc9e30e6470b4be736eeda800fbe","2026-07-22T06:01:20+0800",TRUE,""
"results/ollama_pilot_pbmc_refinement_behavior.csv","benchmark_table",1479,"2660bd86863930526201c44dcc93b071","2026-07-19T21:43:09+0800",TRUE,""
"results/ollama_pilot_pbmc_results.csv","benchmark_table",2221,"dea38f595f179c4d23ed33536b5a5389","2026-07-19T21:43:09+0800",TRUE,""
"results/ollama_pilot_zilionis_refinement_behavior.csv","benchmark_table",1685,"6f1f2002fca35a12e2066834ff3d233f","2026-07-19T22:21:50+0800",TRUE,""
"results/ollama_pilot_zilionis_results.csv","benchmark_table",2171,"e5c584e1a7f74e5d59aaa78e8c079e41","2026-07-19T22:21:50+0800",TRUE,""
"results/ollama_pilot_zilionislung_refinement_behavior.csv","benchmark_table",1685,"6f1f2002fca35a12e2066834ff3d233f","2026-07-19T22:29:42+0800",TRUE,""
"results/ollama_pilot_zilionislung_results.csv","benchmark_table",2171,"e5c584e1a7f74e5d59aaa78e8c079e41","2026-07-19T22:29:42+0800",TRUE,""
"results/refinement_efficiency_summary.csv","benchmark_table",1445,"8f52eee27363c833a88ae469fed08284","2026-07-19T07:20:52+0800",TRUE,""
"results/refinement_selector_pairwise_wilcoxon.csv","benchmark_table",2059,"ac70f1a2dd65907cf8d5b3dcc0c784e9","2026-07-19T07:45:00+0800",TRUE,""
"results/sensitivity_input_schema.csv","benchmark_table",914,"e09b9cc92fe9099d172bb3a1fa3709bd","2026-08-06T15:22:14+0800",TRUE,""
"results/submission_reproducibility_artifacts.csv","benchmark_table",940,"06b9946a0f4793dae063fde7c05f9923","2026-08-07T17:31:47+0800",TRUE,""
"results/submission_reproducibility_steps.csv","benchmark_table",2828,"ee985aa03df9367d4ba75247927328b4","2026-08-07T17:31:47+0800",TRUE,""
"results/universal_reliability_transfer_features.csv","benchmark_table",215970,"30cf21301ee331bb91d714f2ddac095c","2026-08-07T18:01:22+0800",TRUE,""
"results/universal_reliability_transfer_risk_calibration_bins.csv","benchmark_table",3451,"71a674c87b9806c3da298b662c7bfe77","2026-08-07T18:01:22+0800",TRUE,""
"results/universal_reliability_transfer_risk_transfer_metrics.csv","benchmark_table",1054,"ddb5daad832b5d9338fa95eb888521f2","2026-08-07T18:01:22+0800",TRUE,""
"results/universal_reliability_transfer_selected_clusters.csv","benchmark_table",41878,"6a5bb71d987d682d9452e1cf7475b279","2026-08-07T18:01:22+0800",TRUE,""
"results/universal_reliability_transfer_selector_behavior_by_block.csv","benchmark_table",22576,"71f1259cb7ec4254f8a8d2cc4e02caf9","2026-08-07T18:01:22+0800",TRUE,""
"results/universal_reliability_transfer_selector_overlap_by_model.csv","benchmark_table",3883,"8c54f6f82ae36cce763af0d05fa439a9","2026-08-07T18:01:22+0800",TRUE,""
"results/universal_reliability_transfer_selector_summary_by_model.csv","benchmark_table",1673,"70929c3e6ebdf79cc9cae9257c9a534a","2026-08-07T18:01:22+0800",TRUE,""
"results/external_validation_confidence_quality.csv","external_validation_output",60469,"7c7eb142089b3f4421fd0d8dd0e4d46d","2026-08-07T17:17:49+0800",TRUE,""
"results/external_validation_lock.json","external_validation_output",3303,"8d5731edaf89ad2a34ac8bee1d13df9a","2026-08-07T17:07:38+0800",TRUE,""
"results/external_validation_meta_analysis_calibration_pooled_effects.csv","external_validation_output",2154,"d5835da82614900709f86450f276a390","2026-08-07T17:58:38+0800",TRUE,""
"results/external_validation_meta_analysis_calibration_study_effects.csv","external_validation_output",15382,"3142151b9d966a4b0ff1ae6fdff21dfc","2026-08-07T17:58:38+0800",TRUE,""
"results/external_validation_meta_analysis_cost_pooled_effects.csv","external_validation_output",4812,"bd7a3d429a6c1d71ec2ef0fc38825e71","2026-08-07T17:58:38+0800",TRUE,""
"results/external_validation_meta_analysis_cost_study_effects.csv","external_validation_output",31193,"5614e6cc71f741dcc3a9a903ebc260fd","2026-08-07T17:58:38+0800",TRUE,""
"results/external_validation_meta_analysis_selector_contrast_pooled_effects.csv","external_validation_output",1845,"1f5a27cc971b6b96f03ba168b2d9c4c9","2026-08-07T17:58:38+0800",TRUE,""
"results/external_validation_meta_analysis_selector_contrasts.csv","external_validation_output",10710,"dee5574cc7dbf2e3a2b32ed25cec2945","2026-08-07T17:58:38+0800",TRUE,""
"results/external_validation_meta_analysis_selector_forest.pdf","external_validation_output",5295,"2fb869ff3921cbf9202069e6da7aad41","2026-08-07T17:58:39+0800",TRUE,""
"results/external_validation_meta_analysis_selector_pooled_effects.csv","external_validation_output",5893,"1d9b946ceedd5b069c0e7c2b3c75fbaa","2026-08-07T17:58:38+0800",TRUE,""
"results/external_validation_meta_analysis_selector_study_effects.csv","external_validation_output",37774,"d4e9985f1fe5bbe4a9205b6b1d7a74c9","2026-08-07T17:58:38+0800",TRUE,""
"results/external_validation_plan.csv","external_validation_output",6538,"076a4d740f7c2b37b3f766dc111ec758","2026-08-07T17:07:38+0800",TRUE,""
"results/external_validation_refinement_behavior.csv","external_validation_output",43746,"f1391558c3e6e0a4992b5aa9452b2e92","2026-08-07T17:17:49+0800",TRUE,""
"results/external_validation_refinement_efficiency_summary.csv","external_validation_output",2215,"dbd5eeade511f0412b6d884be0fd9001","2026-08-07T17:18:19+0800",TRUE,""
"results/external_validation_reliability_bins.csv","external_validation_output",462233,"447a183be9636c6c7b9d73c9bcf0812b","2026-08-07T17:17:49+0800",TRUE,""
"results/external_validation_results_full.csv","external_validation_output",66658,"584287d6380cd4e3309afc8403246f91","2026-08-07T17:17:49+0800",TRUE,""
"results/external_validation_robustness_confidence_by_domain.csv","external_validation_output",116451,"36545672670d3988d37b287eea43ff22","2026-08-07T17:58:41+0800",TRUE,""
"results/external_validation_robustness_dataset_scorecard.csv","external_validation_output",1147,"810b7c123435499caae9b871684e07c6","2026-08-07T17:58:41+0800",TRUE,""
"results/external_validation_robustness_platform_efficiency.pdf","external_validation_output",4505,"63406f7602c02fcf7d54af653416cf24","2026-08-07T17:58:42+0800",TRUE,""
"results/external_validation_robustness_refinement_by_domain.csv","external_validation_output",31155,"5b0465b3c3a46c3110cc3c6493c94608","2026-08-07T17:58:41+0800",TRUE,""
"results/external_validation_robustness_runtime_cost_by_domain.csv","external_validation_output",137226,"53937bda5d09ce615daf926b826d85e8","2026-08-07T17:58:41+0800",TRUE,""
"results/external_validation_robustness_runtime_scaling.pdf","external_validation_output",4784,"7b68b41d234f757327b37830b0e247b5","2026-08-07T17:58:42+0800",TRUE,""
"results/external_validation_robustness_scale_efficiency.pdf","external_validation_output",4684,"a50b17181c469067356d58fd918695e2","2026-08-07T17:58:42+0800",TRUE,""
"results/external_validation_robustness_selector_contrasts.csv","external_validation_output",1930,"8a8bc85fa082bd43f93748476aabfd2a","2026-08-07T17:58:41+0800",TRUE,""
"results/external_validation_selector_inference_bootstrap_distributions.csv","external_validation_output",18062328,"7d784239b592d8aea660d62bb2d071a2","2026-08-07T17:58:51+0800",TRUE,""
"results/external_validation_selector_inference_paired_selector_inference.csv","external_validation_output",16613,"af910113a5e22ffa8c853c0ce52f7f95","2026-08-07T17:58:50+0800",TRUE,""
"results/external_validation_selector_inference_paired_selector_inference.pdf","external_validation_output",6524,"065b3c4f2118176693eb4508b01e5207","2026-08-07T17:58:53+0800",TRUE,""
"inst/extdata/marker_aliases_v1.0.csv","frozen_specification",7866,"af79b046f72845a0b2874bb5a3983a51","2026-08-06T21:02:28+0800",TRUE,""
"inst/extdata/marker_profiles_v1.0.csv","frozen_specification",12747,"480e83d120229642ca83f953c503f554","2026-08-06T21:02:28+0800",TRUE,""
"inst/extdata/reliability_model_spec_v1.1.json","frozen_specification",2716,"d76762da6bd200333cd974c96f040c31","2026-08-06T16:09:26+0800",TRUE,""
"inst/extdata/reliability_spec_v1.0.json","frozen_specification",11433,"16e76e85220e3201838600f6a906243b","2026-08-06T21:02:28+0800",TRUE,""
"results/benchmark_manifest.txt","other",6087,"d94f4b2b90dffd2e46df902582c5697b","2026-07-19T07:51:07+0800",FALSE,""
"results/external_dataset_audits/external_dataset_audit_BunisHSPC.html","other",5809,"d4ad9c3f52a9ec6d8b59582bfc682328","2026-08-06T20:36:53+0800",FALSE,""
"results/external_dataset_audits/external_dataset_audit_DarmanisBrain.html","other",4660,"c746ab425a289cdfd1eee6d87ab78c13","2026-08-06T20:37:54+0800",FALSE,""
"results/external_dataset_audits/external_dataset_audit_LawlorPancreas.html","other",4505,"f4cec2673708ad537b557ece6aabfb22","2026-08-06T20:37:33+0800",FALSE,""
"results/external_dataset_audits/external_dataset_audit_MarquesBrain.html","other",5794,"c2fff00e6e620f7d5962160db5bec765","2026-08-07T16:32:48+0800",FALSE,""
"results/external_dataset_audits/external_dataset_audit_NestorowaHSC.html","other",4839,"626264f0a4ab2bbb8685d6c3b6f3825d","2026-08-06T19:01:24+0800",FALSE,""
"results/external_dataset_audits/external_dataset_audit_NowakowskiCortex.html","other",5662,"e60af60d67ee23ddd42cfdb5b8854193","2026-08-07T16:32:12+0800",FALSE,""
"results/external_dataset_audits/external_dataset_audit_PollenGlia.html","other",4385,"7d1a84a6fcd5f2c5dbbb751856adade4","2026-08-06T20:37:58+0800",FALSE,""
"results/external_dataset_audits/external_dataset_audit_RomanovBrain.html","other",5551,"2ba17063af7540d560b39db6c6f777f9","2026-08-07T16:33:03+0800",FALSE,""
"results/external_dataset_audits/external_dataset_audit_SegerstolpePancreas.html","other",5425,"bdbb6bac5a2e31d7f1c40fce5acc26ac","2026-08-06T20:37:23+0800",FALSE,""
"results/external_dataset_audits/external_dataset_audit_WuKidneyHealthy.html","other",7179,"38ef4423a4ae9a718a3933e5bc2c6d1d","2026-08-06T20:38:59+0800",FALSE,""
"results/external_dataset_audits/external_dataset_audit_XinPancreas.html","other",4837,"7331700879129b534a5bf53a611eae81","2026-08-06T20:37:49+0800",FALSE,""
"results/external_dataset_audits/external_dataset_audit_ZhongPrefrontal.html","other",5146,"fbbe6ab387faa8be2e50bee301df28b2","2026-08-07T16:33:13+0800",FALSE,""
"results/sessionInfo.txt","other",6767,"5b64cdd158968e7c6fa57f3f9dd5d3d8","2026-07-19T06:18:48+0800",FALSE,""
"results/benchmark_debug/first_pass/rep1_BaronPancreas_deepseek_first_pass.rds","paired_debug_decisions",1287,"edaa92b3b6b19a6e51bf586596e70366","2026-07-18T03:34:34+0800",TRUE,""
"results/benchmark_debug/first_pass/rep1_BaronPancreas_ollama_gemma2_2b_first_pass.rds","paired_debug_decisions",583,"a759dce5973397dbe377209bd44dd67f","2026-07-20T05:12:23+0800",TRUE,""
"results/benchmark_debug/first_pass/rep1_BaronPancreas_ollama_llama3_2_first_pass.rds","paired_debug_decisions",572,"7522e70b05dd31f75db7cf315b2aba58","2026-07-20T05:08:34+0800",TRUE,""
"results/benchmark_debug/first_pass/rep1_BunisHSPC_external_deepseek_first_pass.rds","paired_debug_decisions",1251,"1c8a0d502f6666d1ad3d1c66425a635c","2026-08-06T20:44:20+0800",TRUE,""
"results/benchmark_debug/first_pass/rep1_DarmanisBrain_external_deepseek_first_pass.rds","paired_debug_decisions",1015,"c9a9bb2752e7bf6f0f85e9e9db2ea542","2026-08-06T20:48:34+0800",TRUE,""
"results/benchmark_debug/first_pass/rep1_LawlorPancreas_external_deepseek_first_pass.rds","paired_debug_decisions",899,"8a24f58eadb678366947adba603c71d2","2026-08-06T20:47:28+0800",TRUE,""
"results/benchmark_debug/first_pass/rep1_MarquesBrain_external_deepseek_first_pass.rds","paired_debug_decisions",1282,"190e821c6bede81a7ee2b53c9028e2eb","2026-08-07T17:16:19+0800",TRUE,""
"results/benchmark_debug/first_pass/rep1_MuraroPancreas_deepseek_first_pass.rds","paired_debug_decisions",1136,"76ebff06efa43acb9e795a6b091b7829","2026-07-18T03:39:55+0800",TRUE,""
"results/benchmark_debug/first_pass/rep1_NestorowaHSC_external_deepseek_first_pass.rds","paired_debug_decisions",987,"f072b37ef36199a9d9e37d90b5028449","2026-08-06T19:08:23+0800",TRUE,""
"results/benchmark_debug/first_pass/rep1_NowakowskiCortex_external_deepseek_first_pass.rds","paired_debug_decisions",1536,"c5e305c7a1dad3adc8b453474ac79dc5","2026-08-07T17:15:47+0800",TRUE,""
"results/benchmark_debug/first_pass/rep1_PBMC_deepseek_first_pass.rds","paired_debug_decisions",966,"45573f7a12cf0487b5c87cc8089626f1","2026-07-18T03:33:54+0800",TRUE,""
"results/benchmark_debug/first_pass/rep1_PBMC_ollama_gemma2_2b_first_pass.rds","paired_debug_decisions",926,"43949ec6f87c095fa5d6c6323d38ce4b","2026-07-20T04:55:41+0800",TRUE,""
"results/benchmark_debug/first_pass/rep1_PBMC_ollama_llama3_2_first_pass.rds","paired_debug_decisions",936,"3c3e7d6ef2bc38722506fe04e730a969","2026-07-19T21:26:24+0800",TRUE,""
"results/benchmark_debug/first_pass/rep1_PBMC_ollama_mistral_first_pass.rds","paired_debug_decisions",379,"66c6f7098ddc6543044a991c031553df","2026-07-20T04:11:50+0800",TRUE,""
"results/benchmark_debug/first_pass/rep1_PollenGlia_external_deepseek_first_pass.rds","paired_debug_decisions",846,"4cd08300dbe82981423ed9c428bf75fd","2026-08-06T20:48:46+0800",TRUE,""
"results/benchmark_debug/first_pass/rep1_RomanovBrain_external_deepseek_first_pass.rds","paired_debug_decisions",1391,"a90646eee230bda5f6889530677782ee","2026-08-07T17:16:50+0800",TRUE,""
"results/benchmark_debug/first_pass/rep1_SegerstolpePancreas_external_deepseek_first_pass.rds","paired_debug_decisions",1127,"0c83fad008569619e7e7d4122dd0a409","2026-08-06T20:46:18+0800",TRUE,""
"results/benchmark_debug/first_pass/rep1_TasicBrain_deepseek_first_pass.rds","paired_debug_decisions",1286,"7d88b2cace5e94a2a68c2d4069635404","2026-07-18T03:43:36+0800",TRUE,""
"results/benchmark_debug/first_pass/rep1_WuKidneyHealthy_external_deepseek_first_pass.rds","paired_debug_decisions",1414,"a93bbc32a1b0af55824058c42ba9bd51","2026-08-06T20:49:03+0800",TRUE,""
"results/benchmark_debug/first_pass/rep1_XinPancreas_external_deepseek_first_pass.rds","paired_debug_decisions",960,"1cac83fd29552f10078534a1bff75b67","2026-08-06T20:47:57+0800",TRUE,""
"results/benchmark_debug/first_pass/rep1_ZeiselBrain_deepseek_first_pass.rds","paired_debug_decisions",1136,"893cde59cd09c2d1cfe9d0a1c86255c2","2026-07-18T03:45:49+0800",TRUE,""
"results/benchmark_debug/first_pass/rep1_ZhongPrefrontal_external_deepseek_first_pass.rds","paired_debug_decisions",1227,"e85d33e4fea9bfaadaf911c7071ed7f6","2026-08-07T17:17:23+0800",TRUE,""
"results/benchmark_debug/first_pass/rep1_ZilionisLung_deepseek_first_pass.rds","paired_debug_decisions",1592,"e17360fe70de25a3a70bfd158639116c","2026-07-18T03:48:28+0800",TRUE,""
"results/benchmark_debug/first_pass/rep1_ZilionisLung_ollama_gemma2_2b_first_pass.rds","paired_debug_decisions",598,"236a52ebc7cc8b7accb2d62b10c2ca1c","2026-07-20T03:06:40+0800",TRUE,""
"results/benchmark_debug/first_pass/rep1_ZilionisLung_ollama_llama3_2_first_pass.rds","paired_debug_decisions",903,"013aac768accbc8339727075856192b0","2026-07-19T21:51:28+0800",TRUE,""
"results/benchmark_debug/first_pass/rep1_ZilionisLung_ollama_mistral_first_pass.rds","paired_debug_decisions",384,"8f2a96584ffd518d3ea61e919e0cb076","2026-07-20T02:49:51+0800",TRUE,""
"results/benchmark_debug/first_pass/rep2_BaronPancreas_deepseek_first_pass.rds","paired_debug_decisions",1310,"309ca37b10ac7cde08e7a49a330d3aa3","2026-07-18T04:39:27+0800",TRUE,""
"results/benchmark_debug/first_pass/rep2_MuraroPancreas_deepseek_first_pass.rds","paired_debug_decisions",1254,"9b440d084c78c6065a1afb6fd0af38ba","2026-07-19T04:07:46+0800",TRUE,""
"results/benchmark_debug/first_pass/rep2_PBMC_deepseek_first_pass.rds","paired_debug_decisions",1101,"d084c71141caa7337aab6fdc19be3d89","2026-07-18T04:38:55+0800",TRUE,""
"results/benchmark_debug/first_pass/rep2_TasicBrain_deepseek_first_pass.rds","paired_debug_decisions",1159,"515cdfb2a66d8d624e3ef74e0a9606bf","2026-07-19T04:25:24+0800",TRUE,""
"results/benchmark_debug/first_pass/rep2_ZeiselBrain_deepseek_first_pass.rds","paired_debug_decisions",1209,"2d250718e611ce69f7fcf64acb6a542e","2026-07-19T04:26:53+0800",TRUE,""
"results/benchmark_debug/first_pass/rep2_ZilionisLung_deepseek_first_pass.rds","paired_debug_decisions",1588,"dd0ff973957513ba6b88caed3d1b0bb8","2026-07-19T04:28:54+0800",TRUE,""
"results/benchmark_debug/first_pass/rep3_BaronPancreas_deepseek_first_pass.rds","paired_debug_decisions",1389,"04beca19f261676c2dc1cd569d5bd8e9","2026-07-19T05:50:41+0800",TRUE,""
"results/benchmark_debug/first_pass/rep3_MuraroPancreas_deepseek_first_pass.rds","paired_debug_decisions",1313,"c7f101b9c027a7ab2fce1b156886d3a1","2026-07-19T06:09:20+0800",TRUE,""
"results/benchmark_debug/first_pass/rep3_PBMC_deepseek_first_pass.rds","paired_debug_decisions",1048,"31892cbf58e9b0f454b7a57a03a25ade","2026-07-19T05:49:48+0800",TRUE,""
"results/benchmark_debug/first_pass/rep3_TasicBrain_deepseek_first_pass.rds","paired_debug_decisions",1195,"25cbe9e1183bf17554f2ead255890cfe","2026-07-19T06:15:00+0800",TRUE,""
"results/benchmark_debug/first_pass/rep3_ZeiselBrain_deepseek_first_pass.rds","paired_debug_decisions",1230,"b7303d0bb0d8f2a7f58f324d275633a1","2026-07-19T06:15:27+0800",TRUE,""
"results/benchmark_debug/first_pass/rep3_ZilionisLung_deepseek_first_pass.rds","paired_debug_decisions",1570,"ab4079bf8be6dc419b855f8dca75cbc2","2026-07-19T06:16:16+0800",TRUE,""
"results/benchmark_debug/refinement/rep1_BaronPancreas_deepseek_refinement_full.rds","paired_debug_decisions",1089,"b99ac424d3beff88012cc0137bfa759d","2026-07-18T03:34:46+0800",TRUE,""
"results/benchmark_debug/refinement/rep1_BaronPancreas_ollama_gemma2_2b_refinement_confidence_k.rds","paired_debug_decisions",639,"82ffb96e0a664a7044bb7f208ef30509","2026-07-20T05:13:47+0800",TRUE,""
"results/benchmark_debug/refinement/rep1_BaronPancreas_ollama_gemma2_2b_refinement_evidence_k.rds","paired_debug_decisions",603,"aad529b4afbf8700e3baf9cd531e8b25","2026-07-20T05:14:43+0800",TRUE,""
"results/benchmark_debug/refinement/rep1_BaronPancreas_ollama_gemma2_2b_refinement_random_k.rds","paired_debug_decisions",608,"9334728c4625f43362909cd1a2bea4b0","2026-07-20T05:12:59+0800",TRUE,""
"results/benchmark_debug/refinement/rep1_BaronPancreas_ollama_llama3_2_refinement_confidence_k.rds","paired_debug_decisions",569,"c67a9793a537bf0277d58ad993d1b358","2026-07-20T05:09:47+0800",TRUE,""
"results/benchmark_debug/refinement/rep1_BaronPancreas_ollama_llama3_2_refinement_evidence_k.rds","paired_debug_decisions",610,"fd7a2643c87f23680dc8f9dee16bd533","2026-07-20T05:10:16+0800",TRUE,""
"results/benchmark_debug/refinement/rep1_BaronPancreas_ollama_llama3_2_refinement_random_k.rds","paired_debug_decisions",601,"3bb86d47803e77311de4de7949255907","2026-07-20T05:09:20+0800",TRUE,""
"results/benchmark_debug/refinement/rep1_BunisHSPC_external_deepseek_refinement_confidence_k.rds","paired_debug_decisions",952,"ac623107728a425fa55d9c3a97c3536b","2026-08-06T21:06:11+0800",TRUE,""
"results/benchmark_debug/refinement/rep1_BunisHSPC_external_deepseek_refinement_evidence_k.rds","paired_debug_decisions",856,"49de4a15b39f2be91572efdfa63fd255","2026-08-06T21:06:21+0800",TRUE,""
"results/benchmark_debug/refinement/rep1_BunisHSPC_external_deepseek_refinement_evidence_no_ontology_k.rds","paired_debug_decisions",814,"1d837cdc85f7605ce847a30169dae373","2026-08-06T21:06:14+0800",TRUE,""
"results/benchmark_debug/refinement/rep1_BunisHSPC_external_deepseek_refinement_full.rds","paired_debug_decisions",1163,"d9486e5e1283c78413fcf38bd593bc81","2026-08-06T20:44:31+0800",TRUE,""
"results/benchmark_debug/refinement/rep1_BunisHSPC_external_deepseek_refinement_random_k.rds","paired_debug_decisions",867,"90f8b816510f87870f030a05f3552818","2026-08-06T21:06:06+0800",TRUE,""
"results/benchmark_debug/refinement/rep1_BunisHSPC_external_deepseek_refinement_risk_k.rds","paired_debug_decisions",883,"7f3bda7ce6c4e2b50d7dc5173c8c8ca9","2026-08-06T21:06:18+0800",TRUE,""
"results/benchmark_debug/refinement/rep1_DarmanisBrain_external_deepseek_refinement_confidence_k.rds","paired_debug_decisions",651,"b5b91372a7ef7cf94518dae10ca5d56c","2026-08-06T21:10:34+0800",TRUE,""
"results/benchmark_debug/refinement/rep1_DarmanisBrain_external_deepseek_refinement_evidence_k.rds","paired_debug_decisions",668,"bce124aa107bd646d5e052c6039064e0","2026-08-06T21:10:40+0800",TRUE,""
"results/benchmark_debug/refinement/rep1_DarmanisBrain_external_deepseek_refinement_evidence_no_ontology_k.rds","paired_debug_decisions",625,"c19d8f52203656e781f3405d1752c147","2026-08-06T21:10:36+0800",TRUE,""
"results/benchmark_debug/refinement/rep1_DarmanisBrain_external_deepseek_refinement_full.rds","paired_debug_decisions",1204,"74f6c0661f4e88f40cbb6b6f8eb8564c","2026-08-06T20:48:40+0800",TRUE,""
"results/benchmark_debug/refinement/rep1_DarmanisBrain_external_deepseek_refinement_random_k.rds","paired_debug_decisions",750,"2d8437f2e7d5d62a346e6f54d2dc1c0b","2026-08-06T21:10:33+0800",TRUE,""
"results/benchmark_debug/refinement/rep1_DarmanisBrain_external_deepseek_refinement_risk_k.rds","paired_debug_decisions",688,"ad130bf6cbb641303870c16b1d54ba5c","2026-08-06T21:10:38+0800",TRUE,""
"results/benchmark_debug/refinement/rep1_LawlorPancreas_external_deepseek_refinement_confidence_k.rds","paired_debug_decisions",649,"fec07884e58ff1eb201ca662affa91d9","2026-08-06T21:09:23+0800",TRUE,""
"results/benchmark_debug/refinement/rep1_LawlorPancreas_external_deepseek_refinement_evidence_k.rds","paired_debug_decisions",604,"b39f4a322c159243360c246c3c812878","2026-08-06T21:09:27+0800",TRUE,""
"results/benchmark_debug/refinement/rep1_LawlorPancreas_external_deepseek_refinement_evidence_no_ontology_k.rds","paired_debug_decisions",654,"600abec5f06e8d0de889b89b258613f1","2026-08-06T21:09:24+0800",TRUE,""
"results/benchmark_debug/refinement/rep1_LawlorPancreas_external_deepseek_refinement_full.rds","paired_debug_decisions",957,"41450cbb292f0dbb617e0380abb7e745","2026-08-06T20:47:32+0800",TRUE,""
"results/benchmark_debug/refinement/rep1_LawlorPancreas_external_deepseek_refinement_random_k.rds","paired_debug_decisions",724,"6c89a8a988a37b395dfcc424e381b001","2026-08-06T21:09:21+0800",TRUE,""
"results/benchmark_debug/refinement/rep1_LawlorPancreas_external_deepseek_refinement_risk_k.rds","paired_debug_decisions",635,"719ca0bdb16c692b97a76c805c833057","2026-08-06T21:09:26+0800",TRUE,""
"results/benchmark_debug/refinement/rep1_MarquesBrain_external_deepseek_refinement_confidence_k.rds","paired_debug_decisions",736,"d9426cf79c0394847f683225a3e8e919","2026-08-07T17:16:24+0800",TRUE,""
"results/benchmark_debug/refinement/rep1_MarquesBrain_external_deepseek_refinement_evidence_k.rds","paired_debug_decisions",777,"b7fef68dccecf4fc05c81334fdf3e557","2026-08-07T17:16:30+0800",TRUE,""
"results/benchmark_debug/refinement/rep1_MarquesBrain_external_deepseek_refinement_evidence_no_ontology_k.rds","paired_debug_decisions",719,"dd6ce96e226a5a7e95045e66db95d3da","2026-08-07T17:16:26+0800",TRUE,""
"results/benchmark_debug/refinement/rep1_MarquesBrain_external_deepseek_refinement_full.rds","paired_debug_decisions",1197,"e9e8e99382bf44d7b175e2a40f87e9f1","2026-08-07T17:16:38+0800",TRUE,""
"results/benchmark_debug/refinement/rep1_MarquesBrain_external_deepseek_refinement_random_k.rds","paired_debug_decisions",741,"916bd56fd89423dcd1cba7ed75353ea1","2026-08-07T17:16:22+0800",TRUE,""
"results/benchmark_debug/refinement/rep1_MarquesBrain_external_deepseek_refinement_risk_k.rds","paired_debug_decisions",778,"1c24d25a35f65a6b70d70a605aef7729","2026-08-07T17:16:28+0800",TRUE,""
"results/benchmark_debug/refinement/rep1_MuraroPancreas_deepseek_refinement_full.rds","paired_debug_decisions",1109,"c07749fb35c80cfc9f10ce42dec20f76","2026-07-18T03:40:05+0800",TRUE,""
"results/benchmark_debug/refinement/rep1_NestorowaHSC_external_deepseek_refinement_full.rds","paired_debug_decisions",692,"51260a47b0ca4989e79b38b425726d45","2026-08-06T19:08:28+0800",TRUE,""
"results/benchmark_debug/refinement/rep1_NowakowskiCortex_external_deepseek_refinement_confidence_k.rds","paired_debug_decisions",854,"eb50345f822881a2e53ea3b0dd55f0ca","2026-08-07T17:15:52+0800",TRUE,""
"results/benchmark_debug/refinement/rep1_NowakowskiCortex_external_deepseek_refinement_evidence_k.rds","paired_debug_decisions",896,"e9bb12cc5561fd9dca1cc5d00e86298c","2026-08-07T17:16:01+0800",TRUE,""
"results/benchmark_debug/refinement/rep1_NowakowskiCortex_external_deepseek_refinement_evidence_no_ontology_k.rds","paired_debug_decisions",979,"38a8df7ac7e9b76c34498137a5d44d93","2026-08-07T17:15:55+0800",TRUE,""
"results/benchmark_debug/refinement/rep1_NowakowskiCortex_external_deepseek_refinement_full.rds","paired_debug_decisions",1463,"572ba81d62742082f02cd742e8a3ce67","2026-08-07T17:16:07+0800",TRUE,""
"results/benchmark_debug/refinement/rep1_NowakowskiCortex_external_deepseek_refinement_random_k.rds","paired_debug_decisions",759,"25a9b8f7595b97f7dbee40230a38722a","2026-08-07T17:15:50+0800",TRUE,""
"results/benchmark_debug/refinement/rep1_NowakowskiCortex_external_deepseek_refinement_risk_k.rds","paired_debug_decisions",855,"c02b276f522419a17e3354e0a584ba30","2026-08-07T17:15:58+0800",TRUE,""
"results/benchmark_debug/refinement/rep1_PBMC_deepseek_refinement_full.rds","paired_debug_decisions",1184,"ab85fcaac9eca286f91f36afc305b7e0","2026-07-18T03:34:00+0800",TRUE,""
"results/benchmark_debug/refinement/rep1_PBMC_ollama_gemma2_2b_refinement_confidence_k.rds","paired_debug_decisions",858,"fc26686e8f94034953aa50af4fee8bce","2026-07-20T04:58:22+0800",TRUE,""
"results/benchmark_debug/refinement/rep1_PBMC_ollama_gemma2_2b_refinement_evidence_k.rds","paired_debug_decisions",670,"4eacaa0513ad8f5275e2b47253c30694","2026-07-20T04:59:48+0800",TRUE,""
"results/benchmark_debug/refinement/rep1_PBMC_ollama_gemma2_2b_refinement_random_k.rds","paired_debug_decisions",652,"a408986a71812001d6b88671d2cce3ee","2026-07-20T04:56:50+0800",TRUE,""
"results/benchmark_debug/refinement/rep1_PBMC_ollama_llama3_2_refinement_full.rds","paired_debug_decisions",799,"bd72cb4f4834926b2167626fe784a475","2026-07-19T21:27:17+0800",TRUE,""
"results/benchmark_debug/refinement/rep1_PBMC_ollama_mistral_refinement_confidence_k.rds","paired_debug_decisions",687,"0a4991e1d562e83803e5b064fbd17f79","2026-07-20T04:28:38+0800",TRUE,""
"results/benchmark_debug/refinement/rep1_PBMC_ollama_mistral_refinement_random_k.rds","paired_debug_decisions",557,"db5096ff371ec1913b91f5d933b5dfcf","2026-07-20T04:19:30+0800",TRUE,""
"results/benchmark_debug/refinement/rep1_PollenGlia_external_deepseek_refinement_confidence_k.rds","paired_debug_decisions",630,"9e4b1718450fc59500a1dd5e2516e9e1","2026-08-06T21:10:45+0800",TRUE,""
"results/benchmark_debug/refinement/rep1_PollenGlia_external_deepseek_refinement_evidence_k.rds","paired_debug_decisions",633,"8b559dcf4df8335f09fce75382c34c09","2026-08-06T21:10:50+0800",TRUE,""
"results/benchmark_debug/refinement/rep1_PollenGlia_external_deepseek_refinement_evidence_no_ontology_k.rds","paired_debug_decisions",639,"4cf02d6af80a8e21e37943b1aa67eb36","2026-08-06T21:10:47+0800",TRUE,""
"results/benchmark_debug/refinement/rep1_PollenGlia_external_deepseek_refinement_full.rds","paired_debug_decisions",792,"0db4f13b0423b3c95b56bc42b7bfda59","2026-08-06T20:48:49+0800",TRUE,""
"results/benchmark_debug/refinement/rep1_PollenGlia_external_deepseek_refinement_random_k.rds","paired_debug_decisions",683,"fa4c383f7014d08d543c40fe2f5f6e2f","2026-08-06T21:10:44+0800",TRUE,""
"results/benchmark_debug/refinement/rep1_PollenGlia_external_deepseek_refinement_risk_k.rds","paired_debug_decisions",634,"8f0349428c475b214e10e21a585a3025","2026-08-06T21:10:48+0800",TRUE,""
"results/benchmark_debug/refinement/rep1_RomanovBrain_external_deepseek_refinement_confidence_k.rds","paired_debug_decisions",813,"006938fb48f3ab9f1a4385a255c77eef","2026-08-07T17:16:55+0800",TRUE,""
"results/benchmark_debug/refinement/rep1_RomanovBrain_external_deepseek_refinement_evidence_k.rds","paired_debug_decisions",1041,"8a56aa4d4782f577187b49fb9dee64af","2026-08-07T17:17:06+0800",TRUE,""
"results/benchmark_debug/refinement/rep1_RomanovBrain_external_deepseek_refinement_evidence_no_ontology_k.rds","paired_debug_decisions",779,"8c96911d36ae71e33a155c2b5c4fd117","2026-08-07T17:16:58+0800",TRUE,""
"results/benchmark_debug/refinement/rep1_RomanovBrain_external_deepseek_refinement_full.rds","paired_debug_decisions",1154,"1d9703ebd2927abe0853dc1510e23ec7","2026-08-07T17:17:13+0800",TRUE,""
"results/benchmark_debug/refinement/rep1_RomanovBrain_external_deepseek_refinement_random_k.rds","paired_debug_decisions",785,"9d036bedeecb9525a500436f373d0876","2026-08-07T17:16:52+0800",TRUE,""
"results/benchmark_debug/refinement/rep1_RomanovBrain_external_deepseek_refinement_risk_k.rds","paired_debug_decisions",882,"6be7f276acd09d9142bee1e30a00e3a9","2026-08-07T17:17:01+0800",TRUE,""
"results/benchmark_debug/refinement/rep1_SegerstolpePancreas_external_deepseek_refinement_confidence_k.rds","paired_debug_decisions",889,"5d66994418fd026027582c9f1d87c727","2026-08-06T21:08:15+0800",TRUE,""
"results/benchmark_debug/refinement/rep1_SegerstolpePancreas_external_deepseek_refinement_evidence_k.rds","paired_debug_decisions",646,"575f28df2db8219eb8c5bc7e9b7c7614","2026-08-06T21:08:22+0800",TRUE,""
"results/benchmark_debug/refinement/rep1_SegerstolpePancreas_external_deepseek_refinement_evidence_no_ontology_k.rds","paired_debug_decisions",673,"28c2e1e8850fa51a3b5982b9d89d5a05","2026-08-06T21:08:17+0800",TRUE,""
"results/benchmark_debug/refinement/rep1_SegerstolpePancreas_external_deepseek_refinement_full.rds","paired_debug_decisions",1168,"d559b2d7379878b91911541579bf505b","2026-08-06T20:46:28+0800",TRUE,""
"results/benchmark_debug/refinement/rep1_SegerstolpePancreas_external_deepseek_refinement_random_k.rds","paired_debug_decisions",807,"7738d43bd1e6ba7f634d417674043b00","2026-08-06T21:08:12+0800",TRUE,""
"results/benchmark_debug/refinement/rep1_SegerstolpePancreas_external_deepseek_refinement_risk_k.rds","paired_debug_decisions",913,"8876f7776b8d3a5d7b95b4c72e170d5b","2026-08-06T21:08:20+0800",TRUE,""
"results/benchmark_debug/refinement/rep1_TasicBrain_deepseek_refinement_full.rds","paired_debug_decisions",1112,"a312570b3a3ba2285e895502d65749cd","2026-07-18T03:43:45+0800",TRUE,""
"results/benchmark_debug/refinement/rep1_WuKidneyHealthy_external_deepseek_refinement_confidence_k.rds","paired_debug_decisions",1140,"8f833b48d786007d83282548f93395ab","2026-08-06T21:11:16+0800",TRUE,""
"results/benchmark_debug/refinement/rep1_WuKidneyHealthy_external_deepseek_refinement_evidence_k.rds","paired_debug_decisions",955,"9b1144495813e9a71380eee7696ce4c6","2026-08-06T21:11:29+0800",TRUE,""
"results/benchmark_debug/refinement/rep1_WuKidneyHealthy_external_deepseek_refinement_evidence_no_ontology_k.rds","paired_debug_decisions",794,"c3e0b6ab27fc39ff999b52c877c179fa","2026-08-06T21:11:19+0800",TRUE,""
"results/benchmark_debug/refinement/rep1_WuKidneyHealthy_external_deepseek_refinement_full.rds","paired_debug_decisions",1356,"028af28190708b68344707e112faaecb","2026-08-06T20:49:30+0800",TRUE,""
"results/benchmark_debug/refinement/rep1_WuKidneyHealthy_external_deepseek_refinement_random_k.rds","paired_debug_decisions",946,"92adcfa8f2a7bfaf651b56a95ff95092","2026-08-06T21:11:10+0800",TRUE,""
"results/benchmark_debug/refinement/rep1_WuKidneyHealthy_external_deepseek_refinement_risk_k.rds","paired_debug_decisions",1085,"57b0527dff9de54cc0cdb46c16b7f88a","2026-08-06T21:11:24+0800",TRUE,""
"results/benchmark_debug/refinement/rep1_XinPancreas_external_deepseek_refinement_confidence_k.rds","paired_debug_decisions",766,"f793dbc847d9180e1e413e7fdaeb38bf","2026-08-06T21:09:56+0800",TRUE,""
"results/benchmark_debug/refinement/rep1_XinPancreas_external_deepseek_refinement_evidence_k.rds","paired_debug_decisions",726,"a4f9d59c882b01859e5ebe0137eae50e","2026-08-06T21:10:03+0800",TRUE,""
"results/benchmark_debug/refinement/rep1_XinPancreas_external_deepseek_refinement_evidence_no_ontology_k.rds","paired_debug_decisions",680,"d1ebf89f6cf3cdd32afb80dd13c8b9d2","2026-08-06T21:09:57+0800",TRUE,""
"results/benchmark_debug/refinement/rep1_XinPancreas_external_deepseek_refinement_full.rds","paired_debug_decisions",909,"249e7b8d88ff3b1775706d6f54c34702","2026-08-06T20:48:02+0800",TRUE,""
"results/benchmark_debug/refinement/rep1_XinPancreas_external_deepseek_refinement_random_k.rds","paired_debug_decisions",903,"e014be1dcbf07d2a8db4dc1c64efca2e","2026-08-06T21:09:54+0800",TRUE,""
"results/benchmark_debug/refinement/rep1_XinPancreas_external_deepseek_refinement_risk_k.rds","paired_debug_decisions",1042,"fcafe33051129d584ee8dfd27f5993a4","2026-08-06T21:10:01+0800",TRUE,""
"results/benchmark_debug/refinement/rep1_ZeiselBrain_deepseek_refinement_confidence_k.rds","paired_debug_decisions",587,"60e818423f82818310810752c68b035e","2026-07-18T03:45:58+0800",TRUE,""
"results/benchmark_debug/refinement/rep1_ZeiselBrain_deepseek_refinement_evidence_k.rds","paired_debug_decisions",603,"617f12411d86c1d5be2fd000cd2ba6f0","2026-07-18T03:46:01+0800",TRUE,""
"results/benchmark_debug/refinement/rep1_ZeiselBrain_deepseek_refinement_full.rds","paired_debug_decisions",1114,"ec63dc592cd8e94837bbb2b7237e7e88","2026-07-18T03:46:10+0800",TRUE,""
"results/benchmark_debug/refinement/rep1_ZeiselBrain_deepseek_refinement_random_k.rds","paired_debug_decisions",650,"983ba7241695b9fda850f770cc9e0ce0","2026-07-18T03:45:57+0800",TRUE,""
"results/benchmark_debug/refinement/rep1_ZhongPrefrontal_external_deepseek_refinement_confidence_k.rds","paired_debug_decisions",788,"ee5782c94efff290c302afb3f174df78","2026-08-07T17:17:29+0800",TRUE,""
"results/benchmark_debug/refinement/rep1_ZhongPrefrontal_external_deepseek_refinement_evidence_k.rds","paired_debug_decisions",854,"7177d71736f965e6f5d86d01e94cd86c","2026-08-07T17:17:37+0800",TRUE,""
"results/benchmark_debug/refinement/rep1_ZhongPrefrontal_external_deepseek_refinement_evidence_no_ontology_k.rds","paired_debug_decisions",755,"f78d151e221d2423429e00db6f99bbec","2026-08-07T17:17:31+0800",TRUE,""
"results/benchmark_debug/refinement/rep1_ZhongPrefrontal_external_deepseek_refinement_full.rds","paired_debug_decisions",1320,"c3066979a969cdd7148b200e5fc3e4b2","2026-08-07T17:17:47+0800",TRUE,""
"results/benchmark_debug/refinement/rep1_ZhongPrefrontal_external_deepseek_refinement_random_k.rds","paired_debug_decisions",892,"c8aeeec71026a0f5c9711efbbf0d1906","2026-08-07T17:17:26+0800",TRUE,""
"results/benchmark_debug/refinement/rep1_ZhongPrefrontal_external_deepseek_refinement_risk_k.rds","paired_debug_decisions",756,"b43112748f3bbb99ad2f12218b81a666","2026-08-07T17:17:35+0800",TRUE,""
"results/benchmark_debug/refinement/rep1_ZilionisLung_deepseek_refinement_confidence_k.rds","paired_debug_decisions",889,"e28c922d9afb3c131ee6a4728294b181","2026-07-18T03:48:41+0800",TRUE,""
"results/benchmark_debug/refinement/rep1_ZilionisLung_deepseek_refinement_evidence_k.rds","paired_debug_decisions",794,"36286da7aeb7d10e27aee116d9c76711","2026-07-18T03:48:45+0800",TRUE,""
"results/benchmark_debug/refinement/rep1_ZilionisLung_deepseek_refinement_full.rds","paired_debug_decisions",1207,"f30b52d155203490ee601bb83fa14a38","2026-07-18T03:48:55+0800",TRUE,""
"results/benchmark_debug/refinement/rep1_ZilionisLung_deepseek_refinement_random_k.rds","paired_debug_decisions",825,"45a50def76243bb37248cd317c37f011","2026-07-18T03:48:35+0800",TRUE,""
"results/benchmark_debug/refinement/rep1_ZilionisLung_ollama_gemma2_2b_refinement_confidence_k.rds","paired_debug_decisions",654,"17a05fd213b96a82a3ecda619640bc69","2026-07-20T03:11:08+0800",TRUE,""
"results/benchmark_debug/refinement/rep1_ZilionisLung_ollama_gemma2_2b_refinement_evidence_k.rds","paired_debug_decisions",800,"5e3aa0af36f3293df9df4b4ce6684dc0","2026-07-20T03:13:38+0800",TRUE,""
"results/benchmark_debug/refinement/rep1_ZilionisLung_ollama_gemma2_2b_refinement_evidence_no_ontology_k.rds","paired_debug_decisions",824,"313d64af63b7615bed4cc8e2c33fa3c7","2026-07-22T06:01:12+0800",TRUE,""
"results/benchmark_debug/refinement/rep1_ZilionisLung_ollama_gemma2_2b_refinement_random_k.rds","paired_debug_decisions",771,"8de6f405ccb6d6a50d3a7bc008e5c323","2026-07-20T03:09:19+0800",TRUE,""
"results/benchmark_debug/refinement/rep1_ZilionisLung_ollama_llama3_2_refinement_confidence_k.rds","paired_debug_decisions",715,"34b340cfb1ba7212d25bac69fc7286cb","2026-07-19T21:56:09+0800",TRUE,""
"results/benchmark_debug/refinement/rep1_ZilionisLung_ollama_llama3_2_refinement_evidence_k.rds","paired_debug_decisions",706,"a0c3f1b7a60c633126245b7c4fbe7f4a","2026-07-19T21:57:12+0800",TRUE,""
"results/benchmark_debug/refinement/rep1_ZilionisLung_ollama_llama3_2_refinement_evidence_no_ontology_k.rds","paired_debug_decisions",684,"277e6e969f5ded03af6a926bfed087a3","2026-07-22T05:53:40+0800",TRUE,""
"results/benchmark_debug/refinement/rep1_ZilionisLung_ollama_llama3_2_refinement_full.rds","paired_debug_decisions",403,"5aec214d01b7cbf5659a2b02845e1615","2026-07-19T22:12:19+0800",TRUE,""
"results/benchmark_debug/refinement/rep1_ZilionisLung_ollama_llama3_2_refinement_random_k.rds","paired_debug_decisions",681,"a2e2b4322673ede279a0d832b6f8edca","2026-07-19T21:55:19+0800",TRUE,""
"results/benchmark_debug/refinement/rep1_ZilionisLung_ollama_mistral_refinement_confidence_k.rds","paired_debug_decisions",730,"9abc60c1e307b8efeb1d542aea003654","2026-07-20T02:58:20+0800",TRUE,""
"results/benchmark_debug/refinement/rep1_ZilionisLung_ollama_mistral_refinement_evidence_k.rds","paired_debug_decisions",794,"ec8a5089ca9ec01c9265475ffdfa9d57","2026-07-20T03:03:14+0800",TRUE,""
"results/benchmark_debug/refinement/rep1_ZilionisLung_ollama_mistral_refinement_evidence_no_ontology_k.rds","paired_debug_decisions",833,"c5949989cf43281c8e51db7710aed0fd","2026-07-22T05:59:36+0800",TRUE,""
"results/benchmark_debug/refinement/rep1_ZilionisLung_ollama_mistral_refinement_random_k.rds","paired_debug_decisions",792,"74f4bb37d0e5119c77e1e3dd99cac70f","2026-07-20T02:54:10+0800",TRUE,""
"results/benchmark_debug/refinement/rep2_BaronPancreas_deepseek_refinement_full.rds","paired_debug_decisions",960,"8ec5827f1af1ddab1aba731a0c2de5c2","2026-07-18T04:39:40+0800",TRUE,""
"results/benchmark_debug/refinement/rep2_MuraroPancreas_deepseek_refinement_full.rds","paired_debug_decisions",1086,"3beda205afb3e8b1382bc43641c411cd","2026-07-19T04:07:56+0800",TRUE,""
"results/benchmark_debug/refinement/rep2_PBMC_deepseek_refinement_full.rds","paired_debug_decisions",1032,"3696b6fabb767b43a54c85da82b39f07","2026-07-18T04:39:01+0800",TRUE,""
"results/benchmark_debug/refinement/rep2_TasicBrain_deepseek_refinement_full.rds","paired_debug_decisions",1141,"09de521135beaa48773d195adccac20f","2026-07-19T04:25:33+0800",TRUE,""
"results/benchmark_debug/refinement/rep2_ZeiselBrain_deepseek_refinement_confidence_k.rds","paired_debug_decisions",628,"11164061f9df65a7fa8798fc443a9833","2026-07-19T04:27:00+0800",TRUE,""
"results/benchmark_debug/refinement/rep2_ZeiselBrain_deepseek_refinement_evidence_k.rds","paired_debug_decisions",624,"bfd3b729490b5497a43798371df35cd5","2026-07-19T04:27:01+0800",TRUE,""
"results/benchmark_debug/refinement/rep2_ZeiselBrain_deepseek_refinement_full.rds","paired_debug_decisions",1130,"a12594a29d8efcec179054aead872c3b","2026-07-19T04:27:09+0800",TRUE,""
"results/benchmark_debug/refinement/rep2_ZeiselBrain_deepseek_refinement_random_k.rds","paired_debug_decisions",608,"2d52155e1561366f685a7c4d82491d95","2026-07-19T04:26:58+0800",TRUE,""
"results/benchmark_debug/refinement/rep2_ZilionisLung_deepseek_refinement_confidence_k.rds","paired_debug_decisions",598,"906b4c7d1e6ce07585236bb1c2f3cae4","2026-07-19T04:28:59+0800",TRUE,""
"results/benchmark_debug/refinement/rep2_ZilionisLung_deepseek_refinement_evidence_k.rds","paired_debug_decisions",667,"6a0d49fde7ff3d78d29bb752584642ee","2026-07-19T04:29:01+0800",TRUE,""
"results/benchmark_debug/refinement/rep2_ZilionisLung_deepseek_refinement_full.rds","paired_debug_decisions",1405,"3acb35c3582a5f86aaa719146dcfd72b","2026-07-19T04:29:08+0800",TRUE,""
"results/benchmark_debug/refinement/rep2_ZilionisLung_deepseek_refinement_random_k.rds","paired_debug_decisions",624,"0886fac15e2c0e9ed064a2c2fdf6ab93","2026-07-19T04:28:57+0800",TRUE,""
"results/benchmark_debug/refinement/rep3_BaronPancreas_deepseek_refinement_full.rds","paired_debug_decisions",1186,"fc740bc523f9075c9c021d276adf09f9","2026-07-19T05:50:53+0800",TRUE,""
"results/benchmark_debug/refinement/rep3_MuraroPancreas_deepseek_refinement_full.rds","paired_debug_decisions",1313,"c5fef770862d2a76e744e4a062008d01","2026-07-19T06:09:28+0800",TRUE,""
"results/benchmark_debug/refinement/rep3_PBMC_deepseek_refinement_full.rds","paired_debug_decisions",944,"f80b2aa64ad0f08dcf672b22d4600cde","2026-07-19T05:49:52+0800",TRUE,""
"results/benchmark_debug/refinement/rep3_TasicBrain_deepseek_refinement_full.rds","paired_debug_decisions",1062,"7287d54d41741926c728f446353ddcf6","2026-07-19T06:15:06+0800",TRUE,""
"results/benchmark_debug/refinement/rep3_ZeiselBrain_deepseek_refinement_confidence_k.rds","paired_debug_decisions",617,"53c2833952e66509e04502caf254fe3b","2026-07-19T06:15:29+0800",TRUE,""
"results/benchmark_debug/refinement/rep3_ZeiselBrain_deepseek_refinement_evidence_k.rds","paired_debug_decisions",641,"32390f5783678bf2d007cdf174c3a647","2026-07-19T06:15:31+0800",TRUE,""
"results/benchmark_debug/refinement/rep3_ZeiselBrain_deepseek_refinement_full.rds","paired_debug_decisions",1426,"3254aca7cb0b7b2d193ff85a237d647a","2026-07-19T06:15:39+0800",TRUE,""
"results/benchmark_debug/refinement/rep3_ZeiselBrain_deepseek_refinement_random_k.rds","paired_debug_decisions",567,"9299d086835b367c4a2b7a1b8fc5c5a1","2026-07-19T06:15:28+0800",TRUE,""
"results/benchmark_debug/refinement/rep3_ZilionisLung_deepseek_refinement_confidence_k.rds","paired_debug_decisions",1002,"df937874a35cda31bd59424c3b82113b","2026-07-19T06:16:27+0800",TRUE,""
"results/benchmark_debug/refinement/rep3_ZilionisLung_deepseek_refinement_evidence_k.rds","paired_debug_decisions",795,"6fd5de9cacde9ef9046c26f57b5d58ee","2026-07-19T06:16:31+0800",TRUE,""
"results/benchmark_debug/refinement/rep3_ZilionisLung_deepseek_refinement_full.rds","paired_debug_decisions",1355,"dac7a4f2e0c11f0a93649c126abbe5af","2026-07-19T06:16:40+0800",TRUE,""
"results/benchmark_debug/refinement/rep3_ZilionisLung_deepseek_refinement_random_k.rds","paired_debug_decisions",1111,"107ad270fe98f135802922165b7052e0","2026-07-19T06:16:22+0800",TRUE,""
"results/benchmark_debug/rep1_BaronPancreas_CellTypist_debug.csv","paired_debug_decisions",1851,"b84fdb90a92464c30e505289bde5e598","2026-07-19T05:11:29+0800",TRUE,""
"results/benchmark_debug/rep1_BaronPancreas_DeepSeek-Plain_debug.csv","paired_debug_decisions",3768,"810abbd61b5553df51163feb89d19c33","2026-07-19T04:52:10+0800",TRUE,""
"results/benchmark_debug/rep1_BaronPancreas_DeepSeekCell-Calibrated_debug.csv","paired_debug_decisions",4174,"3c44670cd7e9deab8c85a7daf9718a5e","2026-07-19T04:52:24+0800",TRUE,""
"results/benchmark_debug/rep1_BaronPancreas_DeepSeekCell-ConfidenceK_debug.csv","paired_debug_decisions",4318,"695c4d95a6ca695fe209f6e417b7248d","2026-07-19T04:52:45+0800",TRUE,""
"results/benchmark_debug/rep1_BaronPancreas_DeepSeekCell-Evidence_debug.csv","paired_debug_decisions",4122,"8d73671a0275bcf3ad91837ee39e7ce3","2026-07-19T04:52:17+0800",TRUE,""
"results/benchmark_debug/rep1_BaronPancreas_DeepSeekCell-FullRefined_debug.csv","paired_debug_decisions",4158,"0f5cd92dd1c2474166889bbc952fd4ec","2026-07-19T04:52:51+0800",TRUE,""
"results/benchmark_debug/rep1_BaronPancreas_DeepSeekCell-RandomK_debug.csv","paired_debug_decisions",4190,"2dcf0ce4b53da577131b259d749ed21d","2026-07-19T04:52:38+0800",TRUE,""
"results/benchmark_debug/rep1_BaronPancreas_DeepSeekCell-SelfRefined_debug.csv","paired_debug_decisions",4286,"45da14336751d6fced3b02460ccb40dc","2026-07-19T04:52:31+0800",TRUE,""
"results/benchmark_debug/rep1_BaronPancreas_DeepSeek_debug.csv","paired_debug_decisions",1820,"93585487795c3d9132f4bcbaaa67e746","2026-06-13T19:35:09+0800",TRUE,""
"results/benchmark_debug/rep1_BaronPancreas_Ollama_gemma2_2b-Plain_debug.csv","paired_debug_decisions",4060,"26f05106dffa04120b8b53d0abace1f0","2026-07-20T05:14:53+0800",TRUE,""
"results/benchmark_debug/rep1_BaronPancreas_Ollama_gemma2_2bCell-Calibrated_debug.csv","paired_debug_decisions",4468,"87b509ad67496b8e2c8e0a5bd46d12ce","2026-07-20T05:15:01+0800",TRUE,""
"results/benchmark_debug/rep1_BaronPancreas_Ollama_gemma2_2bCell-ConfidenceK_debug.csv","paired_debug_decisions",4623,"fb4adc173094effdd85fc8e9ad26a8a6","2026-07-20T05:15:14+0800",TRUE,""
"results/benchmark_debug/rep1_BaronPancreas_Ollama_gemma2_2bCell-Evidence_debug.csv","paired_debug_decisions",4410,"6e30258f4fa81f44fef7f9f06e4b30da","2026-07-20T05:14:57+0800",TRUE,""
"results/benchmark_debug/rep1_BaronPancreas_Ollama_gemma2_2bCell-RandomK_debug.csv","paired_debug_decisions",4481,"bc0d54b351eb21586c8602476c938be0","2026-07-20T05:15:10+0800",TRUE,""
"results/benchmark_debug/rep1_BaronPancreas_Ollama_gemma2_2bCell-SelfRefined_debug.csv","paired_debug_decisions",4592,"fcc4de4f0562d0efbc7b6aab40a7a46c","2026-07-20T05:15:05+0800",TRUE,""
"results/benchmark_debug/rep1_BaronPancreas_Ollama_llama3_2-Plain_debug.csv","paired_debug_decisions",4140,"98bbf2a87fdce7618342cce2ec457f06","2026-07-20T05:10:24+0800",TRUE,""
"results/benchmark_debug/rep1_BaronPancreas_Ollama_llama3_2Cell-Calibrated_debug.csv","paired_debug_decisions",4548,"149b9793efb6b962574e6156f6271e7f","2026-07-20T05:10:34+0800",TRUE,""
"results/benchmark_debug/rep1_BaronPancreas_Ollama_llama3_2Cell-ConfidenceK_debug.csv","paired_debug_decisions",4697,"1e009a74bff3156bc47c9ec4d138f9fb","2026-07-20T05:10:47+0800",TRUE,""
"results/benchmark_debug/rep1_BaronPancreas_Ollama_llama3_2Cell-Evidence_debug.csv","paired_debug_decisions",4490,"52c33690edc3ce58b9f423804a77622d","2026-07-20T05:10:30+0800",TRUE,""
"results/benchmark_debug/rep1_BaronPancreas_Ollama_llama3_2Cell-RandomK_debug.csv","paired_debug_decisions",4561,"8a90c5edf49e754f8f54d90221edec1b","2026-07-20T05:10:43+0800",TRUE,""
"results/benchmark_debug/rep1_BaronPancreas_Ollama_llama3_2Cell-SelfRefined_debug.csv","paired_debug_decisions",4672,"8f4d76bb715559eabadb89d867505c35","2026-07-20T05:10:38+0800",TRUE,""
"results/benchmark_debug/rep1_BaronPancreas_SingleR_debug.csv","paired_debug_decisions",1851,"1cd66cb4e42de78b4a799d0a80e07abd","2026-07-19T04:55:13+0800",TRUE,""
"results/benchmark_debug/rep1_BaronPancreas_scType_debug.csv","paired_debug_decisions",1843,"bd42b97ab9003abbb826dbfdffe3b185","2026-07-19T04:52:59+0800",TRUE,""
"results/benchmark_debug/rep1_BaronPancreas_scmap_debug.csv","paired_debug_decisions",1852,"0fa2dfd13742b1e656cbaba848789932","2026-07-19T04:56:10+0800",TRUE,""
"results/benchmark_debug/rep1_BunisHSPC_DeepSeek-Plain_debug.csv","paired_debug_decisions",4724,"1c283fcc7bee9b21c878f5eef43d6763","2026-08-07T17:08:55+0800",TRUE,""
"results/benchmark_debug/rep1_BunisHSPC_DeepSeekCell-Calibrated_debug.csv","paired_debug_decisions",5210,"1b10143bf5ee9018995cbd1436a5a309","2026-08-07T17:09:04+0800",TRUE,""
"results/benchmark_debug/rep1_BunisHSPC_DeepSeekCell-ConfidenceK_debug.csv","paired_debug_decisions",5372,"1368052f7eeddaa45e3e87b479428830","2026-08-07T17:09:17+0800",TRUE,""
"results/benchmark_debug/rep1_BunisHSPC_DeepSeekCell-Evidence_debug.csv","paired_debug_decisions",5172,"48f13fe9eeb9a0e7c6caf3798780c760","2026-08-07T17:08:59+0800",TRUE,""
"results/benchmark_debug/rep1_BunisHSPC_DeepSeekCell-FullRefined_debug.csv","paired_debug_decisions",5101,"6c42aeaa6dd7707cf066310ce2d7f301","2026-08-07T17:09:31+0800",TRUE,""
"results/benchmark_debug/rep1_BunisHSPC_DeepSeekCell-NoOntologyK_debug.csv","paired_debug_decisions",5330,"6e0e834bdf7cfbd01a5f934e85c4ca75","2026-08-07T17:09:22+0800",TRUE,""
"results/benchmark_debug/rep1_BunisHSPC_DeepSeekCell-RandomK_debug.csv","paired_debug_decisions",5177,"3c71e14bd8248ff99c639c7bcf8b6000","2026-08-07T17:09:12+0800",TRUE,""
"results/benchmark_debug/rep1_BunisHSPC_DeepSeekCell-RiskK_debug.csv","paired_debug_decisions",5852,"ae6932f33b9c92c1a3ca98f0dec3965e","2026-08-07T17:09:26+0800",TRUE,""
"results/benchmark_debug/rep1_BunisHSPC_DeepSeekCell-SelfRefined_debug.csv","paired_debug_decisions",5189,"69b13d03cb4a16d7456fba9f4039a6e6","2026-08-07T17:09:08+0800",TRUE,""
"results/benchmark_debug/rep1_DarmanisBrain_DeepSeek-Plain_debug.csv","paired_debug_decisions",2225,"26e7248aa94264150a69a27d65ed3511","2026-08-07T17:10:41+0800",TRUE,""
"results/benchmark_debug/rep1_DarmanisBrain_DeepSeekCell-Calibrated_debug.csv","paired_debug_decisions",2381,"fdaddb8209b22e103fa49077cad6316e","2026-08-07T17:10:41+0800",TRUE,""
"results/benchmark_debug/rep1_DarmanisBrain_DeepSeekCell-ConfidenceK_debug.csv","paired_debug_decisions",2409,"1517eade5ca83e5f04e6ed09c5ae0804","2026-08-07T17:10:41+0800",TRUE,""
"results/benchmark_debug/rep1_DarmanisBrain_DeepSeekCell-Evidence_debug.csv","paired_debug_decisions",2365,"a5454ad1f4114aab4f9d1938485c1932","2026-08-07T17:10:41+0800",TRUE,""
"results/benchmark_debug/rep1_DarmanisBrain_DeepSeekCell-FullRefined_debug.csv","paired_debug_decisions",2269,"6d4c51dc2d6df6439f399ab51ff18c2b","2026-08-07T17:10:41+0800",TRUE,""
"results/benchmark_debug/rep1_DarmanisBrain_DeepSeekCell-NoOntologyK_debug.csv","paired_debug_decisions",2458,"e384aca451c2edebeedbb7620cf5880a","2026-08-07T17:10:41+0800",TRUE,""
"results/benchmark_debug/rep1_DarmanisBrain_DeepSeekCell-RandomK_debug.csv","paired_debug_decisions",2348,"88a2d73772745835db1f2b16f6fe22d8","2026-08-07T17:10:41+0800",TRUE,""
"results/benchmark_debug/rep1_DarmanisBrain_DeepSeekCell-RiskK_debug.csv","paired_debug_decisions",2609,"00e09fe54502924e3ef7aeda37ab28c8","2026-08-07T17:10:41+0800",TRUE,""
"results/benchmark_debug/rep1_DarmanisBrain_DeepSeekCell-SelfRefined_debug.csv","paired_debug_decisions",2399,"0fd166b4bbf1f5ae155c4dd5d032157f","2026-08-07T17:10:41+0800",TRUE,""
"results/benchmark_debug/rep1_LawlorPancreas_DeepSeek-Plain_debug.csv","paired_debug_decisions",1798,"296a6dc23e3865d84b6ccc4c93c73cf6","2026-08-07T17:10:16+0800",TRUE,""
"results/benchmark_debug/rep1_LawlorPancreas_DeepSeekCell-Calibrated_debug.csv","paired_debug_decisions",1925,"f81d08ca33cf9c2887499b8bb511e32b","2026-08-07T17:10:17+0800",TRUE,""
"results/benchmark_debug/rep1_LawlorPancreas_DeepSeekCell-ConfidenceK_debug.csv","paired_debug_decisions",1952,"6328b9c4fa174267c25181206145855c","2026-08-07T17:10:19+0800",TRUE,""
"results/benchmark_debug/rep1_LawlorPancreas_DeepSeekCell-Evidence_debug.csv","paired_debug_decisions",1913,"9b1e6f36f837cca4280af14fbd36bd6c","2026-08-07T17:10:17+0800",TRUE,""
"results/benchmark_debug/rep1_LawlorPancreas_DeepSeekCell-FullRefined_debug.csv","paired_debug_decisions",1853,"6a0e79ea2bfcfefb2e3b716a54893f03","2026-08-07T17:10:20+0800",TRUE,""
"results/benchmark_debug/rep1_LawlorPancreas_DeepSeekCell-NoOntologyK_debug.csv","paired_debug_decisions",1988,"a8f552ed8b3136c532788ff23cf52fc8","2026-08-07T17:10:19+0800",TRUE,""
"results/benchmark_debug/rep1_LawlorPancreas_DeepSeekCell-RandomK_debug.csv","paired_debug_decisions",1900,"5f3541930a92c5407e5fad5cc3dd5b03","2026-08-07T17:10:18+0800",TRUE,""
"results/benchmark_debug/rep1_LawlorPancreas_DeepSeekCell-RiskK_debug.csv","paired_debug_decisions",2112,"19e3df9060513b584e013edd0a4aa6cc","2026-08-07T17:10:19+0800",TRUE,""
"results/benchmark_debug/rep1_LawlorPancreas_DeepSeekCell-SelfRefined_debug.csv","paired_debug_decisions",1941,"d5402aa96a79fcee2a7f157757b73560","2026-08-07T17:10:18+0800",TRUE,""
"results/benchmark_debug/rep1_MarquesBrain_DeepSeek-Plain_debug.csv","paired_debug_decisions",5446,"bdd8cd0cfa052565cfcd6c747f668feb","2026-08-07T17:16:40+0800",TRUE,""
"results/benchmark_debug/rep1_MarquesBrain_DeepSeekCell-Calibrated_debug.csv","paired_debug_decisions",5958,"4bc5640be401bf2924e4aa8366fc76d1","2026-08-07T17:16:41+0800",TRUE,""
"results/benchmark_debug/rep1_MarquesBrain_DeepSeekCell-ConfidenceK_debug.csv","paired_debug_decisions",5956,"c08872e7796bb5290ae01497e36440fe","2026-08-07T17:16:41+0800",TRUE,""
"results/benchmark_debug/rep1_MarquesBrain_DeepSeekCell-Evidence_debug.csv","paired_debug_decisions",5915,"e312ef4fdef160c01d52836c6a8f8e54","2026-08-07T17:16:40+0800",TRUE,""
"results/benchmark_debug/rep1_MarquesBrain_DeepSeekCell-FullRefined_debug.csv","paired_debug_decisions",5383,"aff68483fcb2d6d42a056221ea6f21b9","2026-08-07T17:16:41+0800",TRUE,""
"results/benchmark_debug/rep1_MarquesBrain_DeepSeekCell-NoOntologyK_debug.csv","paired_debug_decisions",6074,"9c0e1a009ef3e3e06855b0edb10b1048","2026-08-07T17:16:41+0800",TRUE,""
"results/benchmark_debug/rep1_MarquesBrain_DeepSeekCell-RandomK_debug.csv","paired_debug_decisions",5843,"b146248c008b27c973ba714293137823","2026-08-07T17:16:41+0800",TRUE,""
"results/benchmark_debug/rep1_MarquesBrain_DeepSeekCell-RiskK_debug.csv","paired_debug_decisions",6516,"fe63008747c0317b5c49fcc8b21d54cb","2026-08-07T17:16:41+0800",TRUE,""
"results/benchmark_debug/rep1_MarquesBrain_DeepSeekCell-SelfRefined_debug.csv","paired_debug_decisions",5909,"34fb56a9f22a80a073e50a63a7ffb985","2026-08-07T17:16:41+0800",TRUE,""
"results/benchmark_debug/rep1_MuraroPancreas_CellTypist_debug.csv","paired_debug_decisions",1278,"fb7e039c8159096c0e4ef8e6b0cee676","2026-07-19T05:18:01+0800",TRUE,""
"results/benchmark_debug/rep1_MuraroPancreas_DeepSeek-Plain_debug.csv","paired_debug_decisions",2696,"f80e1385d9c81e33ab2af22b602a1928","2026-07-19T05:12:13+0800",TRUE,""
"results/benchmark_debug/rep1_MuraroPancreas_DeepSeekCell-Calibrated_debug.csv","paired_debug_decisions",2979,"0661e0e11c16752c76ca007b5589c005","2026-07-19T05:12:22+0800",TRUE,""
"results/benchmark_debug/rep1_MuraroPancreas_DeepSeekCell-ConfidenceK_debug.csv","paired_debug_decisions",3078,"e2ebe7204668e9fd0f7e11a794da0cbf","2026-07-19T05:12:34+0800",TRUE,""
"results/benchmark_debug/rep1_MuraroPancreas_DeepSeekCell-Evidence_debug.csv","paired_debug_decisions",2946,"ae3bac7266f46e80e0188b0de46f8928","2026-07-19T05:12:18+0800",TRUE,""
"results/benchmark_debug/rep1_MuraroPancreas_DeepSeekCell-FullRefined_debug.csv","paired_debug_decisions",2969,"58caa09189ff8f8128b7b5c553961942","2026-07-19T05:12:37+0800",TRUE,""
"results/benchmark_debug/rep1_MuraroPancreas_DeepSeekCell-RandomK_debug.csv","paired_debug_decisions",2990,"1ec24db2c543467bde3df7eb80cd6716","2026-07-19T05:12:30+0800",TRUE,""
"results/benchmark_debug/rep1_MuraroPancreas_DeepSeekCell-SelfRefined_debug.csv","paired_debug_decisions",3056,"72cfb072aeacf53a482e3e4184d4b7f8","2026-07-19T05:12:26+0800",TRUE,""
"results/benchmark_debug/rep1_MuraroPancreas_DeepSeek_debug.csv","paired_debug_decisions",1275,"c221edc89b0bf4b05c512e369d0f442f","2026-06-13T19:45:36+0800",TRUE,""
"results/benchmark_debug/rep1_MuraroPancreas_SingleR_debug.csv","paired_debug_decisions",1263,"10ed80f4317aaf9722332428111a80e8","2026-07-19T05:12:59+0800",TRUE,""
"results/benchmark_debug/rep1_MuraroPancreas_scType_debug.csv","paired_debug_decisions",1292,"9613f94fa42d479d717b14ad29927852","2026-07-19T05:12:42+0800",TRUE,""
"results/benchmark_debug/rep1_MuraroPancreas_scmap_debug.csv","paired_debug_decisions",1249,"b2b26a99497eee9cd3eb736ed91114a1","2026-07-19T05:13:12+0800",TRUE,""
"results/benchmark_debug/rep1_NestorowaHSC_DeepSeek-Plain_debug.csv","paired_debug_decisions",2529,"7c2dc9a4bb2b5f4821f54c236b0fe87f","2026-08-06T19:08:29+0800",TRUE,""
"results/benchmark_debug/rep1_NestorowaHSC_DeepSeekCell-Calibrated_debug.csv","paired_debug_decisions",2697,"70e859284683730e3b682070787aac35","2026-08-06T19:08:40+0800",TRUE,""
"results/benchmark_debug/rep1_NestorowaHSC_DeepSeekCell-ConfidenceK_debug.csv","paired_debug_decisions",2760,"f908dd2a5dcd2cbd0a0a9b2910b16de7","2026-08-06T19:08:56+0800",TRUE,""
"results/benchmark_debug/rep1_NestorowaHSC_DeepSeekCell-Evidence_debug.csv","paired_debug_decisions",2669,"26c47b024ee53ce74ee1f24e94e3e4ad","2026-08-06T19:08:34+0800",TRUE,""
"results/benchmark_debug/rep1_NestorowaHSC_DeepSeekCell-FullRefined_debug.csv","paired_debug_decisions",2571,"2e6051c8fe8d32360d2a75b752e1e3ff","2026-08-06T19:09:12+0800",TRUE,""
"results/benchmark_debug/rep1_NestorowaHSC_DeepSeekCell-NoOntologyK_debug.csv","paired_debug_decisions",2830,"9681af45ec4423c9926076b709324330","2026-08-06T19:09:01+0800",TRUE,""
"results/benchmark_debug/rep1_NestorowaHSC_DeepSeekCell-RandomK_debug.csv","paired_debug_decisions",2704,"3245eea067836d90aad6fa82905bf140","2026-08-06T19:08:50+0800",TRUE,""
"results/benchmark_debug/rep1_NestorowaHSC_DeepSeekCell-RiskK_debug.csv","paired_debug_decisions",3040,"b0f62bb923a0933563ceb672acc8f966","2026-08-06T19:09:07+0800",TRUE,""
"results/benchmark_debug/rep1_NestorowaHSC_DeepSeekCell-SelfRefined_debug.csv","paired_debug_decisions",2746,"3e0f372dc283a89b8876ee42af788bbd","2026-08-06T19:08:45+0800",TRUE,""
"results/benchmark_debug/rep1_NowakowskiCortex_DeepSeek-Plain_debug.csv","paired_debug_decisions",4578,"087e67586c64beb594026ffc035faa73","2026-08-07T17:16:09+0800",TRUE,""
"results/benchmark_debug/rep1_NowakowskiCortex_DeepSeekCell-Calibrated_debug.csv","paired_debug_decisions",4955,"191e1de393126974b0ca3407f7d2470c","2026-08-07T17:16:09+0800",TRUE,""
"results/benchmark_debug/rep1_NowakowskiCortex_DeepSeekCell-ConfidenceK_debug.csv","paired_debug_decisions",4964,"ff0acb66f0558b50bfd3e6435578b953","2026-08-07T17:16:10+0800",TRUE,""
"results/benchmark_debug/rep1_NowakowskiCortex_DeepSeekCell-Evidence_debug.csv","paired_debug_decisions",4916,"02b84e353394dd7d0a06de4aeb089f96","2026-08-07T17:16:09+0800",TRUE,""
"results/benchmark_debug/rep1_NowakowskiCortex_DeepSeekCell-FullRefined_debug.csv","paired_debug_decisions",4604,"a85677a2694dcb244084e4231c487799","2026-08-07T17:16:10+0800",TRUE,""
"results/benchmark_debug/rep1_NowakowskiCortex_DeepSeekCell-NoOntologyK_debug.csv","paired_debug_decisions",5108,"ac27d3867b09ebb2dcae3fe187c591c8","2026-08-07T17:16:10+0800",TRUE,""
"results/benchmark_debug/rep1_NowakowskiCortex_DeepSeekCell-RandomK_debug.csv","paired_debug_decisions",4865,"51ecea67754d9931502caf7a25358200","2026-08-07T17:16:10+0800",TRUE,""
"results/benchmark_debug/rep1_NowakowskiCortex_DeepSeekCell-RiskK_debug.csv","paired_debug_decisions",5444,"9f8011d1ed09d24cad69f71d500fcc23","2026-08-07T17:16:10+0800",TRUE,""
"results/benchmark_debug/rep1_NowakowskiCortex_DeepSeekCell-SelfRefined_debug.csv","paired_debug_decisions",4929,"45ffd0967101cc1170dc14e950d34eab","2026-08-07T17:16:09+0800",TRUE,""
"results/benchmark_debug/rep1_PBMC_CellTypist_debug.csv","paired_debug_decisions",1039,"39544df83e7dee9149de407f870262a2","2026-07-19T04:51:21+0800",TRUE,""
"results/benchmark_debug/rep1_PBMC_DeepSeek-Plain_debug.csv","paired_debug_decisions",2135,"79bb4888698dd96f97f808b345fe4acf","2026-07-19T04:50:37+0800",TRUE,""
"results/benchmark_debug/rep1_PBMC_DeepSeekCell-Calibrated_debug.csv","paired_debug_decisions",2336,"834f4ec8fd12a37e2cce395edeb65252","2026-07-19T04:50:37+0800",TRUE,""
"results/benchmark_debug/rep1_PBMC_DeepSeekCell-ConfidenceK_debug.csv","paired_debug_decisions",2408,"ff501ac2eb7cd7aed4f67a626dbc3e87","2026-07-19T04:50:38+0800",TRUE,""
"results/benchmark_debug/rep1_PBMC_DeepSeekCell-Evidence_debug.csv","paired_debug_decisions",2312,"96522e10da88f9fae4184e81826c1f39","2026-07-19T04:50:37+0800",TRUE,""
"results/benchmark_debug/rep1_PBMC_DeepSeekCell-FullRefined_debug.csv","paired_debug_decisions",2335,"6ce4dacae4ff359f8ddb724a0b187b9e","2026-07-19T04:50:38+0800",TRUE,""
"results/benchmark_debug/rep1_PBMC_DeepSeekCell-RandomK_debug.csv","paired_debug_decisions",2344,"43675014d86081e62387ad019ba9d756","2026-07-19T04:50:38+0800",TRUE,""
"results/benchmark_debug/rep1_PBMC_DeepSeekCell-SelfRefined_debug.csv","paired_debug_decisions",2392,"c919d704413e085d3b961d4868241588","2026-07-19T04:50:37+0800",TRUE,""
"results/benchmark_debug/rep1_PBMC_DeepSeek_debug.csv","paired_debug_decisions",1000,"7845272bdc79a1858174555551cd5b8d","2026-06-13T19:34:43+0800",TRUE,""
"results/benchmark_debug/rep1_PBMC_Ollama-Plain_debug.csv","paired_debug_decisions",2316,"52cf6f0b4f1bac54b083dc0eb714f13f","2026-07-19T21:43:08+0800",TRUE,""
"results/benchmark_debug/rep1_PBMC_OllamaCell-Calibrated_debug.csv","paired_debug_decisions",2517,"524f7fec67168971479812bb249e57b8","2026-07-19T21:43:09+0800",TRUE,""
"results/benchmark_debug/rep1_PBMC_OllamaCell-ConfidenceK_debug.csv","paired_debug_decisions",2589,"8ad65d54de19888d60e9b46a1e9cc220","2026-07-19T21:43:09+0800",TRUE,""
"results/benchmark_debug/rep1_PBMC_OllamaCell-Evidence_debug.csv","paired_debug_decisions",2493,"4c0bac3e582e7713d4b9e982ded6ab2b","2026-07-19T21:43:08+0800",TRUE,""
"results/benchmark_debug/rep1_PBMC_OllamaCell-FullRefined_debug.csv","paired_debug_decisions",2477,"88249b5c58a3cf9d64e864d6f3d4fd07","2026-07-19T21:43:09+0800",TRUE,""
"results/benchmark_debug/rep1_PBMC_OllamaCell-RandomK_debug.csv","paired_debug_decisions",2525,"3efaa36ec1c67e3da1d92d658b2b88e4","2026-07-19T21:43:09+0800",TRUE,""
"results/benchmark_debug/rep1_PBMC_OllamaCell-SelfRefined_debug.csv","paired_debug_decisions",2573,"456b38243694f7032b2c488175814515","2026-07-19T21:43:09+0800",TRUE,""
"results/benchmark_debug/rep1_PBMC_Ollama_gemma2_2b-Plain_debug.csv","paired_debug_decisions",2313,"e72ebf4a5d99eb10a836cac1646cc8a4","2026-07-20T04:59:50+0800",TRUE,""
"results/benchmark_debug/rep1_PBMC_Ollama_gemma2_2bCell-Calibrated_debug.csv","paired_debug_decisions",2509,"2204cc020590ecf9b3d58215cb0ee1cd","2026-07-20T04:59:50+0800",TRUE,""
"results/benchmark_debug/rep1_PBMC_Ollama_gemma2_2bCell-ConfidenceK_debug.csv","paired_debug_decisions",2561,"943b233ba4e1043931d2f1cbb6e26e1e","2026-07-20T04:59:50+0800",TRUE,""
"results/benchmark_debug/rep1_PBMC_Ollama_gemma2_2bCell-Evidence_debug.csv","paired_debug_decisions",2484,"19c97824fcb0a392e686513e74193830","2026-07-20T04:59:50+0800",TRUE,""
"results/benchmark_debug/rep1_PBMC_Ollama_gemma2_2bCell-RandomK_debug.csv","paired_debug_decisions",2495,"064db0bcdd2dc6a503c710a01743b461","2026-07-20T04:59:50+0800",TRUE,""
"results/benchmark_debug/rep1_PBMC_Ollama_gemma2_2bCell-SelfRefined_debug.csv","paired_debug_decisions",2551,"1fc795225c3e8e39a63d3794dcfc95a6","2026-07-20T04:59:50+0800",TRUE,""
"results/benchmark_debug/rep1_PBMC_Ollama_llama3_2-Plain_debug.csv","paired_debug_decisions",2388,"5ad997f0ad0be7bdb628188f595085de","2026-07-20T04:47:49+0800",TRUE,""
"results/benchmark_debug/rep1_PBMC_Ollama_llama3_2Cell-Calibrated_debug.csv","paired_debug_decisions",2589,"8649f79c0cf2b142af646b658c6c898d","2026-07-20T04:47:50+0800",TRUE,""
"results/benchmark_debug/rep1_PBMC_Ollama_llama3_2Cell-ConfidenceK_debug.csv","paired_debug_decisions",2661,"042b0c632c3d0d81ff675c7eb7ebc193","2026-07-20T04:47:51+0800",TRUE,""
"results/benchmark_debug/rep1_PBMC_Ollama_llama3_2Cell-Evidence_debug.csv","paired_debug_decisions",2565,"3fe298c67223f1e05a8fdf41d7055ec4","2026-07-20T04:47:50+0800",TRUE,""
"results/benchmark_debug/rep1_PBMC_Ollama_llama3_2Cell-RandomK_debug.csv","paired_debug_decisions",2597,"61b4c6865ce9eebb2e3f80c836355140","2026-07-20T04:47:51+0800",TRUE,""
"results/benchmark_debug/rep1_PBMC_Ollama_llama3_2Cell-SelfRefined_debug.csv","paired_debug_decisions",2645,"249dac3f5a8b0d05e5f23c8a52c56e49","2026-07-20T04:47:50+0800",TRUE,""
"results/benchmark_debug/rep1_PBMC_SingleR_debug.csv","paired_debug_decisions",950,"1796aa4f45a596d4f870082054a5c670","2026-07-19T04:50:45+0800",TRUE,""
"results/benchmark_debug/rep1_PBMC_scType_debug.csv","paired_debug_decisions",996,"534483c7d3fa53677c357817676b4263","2026-07-19T04:50:41+0800",TRUE,""
"results/benchmark_debug/rep1_PBMC_scmap_debug.csv","paired_debug_decisions",939,"1dbf7709449b2bcbcdd00f2a3891d2a2","2026-07-19T04:50:53+0800",TRUE,""
"results/benchmark_debug/rep1_PollenGlia_DeepSeek-Plain_debug.csv","paired_debug_decisions",1594,"8f51134eebe2b59105510f5066ce92d0","2026-08-07T17:10:43+0800",TRUE,""
"results/benchmark_debug/rep1_PollenGlia_DeepSeekCell-Calibrated_debug.csv","paired_debug_decisions",1691,"670237a2d9c547c25f2f78e9c491c2bd","2026-08-07T17:10:43+0800",TRUE,""
"results/benchmark_debug/rep1_PollenGlia_DeepSeekCell-ConfidenceK_debug.csv","paired_debug_decisions",1682,"7d0c48d82cd418638738428d22354fb4","2026-08-07T17:10:43+0800",TRUE,""
"results/benchmark_debug/rep1_PollenGlia_DeepSeekCell-Evidence_debug.csv","paired_debug_decisions",1681,"152dfbe33a5173ff95e34541f537f714","2026-08-07T17:10:43+0800",TRUE,""
"results/benchmark_debug/rep1_PollenGlia_DeepSeekCell-FullRefined_debug.csv","paired_debug_decisions",1568,"30c6981c61073421b7d4498e5789e431","2026-08-07T17:10:43+0800",TRUE,""
"results/benchmark_debug/rep1_PollenGlia_DeepSeekCell-NoOntologyK_debug.csv","paired_debug_decisions",1703,"7d6a0985ec1bf2d20842489cfbf4f037","2026-08-07T17:10:43+0800",TRUE,""
"results/benchmark_debug/rep1_PollenGlia_DeepSeekCell-RandomK_debug.csv","paired_debug_decisions",1652,"ce57752c44c1089cb2ee52abe26caf35","2026-08-07T17:10:43+0800",TRUE,""
"results/benchmark_debug/rep1_PollenGlia_DeepSeekCell-RiskK_debug.csv","paired_debug_decisions",1802,"5dc00f931578185d59dc66e6ec83ec2d","2026-08-07T17:10:43+0800",TRUE,""
"results/benchmark_debug/rep1_PollenGlia_DeepSeekCell-SelfRefined_debug.csv","paired_debug_decisions",1668,"f0201e7cffd6b5080024bf07d300b2e0","2026-08-07T17:10:43+0800",TRUE,""
"results/benchmark_debug/rep1_RomanovBrain_DeepSeek-Plain_debug.csv","paired_debug_decisions",4409,"32906c4dc8f7f470f1a474590127ea52","2026-08-07T17:17:16+0800",TRUE,""
"results/benchmark_debug/rep1_RomanovBrain_DeepSeekCell-Calibrated_debug.csv","paired_debug_decisions",4919,"d07b0f5d9e6064a921204217aa66a0cc","2026-08-07T17:17:16+0800",TRUE,""
"results/benchmark_debug/rep1_RomanovBrain_DeepSeekCell-ConfidenceK_debug.csv","paired_debug_decisions",4941,"12dc1948feec9ad13cecfa3f195ea1c3","2026-08-07T17:17:16+0800",TRUE,""
"results/benchmark_debug/rep1_RomanovBrain_DeepSeekCell-Evidence_debug.csv","paired_debug_decisions",4880,"ea295ac9343969241c6dcec2ff6b8456","2026-08-07T17:17:16+0800",TRUE,""
"results/benchmark_debug/rep1_RomanovBrain_DeepSeekCell-FullRefined_debug.csv","paired_debug_decisions",4661,"2af33eeb7aff60f02039b2f75c36413e","2026-08-07T17:17:17+0800",TRUE,""
"results/benchmark_debug/rep1_RomanovBrain_DeepSeekCell-NoOntologyK_debug.csv","paired_debug_decisions",5116,"a2f3267bfba51a4459a7313cf48f992b","2026-08-07T17:17:16+0800",TRUE,""
"results/benchmark_debug/rep1_RomanovBrain_DeepSeekCell-RandomK_debug.csv","paired_debug_decisions",4862,"85fa48a512c68dfcd467eff710074fdb","2026-08-07T17:17:16+0800",TRUE,""
"results/benchmark_debug/rep1_RomanovBrain_DeepSeekCell-RiskK_debug.csv","paired_debug_decisions",5422,"f77154a8a2bd4e0e967aa0867ddc4615","2026-08-07T17:17:17+0800",TRUE,""
"results/benchmark_debug/rep1_RomanovBrain_DeepSeekCell-SelfRefined_debug.csv","paired_debug_decisions",4973,"900c48fde4c96916c009366abfccf670","2026-08-07T17:17:16+0800",TRUE,""
"results/benchmark_debug/rep1_SegerstolpePancreas_DeepSeek-Plain_debug.csv","paired_debug_decisions",3549,"0312d797c1df52b89eb89a479f2dc60e","2026-08-07T17:09:52+0800",TRUE,""
"results/benchmark_debug/rep1_SegerstolpePancreas_DeepSeekCell-Calibrated_debug.csv","paired_debug_decisions",3878,"18b1316ecc7b7b0badba6dc78fdff8d9","2026-08-07T17:09:55+0800",TRUE,""
"results/benchmark_debug/rep1_SegerstolpePancreas_DeepSeekCell-ConfidenceK_debug.csv","paired_debug_decisions",3922,"39670b99c1e900ce1a5775d832a77889","2026-08-07T17:10:01+0800",TRUE,""
"results/benchmark_debug/rep1_SegerstolpePancreas_DeepSeekCell-Evidence_debug.csv","paired_debug_decisions",3846,"6c56e1b4d8a2b1537b8c0418455ebcbd","2026-08-07T17:09:54+0800",TRUE,""
"results/benchmark_debug/rep1_SegerstolpePancreas_DeepSeekCell-FullRefined_debug.csv","paired_debug_decisions",3715,"d40cb09971d3b26ce3a6195549890608","2026-08-07T17:10:06+0800",TRUE,""
"results/benchmark_debug/rep1_SegerstolpePancreas_DeepSeekCell-NoOntologyK_debug.csv","paired_debug_decisions",4043,"a9393fcf28200dbf38769b77c67c0f32","2026-08-07T17:10:02+0800",TRUE,""
"results/benchmark_debug/rep1_SegerstolpePancreas_DeepSeekCell-RandomK_debug.csv","paired_debug_decisions",3853,"ba66f0b14e090d1afc4c1b25b7e93318","2026-08-07T17:09:59+0800",TRUE,""
"results/benchmark_debug/rep1_SegerstolpePancreas_DeepSeekCell-RiskK_debug.csv","paired_debug_decisions",4322,"f2db60300bda13687b7c29c1caa861b9","2026-08-07T17:10:04+0800",TRUE,""
"results/benchmark_debug/rep1_SegerstolpePancreas_DeepSeekCell-SelfRefined_debug.csv","paired_debug_decisions",3925,"bb42b4ccfec382e5fa45a60542ba9e06","2026-08-07T17:09:57+0800",TRUE,""
"results/benchmark_debug/rep1_TasicBrain_DeepSeek-Plain_debug.csv","paired_debug_decisions",3948,"d42722c221d15728c2b428fcb3ea4fd6","2026-07-19T05:18:07+0800",TRUE,""
"results/benchmark_debug/rep1_TasicBrain_DeepSeekCell-Calibrated_debug.csv","paired_debug_decisions",4391,"15fac77e289c4ef532e9de6d394e81ef","2026-07-19T05:18:07+0800",TRUE,""
"results/benchmark_debug/rep1_TasicBrain_DeepSeekCell-ConfidenceK_debug.csv","paired_debug_decisions",4526,"b798dc62baeea0198c1f400bfb3bcfe8","2026-07-19T05:18:07+0800",TRUE,""
"results/benchmark_debug/rep1_TasicBrain_DeepSeekCell-Evidence_debug.csv","paired_debug_decisions",4346,"fd309761dc0f7cf8083eac5c9476dffe","2026-07-19T05:18:07+0800",TRUE,""
"results/benchmark_debug/rep1_TasicBrain_DeepSeekCell-FullRefined_debug.csv","paired_debug_decisions",4372,"6491f0feab6e0bb725d61f7d564fcafe","2026-07-19T05:18:07+0800",TRUE,""
"results/benchmark_debug/rep1_TasicBrain_DeepSeekCell-RandomK_debug.csv","paired_debug_decisions",4406,"d78949c9afb89d7bc1258d9b4050fd1a","2026-07-19T05:18:07+0800",TRUE,""
"results/benchmark_debug/rep1_TasicBrain_DeepSeekCell-SelfRefined_debug.csv","paired_debug_decisions",4496,"582dadf75f5c4636f7c94b1bd51b308b","2026-07-19T05:18:07+0800",TRUE,""
"results/benchmark_debug/rep1_TasicBrain_DeepSeek_debug.csv","paired_debug_decisions",1991,"37f31323c9a63894f42e72f841b7a63f","2026-06-13T19:46:55+0800",TRUE,""
"results/benchmark_debug/rep1_TasicBrain_SingleR_debug.csv","paired_debug_decisions",1853,"89e146a630dc7e910f9696c769d821a1","2026-07-19T05:18:12+0800",TRUE,""
"results/benchmark_debug/rep1_TasicBrain_scType_debug.csv","paired_debug_decisions",2000,"894e83760af17c59bbab66461d1741f7","2026-07-19T05:18:08+0800",TRUE,""
"results/benchmark_debug/rep1_TasicBrain_scmap_debug.csv","paired_debug_decisions",1828,"84c42be24c70778c3cadc95d1cb57e18","2026-07-19T05:18:17+0800",TRUE,""
"results/benchmark_debug/rep1_WuKidneyHealthy_DeepSeek-Plain_debug.csv","paired_debug_decisions",8592,"125b742cb593ec30fdeb7ad150f3a15c","2026-08-07T17:12:57+0800",TRUE,""
"results/benchmark_debug/rep1_WuKidneyHealthy_DeepSeekCell-Calibrated_debug.csv","paired_debug_decisions",9584,"c9e39d90432bf27640ce143b1a585320","2026-08-07T17:13:31+0800",TRUE,""
"results/benchmark_debug/rep1_WuKidneyHealthy_DeepSeekCell-ConfidenceK_debug.csv","paired_debug_decisions",9761,"04e9dc5dc6c6fe677d32a9cbf50f93b8","2026-08-07T17:14:24+0800",TRUE,""
"results/benchmark_debug/rep1_WuKidneyHealthy_DeepSeekCell-Evidence_debug.csv","paired_debug_decisions",9503,"ba5f3837dcae0b6cac3a421b14288805","2026-08-07T17:13:14+0800",TRUE,""
"results/benchmark_debug/rep1_WuKidneyHealthy_DeepSeekCell-FullRefined_debug.csv","paired_debug_decisions",9285,"44cb0e3f6ecb7c10cb6ad709418133cd","2026-08-07T17:15:20+0800",TRUE,""
"results/benchmark_debug/rep1_WuKidneyHealthy_DeepSeekCell-NoOntologyK_debug.csv","paired_debug_decisions",9939,"d13690a74fc304638274e9c7dfc5f3c3","2026-08-07T17:14:42+0800",TRUE,""
"results/benchmark_debug/rep1_WuKidneyHealthy_DeepSeekCell-RandomK_debug.csv","paired_debug_decisions",9515,"502ffc098accbf4f1bb981adece48a7f","2026-08-07T17:14:06+0800",TRUE,""
"results/benchmark_debug/rep1_WuKidneyHealthy_DeepSeekCell-RiskK_debug.csv","paired_debug_decisions",10722,"1cfff4ce4d5f7096a99f7107f3afed6b","2026-08-07T17:15:02+0800",TRUE,""
"results/benchmark_debug/rep1_WuKidneyHealthy_DeepSeekCell-SelfRefined_debug.csv","paired_debug_decisions",9722,"4f6ee470bd893f080bb4e464a0247b6b","2026-08-07T17:13:48+0800",TRUE,""
"results/benchmark_debug/rep1_XinPancreas_DeepSeek-Plain_debug.csv","paired_debug_decisions",2335,"87023ee856bb6429ab58235e6c13baa1","2026-08-07T17:10:31+0800",TRUE,""
"results/benchmark_debug/rep1_XinPancreas_DeepSeekCell-Calibrated_debug.csv","paired_debug_decisions",2523,"5b0aa98d4a0887342d71665055ad26b5","2026-08-07T17:10:33+0800",TRUE,""
"results/benchmark_debug/rep1_XinPancreas_DeepSeekCell-ConfidenceK_debug.csv","paired_debug_decisions",2542,"e766c36ea764e0bf09c1cfe985b099a3","2026-08-07T17:10:36+0800",TRUE,""
"results/benchmark_debug/rep1_XinPancreas_DeepSeekCell-Evidence_debug.csv","paired_debug_decisions",2503,"d6bf247bb6a63af1cee989b38753ac00","2026-08-07T17:10:32+0800",TRUE,""
"results/benchmark_debug/rep1_XinPancreas_DeepSeekCell-FullRefined_debug.csv","paired_debug_decisions",2408,"09f145e4de6034831425c27a5591f47a","2026-08-07T17:10:39+0800",TRUE,""
"results/benchmark_debug/rep1_XinPancreas_DeepSeekCell-NoOntologyK_debug.csv","paired_debug_decisions",2593,"3140374d7c392243e79191a1e9e2560c","2026-08-07T17:10:37+0800",TRUE,""
"results/benchmark_debug/rep1_XinPancreas_DeepSeekCell-RandomK_debug.csv","paired_debug_decisions",2494,"90a633ebba42561bf288d3898f68be16","2026-08-07T17:10:35+0800",TRUE,""
"results/benchmark_debug/rep1_XinPancreas_DeepSeekCell-RiskK_debug.csv","paired_debug_decisions",2769,"d2cb0426725014bfca3dc541f0a1afca","2026-08-07T17:10:38+0800",TRUE,""
"results/benchmark_debug/rep1_XinPancreas_DeepSeekCell-SelfRefined_debug.csv","paired_debug_decisions",2523,"cb5a31a379b198c7f44a5f6f9f373ce4","2026-08-07T17:10:34+0800",TRUE,""
"results/benchmark_debug/rep1_ZeiselBrain_DeepSeek-Plain_debug.csv","paired_debug_decisions",3927,"5b05e2f2ccb873f479d7a2b7c162fcbc","2026-07-19T05:18:20+0800",TRUE,""
"results/benchmark_debug/rep1_ZeiselBrain_DeepSeekCell-Calibrated_debug.csv","paired_debug_decisions",4362,"37d3ceeca26ec833ad1a99bcd3276f2a","2026-07-19T05:18:21+0800",TRUE,""
"results/benchmark_debug/rep1_ZeiselBrain_DeepSeekCell-ConfidenceK_debug.csv","paired_debug_decisions",4501,"b61f6d0f9ba2b082194176b641f73000","2026-07-19T05:18:21+0800",TRUE,""
"results/benchmark_debug/rep1_ZeiselBrain_DeepSeekCell-Evidence_debug.csv","paired_debug_decisions",4310,"53d51b881b5651f835e317464be77b64","2026-07-19T05:18:21+0800",TRUE,""
"results/benchmark_debug/rep1_ZeiselBrain_DeepSeekCell-FullRefined_debug.csv","paired_debug_decisions",4358,"e6a7b2f5564a9866b058fd2fd69de39a","2026-07-19T05:18:21+0800",TRUE,""
"results/benchmark_debug/rep1_ZeiselBrain_DeepSeekCell-RandomK_debug.csv","paired_debug_decisions",4375,"30a9e89855a26910c0790da725a299dd","2026-07-19T05:18:21+0800",TRUE,""
"results/benchmark_debug/rep1_ZeiselBrain_DeepSeekCell-SelfRefined_debug.csv","paired_debug_decisions",4493,"49e1b90130ff39298871a8cbd1134215","2026-07-19T05:18:21+0800",TRUE,""
"results/benchmark_debug/rep1_ZeiselBrain_DeepSeek_debug.csv","paired_debug_decisions",1944,"7030330cb6900eb241ad4cb198b6cfb7","2026-06-13T19:47:13+0800",TRUE,""
"results/benchmark_debug/rep1_ZeiselBrain_SingleR_debug.csv","paired_debug_decisions",1945,"72b9888cf45a5f22d8dac6d59074f2e4","2026-07-19T05:18:27+0800",TRUE,""
"results/benchmark_debug/rep1_ZeiselBrain_scType_debug.csv","paired_debug_decisions",1974,"2e2336c8802b8414888f2794076558dd","2026-07-19T05:18:22+0800",TRUE,""
"results/benchmark_debug/rep1_ZeiselBrain_scmap_debug.csv","paired_debug_decisions",1896,"997d7f579a5067a80e239b10c2cc6c0a","2026-07-19T05:18:34+0800",TRUE,""
"results/benchmark_debug/rep1_ZhongPrefrontal_DeepSeek-Plain_debug.csv","paired_debug_decisions",3291,"77da47512b991a8146aa9c71066fade7","2026-08-07T17:17:48+0800",TRUE,""
"results/benchmark_debug/rep1_ZhongPrefrontal_DeepSeekCell-Calibrated_debug.csv","paired_debug_decisions",3546,"f4942db3a7dfc88c68a440f1ece746a7","2026-08-07T17:17:48+0800",TRUE,""
"results/benchmark_debug/rep1_ZhongPrefrontal_DeepSeekCell-ConfidenceK_debug.csv","paired_debug_decisions",3550,"518dc98c300cff67dfcbdbeab3bf8dde","2026-08-07T17:17:48+0800",TRUE,""
"results/benchmark_debug/rep1_ZhongPrefrontal_DeepSeekCell-Evidence_debug.csv","paired_debug_decisions",3521,"4956cd69f8092ec956b6e79a15a28146","2026-08-07T17:17:48+0800",TRUE,""
"results/benchmark_debug/rep1_ZhongPrefrontal_DeepSeekCell-FullRefined_debug.csv","paired_debug_decisions",3288,"b6e75f1070a0fff59af25184cb1626b4","2026-08-07T17:17:49+0800",TRUE,""
"results/benchmark_debug/rep1_ZhongPrefrontal_DeepSeekCell-NoOntologyK_debug.csv","paired_debug_decisions",3610,"8faceb3d885fdf525b3bcfbf1b612c9e","2026-08-07T17:17:49+0800",TRUE,""
"results/benchmark_debug/rep1_ZhongPrefrontal_DeepSeekCell-RandomK_debug.csv","paired_debug_decisions",3476,"8bbc70fe0b08fb3391849b18421e6205","2026-08-07T17:17:48+0800",TRUE,""
"results/benchmark_debug/rep1_ZhongPrefrontal_DeepSeekCell-RiskK_debug.csv","paired_debug_decisions",3870,"13ee38042bae9d1e6fd4adab283c1927","2026-08-07T17:17:49+0800",TRUE,""
"results/benchmark_debug/rep1_ZhongPrefrontal_DeepSeekCell-SelfRefined_debug.csv","paired_debug_decisions",3535,"50d045f9070dad3a85b99be973f3625b","2026-08-07T17:17:48+0800",TRUE,""
"results/benchmark_debug/rep1_ZilionisLung_CellTypist_debug.csv","paired_debug_decisions",2016,"62d1fabe7f6ac9fd2bcda3149420f934","2026-07-19T05:20:47+0800",TRUE,""
"results/benchmark_debug/rep1_ZilionisLung_DeepSeek-Plain_debug.csv","paired_debug_decisions",3733,"52db40e3e1e4fe8fbec8b0dc70dc0cb1","2026-07-19T05:18:41+0800",TRUE,""
"results/benchmark_debug/rep1_ZilionisLung_DeepSeekCell-Calibrated_debug.csv","paired_debug_decisions",4166,"8cf9f5f7a56172359bc860266bbf92c6","2026-07-19T05:18:41+0800",TRUE,""
"results/benchmark_debug/rep1_ZilionisLung_DeepSeekCell-ConfidenceK_debug.csv","paired_debug_decisions",4329,"d1fac6d957c17841ecb648b42c3e5665","2026-07-19T05:18:42+0800",TRUE,""
"results/benchmark_debug/rep1_ZilionisLung_DeepSeekCell-Evidence_debug.csv","paired_debug_decisions",4104,"01e6bce9fab4870a419bf6f1bc36036c","2026-07-19T05:18:41+0800",TRUE,""
"results/benchmark_debug/rep1_ZilionisLung_DeepSeekCell-FullRefined_debug.csv","paired_debug_decisions",4264,"2a33ada0aa95e65ba6abac66819233de","2026-07-19T05:18:42+0800",TRUE,""
"results/benchmark_debug/rep1_ZilionisLung_DeepSeekCell-RandomK_debug.csv","paired_debug_decisions",4215,"185e5ad0189876b96b97413cbb5e2bf2","2026-07-19T05:18:41+0800",TRUE,""
"results/benchmark_debug/rep1_ZilionisLung_DeepSeekCell-SelfRefined_debug.csv","paired_debug_decisions",4334,"67ef733d6745c0916ae7c45c5f7ea2af","2026-07-19T05:18:41+0800",TRUE,""
"results/benchmark_debug/rep1_ZilionisLung_DeepSeek_debug.csv","paired_debug_decisions",1900,"6d5df513b97c9c13a15ceee90b9b65eb","2026-06-13T19:47:45+0800",TRUE,""
"results/benchmark_debug/rep1_ZilionisLung_Ollama-Plain_debug.csv","paired_debug_decisions",4284,"8d91385d290ab5de377d51816ea95378","2026-07-19T22:29:39+0800",TRUE,""
"results/benchmark_debug/rep1_ZilionisLung_OllamaCell-Calibrated_debug.csv","paired_debug_decisions",4710,"c86c01cd1d63c7f2b34a74b80c374c8d","2026-07-19T22:29:41+0800",TRUE,""
"results/benchmark_debug/rep1_ZilionisLung_OllamaCell-ConfidenceK_debug.csv","paired_debug_decisions",4883,"43c8bcafa5671e1daeb3c1f2a4525ca7","2026-07-19T22:29:41+0800",TRUE,""
"results/benchmark_debug/rep1_ZilionisLung_OllamaCell-Evidence_debug.csv","paired_debug_decisions",4659,"ed705a081e85ee07943131126a8b5c3e","2026-07-19T22:29:41+0800",TRUE,""
"results/benchmark_debug/rep1_ZilionisLung_OllamaCell-FullRefined_debug.csv","paired_debug_decisions",4710,"ee15d29ab6fff4b080830d74850e488c","2026-07-19T22:17:51+0800",TRUE,""
"results/benchmark_debug/rep1_ZilionisLung_OllamaCell-RandomK_debug.csv","paired_debug_decisions",4715,"f864ed9fdb53bf785173b44b2f8a68b2","2026-07-19T22:29:41+0800",TRUE,""
"results/benchmark_debug/rep1_ZilionisLung_OllamaCell-SelfRefined_debug.csv","paired_debug_decisions",4860,"407f907c8b1f3e1d7dea354378b138bf","2026-07-19T22:29:41+0800",TRUE,""
"results/benchmark_debug/rep1_ZilionisLung_Ollama_gemma2_2b-Plain_debug.csv","paired_debug_decisions",4263,"d3d50c132b2520ea2b76968a95fc2f04","2026-07-22T06:01:19+0800",TRUE,""
"results/benchmark_debug/rep1_ZilionisLung_Ollama_gemma2_2bCell-Calibrated_debug.csv","paired_debug_decisions",4695,"204561c82b7b26fd1dab72f4c3d37fa9","2026-07-22T06:01:19+0800",TRUE,""
"results/benchmark_debug/rep1_ZilionisLung_Ollama_gemma2_2bCell-ConfidenceK_debug.csv","paired_debug_decisions",4847,"0e6fb091da0f3909f56ef8176e42b5e9","2026-07-22T06:01:20+0800",TRUE,""
"results/benchmark_debug/rep1_ZilionisLung_Ollama_gemma2_2bCell-Evidence_debug.csv","paired_debug_decisions",4634,"ab0dea07dfbf15e23c93fadd045addf4","2026-07-22T06:01:19+0800",TRUE,""
"results/benchmark_debug/rep1_ZilionisLung_Ollama_gemma2_2bCell-NoOntologyK_debug.csv","paired_debug_decisions",5061,"f22a5d872c162f0b48935e4de1cb1732","2026-07-22T06:01:20+0800",TRUE,""
"results/benchmark_debug/rep1_ZilionisLung_Ollama_gemma2_2bCell-RandomK_debug.csv","paired_debug_decisions",4739,"386bfa9e77f2949bf76b90be112ccdb0","2026-07-22T06:01:19+0800",TRUE,""
"results/benchmark_debug/rep1_ZilionisLung_Ollama_gemma2_2bCell-SelfRefined_debug.csv","paired_debug_decisions",4857,"4f86fecededde1ea1e2b7e3f8e763332","2026-07-22T06:01:19+0800",TRUE,""
"results/benchmark_debug/rep1_ZilionisLung_Ollama_llama3_2-Plain_debug.csv","paired_debug_decisions",4437,"03d53a33562c470bacb72cf69fd8e00a","2026-07-22T05:56:46+0800",TRUE,""
"results/benchmark_debug/rep1_ZilionisLung_Ollama_llama3_2Cell-Calibrated_debug.csv","paired_debug_decisions",4863,"a30b70f086e10dff9af352d47596ba5c","2026-07-22T05:56:46+0800",TRUE,""
"results/benchmark_debug/rep1_ZilionisLung_Ollama_llama3_2Cell-ConfidenceK_debug.csv","paired_debug_decisions",5036,"d9e93175c803505d7ac8cbb8a67f423b","2026-07-22T05:56:47+0800",TRUE,""
"results/benchmark_debug/rep1_ZilionisLung_Ollama_llama3_2Cell-Evidence_debug.csv","paired_debug_decisions",4812,"ac075dc230b0addf10352b5b24297e34","2026-07-22T05:56:46+0800",TRUE,""
"results/benchmark_debug/rep1_ZilionisLung_Ollama_llama3_2Cell-NoOntologyK_debug.csv","paired_debug_decisions",5209,"be33b26816008a782aedb2f801649a61","2026-07-22T05:56:47+0800",TRUE,""
"results/benchmark_debug/rep1_ZilionisLung_Ollama_llama3_2Cell-RandomK_debug.csv","paired_debug_decisions",4868,"f64058719366e76decd7c2cedf499bf0","2026-07-22T05:56:46+0800",TRUE,""
"results/benchmark_debug/rep1_ZilionisLung_Ollama_llama3_2Cell-SelfRefined_debug.csv","paired_debug_decisions",5013,"b87427469875f83033c36428f309b076","2026-07-22T05:56:46+0800",TRUE,""
"results/benchmark_debug/rep1_ZilionisLung_Ollama_mistral-Plain_debug.csv","paired_debug_decisions",4303,"1caf5057502c1ea0ac4f97e42fab1248","2026-07-22T05:59:42+0800",TRUE,""
"results/benchmark_debug/rep1_ZilionisLung_Ollama_mistralCell-Calibrated_debug.csv","paired_debug_decisions",4736,"8f28f78aa2f9ee6c5865d2dce79b8334","2026-07-22T05:59:42+0800",TRUE,""
"results/benchmark_debug/rep1_ZilionisLung_Ollama_mistralCell-ConfidenceK_debug.csv","paired_debug_decisions",4893,"c061445ce753b28dc0d7167b8b1cd268","2026-07-22T05:59:42+0800",TRUE,""
"results/benchmark_debug/rep1_ZilionisLung_Ollama_mistralCell-Evidence_debug.csv","paired_debug_decisions",4674,"659e76b18cdee9fd9d11b84d029642d5","2026-07-22T05:59:42+0800",TRUE,""
"results/benchmark_debug/rep1_ZilionisLung_Ollama_mistralCell-NoOntologyK_debug.csv","paired_debug_decisions",5103,"6913072b6e857d002094f6c6a223e81b","2026-07-22T05:59:43+0800",TRUE,""
"results/benchmark_debug/rep1_ZilionisLung_Ollama_mistralCell-RandomK_debug.csv","paired_debug_decisions",4783,"c7a336009751074ef2233a59cf2cc840","2026-07-22T05:59:42+0800",TRUE,""
"results/benchmark_debug/rep1_ZilionisLung_Ollama_mistralCell-SelfRefined_debug.csv","paired_debug_decisions",4899,"c10c32bb4a900a63083664211726b487","2026-07-22T05:59:42+0800",TRUE,""
"results/benchmark_debug/rep1_ZilionisLung_SingleR_debug.csv","paired_debug_decisions",1866,"83dfa8aaedce9db272f2b92f4874bce1","2026-07-19T05:18:57+0800",TRUE,""
"results/benchmark_debug/rep1_ZilionisLung_scType_debug.csv","paired_debug_decisions",2093,"b1dee1002a560b5aa8fb026ad4a15a74","2026-07-19T05:18:43+0800",TRUE,""
"results/benchmark_debug/rep1_ZilionisLung_scmap_debug.csv","paired_debug_decisions",1834,"2f51fd4e610aa037ba06596d1d27ce84","2026-07-19T05:19:14+0800",TRUE,""
"results/benchmark_debug/rep2_BaronPancreas_CellTypist_debug.csv","paired_debug_decisions",1851,"31ba1b5317ca01ba5d66a7099ebd0c29","2026-07-19T05:41:13+0800",TRUE,""
"results/benchmark_debug/rep2_BaronPancreas_DeepSeek-Plain_debug.csv","paired_debug_decisions",3775,"2a0f8f2111f67b17dcc7170a1262c425","2026-07-19T05:22:32+0800",TRUE,""
"results/benchmark_debug/rep2_BaronPancreas_DeepSeekCell-Calibrated_debug.csv","paired_debug_decisions",4176,"19f29d7386173f6a14d267d474d21a14","2026-07-19T05:22:47+0800",TRUE,""
"results/benchmark_debug/rep2_BaronPancreas_DeepSeekCell-ConfidenceK_debug.csv","paired_debug_decisions",4320,"700220310dacc3b27aceb88c0c090c04","2026-07-19T05:23:09+0800",TRUE,""
"results/benchmark_debug/rep2_BaronPancreas_DeepSeekCell-Evidence_debug.csv","paired_debug_decisions",4129,"162d54fb8412d43ba7557655097d6e3f","2026-07-19T05:22:40+0800",TRUE,""
"results/benchmark_debug/rep2_BaronPancreas_DeepSeekCell-FullRefined_debug.csv","paired_debug_decisions",4160,"0a88638211605363b71a6c33251d57e1","2026-07-19T05:23:16+0800",TRUE,""
"results/benchmark_debug/rep2_BaronPancreas_DeepSeekCell-RandomK_debug.csv","paired_debug_decisions",4192,"167b8c9969527604d1016010aaafaf8d","2026-07-19T05:23:02+0800",TRUE,""
"results/benchmark_debug/rep2_BaronPancreas_DeepSeekCell-SelfRefined_debug.csv","paired_debug_decisions",4288,"04e15457c1cabc67e93befeb7cf8a12f","2026-07-19T05:22:55+0800",TRUE,""
"results/benchmark_debug/rep2_BaronPancreas_DeepSeek_debug.csv","paired_debug_decisions",1820,"bb159b5e4628fa5607f1fdefea6f0546","2026-06-13T19:49:18+0800",TRUE,""
"results/benchmark_debug/rep2_BaronPancreas_SingleR_debug.csv","paired_debug_decisions",1851,"4348714043bde386713690f3065b0457","2026-07-19T05:25:33+0800",TRUE,""
"results/benchmark_debug/rep2_BaronPancreas_scType_debug.csv","paired_debug_decisions",1843,"438382162f6c96d3246db0ffabae8134","2026-07-19T05:23:24+0800",TRUE,""
"results/benchmark_debug/rep2_BaronPancreas_scmap_debug.csv","paired_debug_decisions",1852,"ad94c52dea7b07042a9c8c647f3a72ca","2026-07-19T05:26:35+0800",TRUE,""
"results/benchmark_debug/rep2_MuraroPancreas_CellTypist_debug.csv","paired_debug_decisions",1278,"89be8fc048935ef3337177bc26bb21ad","2026-07-19T05:47:02+0800",TRUE,""
"results/benchmark_debug/rep2_MuraroPancreas_DeepSeek-Plain_debug.csv","paired_debug_decisions",2696,"8eb904d6c6ade72f80fa100ab88240f8","2026-07-19T05:41:35+0800",TRUE,""
"results/benchmark_debug/rep2_MuraroPancreas_DeepSeekCell-Calibrated_debug.csv","paired_debug_decisions",2979,"9c7fa9f34fa7b701fc0f700de0549dc3","2026-07-19T05:41:41+0800",TRUE,""
"results/benchmark_debug/rep2_MuraroPancreas_DeepSeekCell-ConfidenceK_debug.csv","paired_debug_decisions",3078,"1ed58f6b53ba39275e6fcad09279f5fd","2026-07-19T05:41:51+0800",TRUE,""
"results/benchmark_debug/rep2_MuraroPancreas_DeepSeekCell-Evidence_debug.csv","paired_debug_decisions",2946,"c254a79608a8f3b3e03a8c38d3942702","2026-07-19T05:41:38+0800",TRUE,""
"results/benchmark_debug/rep2_MuraroPancreas_DeepSeekCell-FullRefined_debug.csv","paired_debug_decisions",2969,"66ac5c2ad801e40e9633222d653246e7","2026-07-19T05:41:54+0800",TRUE,""
"results/benchmark_debug/rep2_MuraroPancreas_DeepSeekCell-RandomK_debug.csv","paired_debug_decisions",2990,"0049ac5227c8944ecf796cdded20686e","2026-07-19T05:41:48+0800",TRUE,""
"results/benchmark_debug/rep2_MuraroPancreas_DeepSeekCell-SelfRefined_debug.csv","paired_debug_decisions",3056,"6ef6da7666c6c3b600b31f06211e0f9e","2026-07-19T05:41:44+0800",TRUE,""
"results/benchmark_debug/rep2_MuraroPancreas_DeepSeek_debug.csv","paired_debug_decisions",1275,"d209529574e4df15e71d8d989c4653c7","2026-06-13T19:56:11+0800",TRUE,""
"results/benchmark_debug/rep2_MuraroPancreas_SingleR_debug.csv","paired_debug_decisions",1263,"b3308c5475f65421674cf8eb965e06ca","2026-07-19T05:42:13+0800",TRUE,""
"results/benchmark_debug/rep2_MuraroPancreas_scType_debug.csv","paired_debug_decisions",1292,"d28d2d493a5b9d0f046959cc0793a774","2026-07-19T05:41:58+0800",TRUE,""
"results/benchmark_debug/rep2_MuraroPancreas_scmap_debug.csv","paired_debug_decisions",1249,"69c838678b3423a839c28229527e7283","2026-07-19T05:42:27+0800",TRUE,""
"results/benchmark_debug/rep2_PBMC_CellTypist_debug.csv","paired_debug_decisions",1039,"8f2b350a1cc03d5fa31cdfc54eb27cdf","2026-07-19T05:21:31+0800",TRUE,""
"results/benchmark_debug/rep2_PBMC_DeepSeek-Plain_debug.csv","paired_debug_decisions",2135,"7ac60012f4bc2880ac50d69274fd6546","2026-07-19T05:20:56+0800",TRUE,""
"results/benchmark_debug/rep2_PBMC_DeepSeekCell-Calibrated_debug.csv","paired_debug_decisions",2336,"370f0ae7455e6df42ad91a69d91c5502","2026-07-19T05:20:56+0800",TRUE,""
"results/benchmark_debug/rep2_PBMC_DeepSeekCell-ConfidenceK_debug.csv","paired_debug_decisions",2408,"333b72866be2b72846ee919f94bebc26","2026-07-19T05:20:56+0800",TRUE,""
"results/benchmark_debug/rep2_PBMC_DeepSeekCell-Evidence_debug.csv","paired_debug_decisions",2312,"c9d7d5c7716edcd70b76da75e188231f","2026-07-19T05:20:56+0800",TRUE,""
"results/benchmark_debug/rep2_PBMC_DeepSeekCell-FullRefined_debug.csv","paired_debug_decisions",2335,"c555c1961f39b721f43439f271ff5a13","2026-07-19T05:20:56+0800",TRUE,""
"results/benchmark_debug/rep2_PBMC_DeepSeekCell-RandomK_debug.csv","paired_debug_decisions",2344,"ef13697a8d24d9f5d4dbf7652176ef00","2026-07-19T05:20:56+0800",TRUE,""
"results/benchmark_debug/rep2_PBMC_DeepSeekCell-SelfRefined_debug.csv","paired_debug_decisions",2392,"923305139378c606c1fa1737ed8ea09c","2026-07-19T05:20:56+0800",TRUE,""
"results/benchmark_debug/rep2_PBMC_DeepSeek_debug.csv","paired_debug_decisions",1000,"ca7584949d91da83866dece9fec56930","2026-06-13T19:48:55+0800",TRUE,""
"results/benchmark_debug/rep2_PBMC_SingleR_debug.csv","paired_debug_decisions",950,"df0d17009382e5d22e2fbbce26e810f6","2026-07-19T05:21:00+0800",TRUE,""
"results/benchmark_debug/rep2_PBMC_scType_debug.csv","paired_debug_decisions",996,"8ef625b6395ea4122bfb44c6754b5dfc","2026-07-19T05:20:57+0800",TRUE,""
"results/benchmark_debug/rep2_PBMC_scmap_debug.csv","paired_debug_decisions",926,"3cd05fe3fe0ea3350e7e353b189ec65b","2026-07-19T05:21:05+0800",TRUE,""
"results/benchmark_debug/rep2_TasicBrain_DeepSeek-Plain_debug.csv","paired_debug_decisions",3948,"da31668303af30cf3718b61c4c707649","2026-07-19T05:47:07+0800",TRUE,""
"results/benchmark_debug/rep2_TasicBrain_DeepSeekCell-Calibrated_debug.csv","paired_debug_decisions",4391,"43c9110a142eb9954845d9396a83665b","2026-07-19T05:47:07+0800",TRUE,""
"results/benchmark_debug/rep2_TasicBrain_DeepSeekCell-ConfidenceK_debug.csv","paired_debug_decisions",4526,"76098377583815a64af91caaa1277753","2026-07-19T05:47:08+0800",TRUE,""
"results/benchmark_debug/rep2_TasicBrain_DeepSeekCell-Evidence_debug.csv","paired_debug_decisions",4346,"e8c162d1465e58ee297fda8955b9b1b9","2026-07-19T05:47:07+0800",TRUE,""
"results/benchmark_debug/rep2_TasicBrain_DeepSeekCell-FullRefined_debug.csv","paired_debug_decisions",4376,"f73d77054490361dee7199287aa59170","2026-07-19T05:47:08+0800",TRUE,""
"results/benchmark_debug/rep2_TasicBrain_DeepSeekCell-RandomK_debug.csv","paired_debug_decisions",4406,"7274d8f9e82f40504ff03c5fb93b8e58","2026-07-19T05:47:07+0800",TRUE,""
"results/benchmark_debug/rep2_TasicBrain_DeepSeekCell-SelfRefined_debug.csv","paired_debug_decisions",4496,"e7796f72c47a767363be1d1f0b81ee73","2026-07-19T05:47:07+0800",TRUE,""
"results/benchmark_debug/rep2_TasicBrain_DeepSeek_debug.csv","paired_debug_decisions",1991,"1cb7732c8e456e017a8d07d473462e4a","2026-06-13T19:57:30+0800",TRUE,""
"results/benchmark_debug/rep2_TasicBrain_SingleR_debug.csv","paired_debug_decisions",1853,"e00e4192a304460a7b0eaf238b71eccd","2026-07-19T05:47:11+0800",TRUE,""
"results/benchmark_debug/rep2_TasicBrain_scType_debug.csv","paired_debug_decisions",2000,"52a672fffcda66896e48b59560e80e66","2026-07-19T05:47:08+0800",TRUE,""
"results/benchmark_debug/rep2_TasicBrain_scmap_debug.csv","paired_debug_decisions",1828,"0d6eb44e585400f8ceedef4574cd8b71","2026-07-19T05:47:15+0800",TRUE,""
"results/benchmark_debug/rep2_ZeiselBrain_DeepSeek-Plain_debug.csv","paired_debug_decisions",3927,"5323ffcad7f6fe24ef21688778e8fd00","2026-07-19T05:47:20+0800",TRUE,""
"results/benchmark_debug/rep2_ZeiselBrain_DeepSeekCell-Calibrated_debug.csv","paired_debug_decisions",4361,"38a055dde7ea957701d1302471ec5177","2026-07-19T05:47:20+0800",TRUE,""
"results/benchmark_debug/rep2_ZeiselBrain_DeepSeekCell-ConfidenceK_debug.csv","paired_debug_decisions",4500,"27b546380d04fd0b9a53c937479cc021","2026-07-19T05:47:20+0800",TRUE,""
"results/benchmark_debug/rep2_ZeiselBrain_DeepSeekCell-Evidence_debug.csv","paired_debug_decisions",4310,"8fca71ddc555ccc4099a20ea092b2bb6","2026-07-19T05:47:20+0800",TRUE,""
"results/benchmark_debug/rep2_ZeiselBrain_DeepSeekCell-FullRefined_debug.csv","paired_debug_decisions",4358,"70c5d6f955f1086bd6ed3a11218160de","2026-07-19T05:47:21+0800",TRUE,""
"results/benchmark_debug/rep2_ZeiselBrain_DeepSeekCell-RandomK_debug.csv","paired_debug_decisions",4374,"a51f87a761052f098079520e2e3455fc","2026-07-19T05:47:20+0800",TRUE,""
"results/benchmark_debug/rep2_ZeiselBrain_DeepSeekCell-SelfRefined_debug.csv","paired_debug_decisions",4492,"37ed2adeb83d5bff0c4bec31d3f5b9d2","2026-07-19T05:47:20+0800",TRUE,""
"results/benchmark_debug/rep2_ZeiselBrain_DeepSeek_debug.csv","paired_debug_decisions",1944,"ebd34ee9fa034dc3f56d3c360ec58d48","2026-06-13T19:57:48+0800",TRUE,""
"results/benchmark_debug/rep2_ZeiselBrain_SingleR_debug.csv","paired_debug_decisions",1945,"ddf09a5b34de733f6f298bcbcd590085","2026-07-19T05:47:26+0800",TRUE,""
"results/benchmark_debug/rep2_ZeiselBrain_scType_debug.csv","paired_debug_decisions",1974,"3d0982879daabc4544ff975be7b8046a","2026-07-19T05:47:21+0800",TRUE,""
"results/benchmark_debug/rep2_ZeiselBrain_scmap_debug.csv","paired_debug_decisions",1896,"bce52b17e7a43b8cb1964b1c009d528e","2026-07-19T05:47:32+0800",TRUE,""
"results/benchmark_debug/rep2_ZilionisLung_CellTypist_debug.csv","paired_debug_decisions",1895,"2f97d793c50152a4a8857a7d01262015","2026-07-19T05:49:34+0800",TRUE,""
"results/benchmark_debug/rep2_ZilionisLung_DeepSeek-Plain_debug.csv","paired_debug_decisions",3696,"3ebf97a684184dc876efe72eee3f3020","2026-07-19T05:47:36+0800",TRUE,""
"results/benchmark_debug/rep2_ZilionisLung_DeepSeekCell-Calibrated_debug.csv","paired_debug_decisions",4114,"eb39e4410814fd40c54f7861941a1feb","2026-07-19T05:47:36+0800",TRUE,""
"results/benchmark_debug/rep2_ZilionisLung_DeepSeekCell-ConfidenceK_debug.csv","paired_debug_decisions",4254,"f526b03392d1190a169c64390018167a","2026-07-19T05:47:36+0800",TRUE,""
"results/benchmark_debug/rep2_ZilionisLung_DeepSeekCell-Evidence_debug.csv","paired_debug_decisions",4064,"fcef575fd2108dde9d81ec65a86c2ce3","2026-07-19T05:47:36+0800",TRUE,""
"results/benchmark_debug/rep2_ZilionisLung_DeepSeekCell-FullRefined_debug.csv","paired_debug_decisions",4098,"3a63e7a9ab6e44a0b455131c4f82a8f3","2026-07-19T05:47:36+0800",TRUE,""
"results/benchmark_debug/rep2_ZilionisLung_DeepSeekCell-RandomK_debug.csv","paired_debug_decisions",4127,"295a45d6b8f555f8b794b90719827eb6","2026-07-19T05:47:36+0800",TRUE,""
"results/benchmark_debug/rep2_ZilionisLung_DeepSeekCell-SelfRefined_debug.csv","paired_debug_decisions",4213,"acc7cbcaa5c45277a3bb3f3d178eb6a4","2026-07-19T05:47:36+0800",TRUE,""
"results/benchmark_debug/rep2_ZilionisLung_DeepSeek_debug.csv","paired_debug_decisions",1761,"abf4dafa77f364a43a6ce097b629ab87","2026-06-13T19:58:29+0800",TRUE,""
"results/benchmark_debug/rep2_ZilionisLung_SingleR_debug.csv","paired_debug_decisions",1742,"ed419b9003da7cc5266609d5825b7a30","2026-07-19T05:47:49+0800",TRUE,""
"results/benchmark_debug/rep2_ZilionisLung_scType_debug.csv","paired_debug_decisions",1964,"7745ae16ea6418fc5bd72d83433be796","2026-07-19T05:47:37+0800",TRUE,""
"results/benchmark_debug/rep2_ZilionisLung_scmap_debug.csv","paired_debug_decisions",1712,"c482e4a7ccfc1f2f4e6eb9d01bdfebbe","2026-07-19T05:48:05+0800",TRUE,""
"results/benchmark_debug/rep3_BaronPancreas_CellTypist_debug.csv","paired_debug_decisions",1851,"d00ba06a53870753bbc4a85843e65de5","2026-07-19T06:09:10+0800",TRUE,""
"results/benchmark_debug/rep3_BaronPancreas_DeepSeek-Plain_debug.csv","paired_debug_decisions",3775,"8a961810432471c18f0a8ce8c7612ffc","2026-07-19T05:51:37+0800",TRUE,""
"results/benchmark_debug/rep3_BaronPancreas_DeepSeekCell-Calibrated_debug.csv","paired_debug_decisions",4176,"c334ab79ab9f50193d847bea48b75888","2026-07-19T05:51:50+0800",TRUE,""
"results/benchmark_debug/rep3_BaronPancreas_DeepSeekCell-ConfidenceK_debug.csv","paired_debug_decisions",4320,"9e59a786e2c5bbc28cf57722ce3e58c8","2026-07-19T05:52:10+0800",TRUE,""
"results/benchmark_debug/rep3_BaronPancreas_DeepSeekCell-Evidence_debug.csv","paired_debug_decisions",4129,"b16cc85bd03f3ff2a65eb4ecdfaadbe1","2026-07-19T05:51:44+0800",TRUE,""
"results/benchmark_debug/rep3_BaronPancreas_DeepSeekCell-FullRefined_debug.csv","paired_debug_decisions",4160,"c15d144bad3bcecb12f472e0aac1a76d","2026-07-19T05:52:17+0800",TRUE,""
"results/benchmark_debug/rep3_BaronPancreas_DeepSeekCell-RandomK_debug.csv","paired_debug_decisions",4192,"0c9e8b6b43ec1bf0dd409c881b0a28fe","2026-07-19T05:52:03+0800",TRUE,""
"results/benchmark_debug/rep3_BaronPancreas_DeepSeekCell-SelfRefined_debug.csv","paired_debug_decisions",4288,"28562d6a8b587f9c1a9bff89dfadae3c","2026-07-19T05:51:57+0800",TRUE,""
"results/benchmark_debug/rep3_BaronPancreas_DeepSeek_debug.csv","paired_debug_decisions",1820,"d88d58a01b972995af2ee60d7bbb92d4","2026-06-13T20:00:04+0800",TRUE,""
"results/benchmark_debug/rep3_BaronPancreas_SingleR_debug.csv","paired_debug_decisions",1851,"903ef551cb01a80059a8450176e17ad7","2026-07-19T05:54:27+0800",TRUE,""
"results/benchmark_debug/rep3_BaronPancreas_scType_debug.csv","paired_debug_decisions",1843,"e30afe583c822c2b22a7744ce7c9f2d2","2026-07-19T05:52:25+0800",TRUE,""
"results/benchmark_debug/rep3_BaronPancreas_scmap_debug.csv","paired_debug_decisions",1869,"0b0cdf831501c692d9e419f4446fa4ce","2026-07-19T05:55:24+0800",TRUE,""
"results/benchmark_debug/rep3_MuraroPancreas_CellTypist_debug.csv","paired_debug_decisions",1278,"b63192cca98dbc7e504a541f061c933a","2026-07-19T06:14:50+0800",TRUE,""
"results/benchmark_debug/rep3_MuraroPancreas_DeepSeek-Plain_debug.csv","paired_debug_decisions",2696,"8f4b87a9e91ec110ab3a699aa8f73625","2026-07-19T06:09:44+0800",TRUE,""
"results/benchmark_debug/rep3_MuraroPancreas_DeepSeekCell-Calibrated_debug.csv","paired_debug_decisions",2979,"0f0d7df4b8cc2b7765ba6d9e46b79a81","2026-07-19T06:09:50+0800",TRUE,""
"results/benchmark_debug/rep3_MuraroPancreas_DeepSeekCell-ConfidenceK_debug.csv","paired_debug_decisions",3078,"f6c42cfd14fdb95d3c30a6a2b54377f0","2026-07-19T06:09:59+0800",TRUE,""
"results/benchmark_debug/rep3_MuraroPancreas_DeepSeekCell-Evidence_debug.csv","paired_debug_decisions",2946,"7de5ceb2b900aa03eee9c822fdf42937","2026-07-19T06:09:47+0800",TRUE,""
"results/benchmark_debug/rep3_MuraroPancreas_DeepSeekCell-FullRefined_debug.csv","paired_debug_decisions",2969,"9a6202e9054fc937863353aa37d7901f","2026-07-19T06:10:02+0800",TRUE,""
"results/benchmark_debug/rep3_MuraroPancreas_DeepSeekCell-RandomK_debug.csv","paired_debug_decisions",2990,"44b7e50f9b2b3eb0d95e3815064f2ded","2026-07-19T06:09:56+0800",TRUE,""
"results/benchmark_debug/rep3_MuraroPancreas_DeepSeekCell-SelfRefined_debug.csv","paired_debug_decisions",3056,"dd7ab4b0c094a750adb02c71efaa75a3","2026-07-19T06:09:53+0800",TRUE,""
"results/benchmark_debug/rep3_MuraroPancreas_DeepSeek_debug.csv","paired_debug_decisions",1275,"bc0c5c17ca6e3472e99d70597b8a5d8d","2026-06-13T20:06:53+0800",TRUE,""
"results/benchmark_debug/rep3_MuraroPancreas_SingleR_debug.csv","paired_debug_decisions",1263,"223aed1dd4e64f5079635f9087595a68","2026-07-19T06:10:20+0800",TRUE,""
"results/benchmark_debug/rep3_MuraroPancreas_scType_debug.csv","paired_debug_decisions",1292,"1bf136653d3b8da252786a76910d8e7f","2026-07-19T06:10:05+0800",TRUE,""
"results/benchmark_debug/rep3_MuraroPancreas_scmap_debug.csv","paired_debug_decisions",1253,"3ceb6bd95ae851cdc38765c6f8c6225a","2026-07-19T06:10:31+0800",TRUE,""
"results/benchmark_debug/rep3_PBMC_CellTypist_debug.csv","paired_debug_decisions",1039,"d53f55ad59e7fecb93538a2879d187e0","2026-07-19T05:50:28+0800",TRUE,""
"results/benchmark_debug/rep3_PBMC_DeepSeek-Plain_debug.csv","paired_debug_decisions",2133,"9bde6c25c8d702cd0307ffcbbf7bcc93","2026-07-19T05:49:54+0800",TRUE,""
"results/benchmark_debug/rep3_PBMC_DeepSeekCell-Calibrated_debug.csv","paired_debug_decisions",2334,"a8137e7a9dac129ac0a5734a672f3bc3","2026-07-19T05:49:54+0800",TRUE,""
"results/benchmark_debug/rep3_PBMC_DeepSeekCell-ConfidenceK_debug.csv","paired_debug_decisions",2406,"4b4484ff7282afcd2bba24ddc845fb12","2026-07-19T05:49:54+0800",TRUE,""
"results/benchmark_debug/rep3_PBMC_DeepSeekCell-Evidence_debug.csv","paired_debug_decisions",2310,"4c0a7c7326ab82da82e3ee85e4165c22","2026-07-19T05:49:54+0800",TRUE,""
"results/benchmark_debug/rep3_PBMC_DeepSeekCell-FullRefined_debug.csv","paired_debug_decisions",2333,"05088fb2ca139f7723289de7bce8b896","2026-07-19T05:49:54+0800",TRUE,""
"results/benchmark_debug/rep3_PBMC_DeepSeekCell-RandomK_debug.csv","paired_debug_decisions",2342,"175734fc81511441f933f9c7b4afd8f3","2026-07-19T05:49:54+0800",TRUE,""
"results/benchmark_debug/rep3_PBMC_DeepSeekCell-SelfRefined_debug.csv","paired_debug_decisions",2390,"dbd87d7f5fd6b85068895ead3239baa8","2026-07-19T05:49:54+0800",TRUE,""
"results/benchmark_debug/rep3_PBMC_DeepSeek_debug.csv","paired_debug_decisions",1000,"17a3228dcab781fbdfe5f750f876c833","2026-06-13T19:59:42+0800",TRUE,""
"results/benchmark_debug/rep3_PBMC_SingleR_debug.csv","paired_debug_decisions",950,"3abdf8e25a865343714970356cf1a239","2026-07-19T05:49:58+0800",TRUE,""
"results/benchmark_debug/rep3_PBMC_scType_debug.csv","paired_debug_decisions",996,"0e149828f1c21ea6673b30ae506bda41","2026-07-19T05:49:55+0800",TRUE,""
"results/benchmark_debug/rep3_PBMC_scmap_debug.csv","paired_debug_decisions",932,"3e6d9552dab280269a807109371d2a96","2026-07-19T05:50:05+0800",TRUE,""
"results/benchmark_debug/rep3_TasicBrain_DeepSeek-Plain_debug.csv","paired_debug_decisions",3946,"8ff2257a2f604aa2cc700c6082abdadf","2026-07-19T06:15:08+0800",TRUE,""
"results/benchmark_debug/rep3_TasicBrain_DeepSeekCell-Calibrated_debug.csv","paired_debug_decisions",4390,"46f229ca47d2cbdcad998fca1e532403","2026-07-19T06:15:09+0800",TRUE,""
"results/benchmark_debug/rep3_TasicBrain_DeepSeekCell-ConfidenceK_debug.csv","paired_debug_decisions",4525,"86e2f86a86f5bc8d53b21b25b5515d86","2026-07-19T06:15:09+0800",TRUE,""
"results/benchmark_debug/rep3_TasicBrain_DeepSeekCell-Evidence_debug.csv","paired_debug_decisions",4344,"eb976aa9811000ffb28ab0947e4286db","2026-07-19T06:15:08+0800",TRUE,""
"results/benchmark_debug/rep3_TasicBrain_DeepSeekCell-FullRefined_debug.csv","paired_debug_decisions",4381,"370f557cff72bff7ad4f7bf20402962d","2026-07-19T06:15:09+0800",TRUE,""
"results/benchmark_debug/rep3_TasicBrain_DeepSeekCell-RandomK_debug.csv","paired_debug_decisions",4405,"121f3719a4797f4849122f0e91a57985","2026-07-19T06:15:09+0800",TRUE,""
"results/benchmark_debug/rep3_TasicBrain_DeepSeekCell-SelfRefined_debug.csv","paired_debug_decisions",4495,"6ec2b3a252e1324ad8c0743915e62115","2026-07-19T06:15:09+0800",TRUE,""
"results/benchmark_debug/rep3_TasicBrain_DeepSeek_debug.csv","paired_debug_decisions",1991,"c5f95366e7c86fa9aa728d9b167a0548","2026-06-13T20:08:04+0800",TRUE,""
"results/benchmark_debug/rep3_TasicBrain_SingleR_debug.csv","paired_debug_decisions",1853,"4bfe0b58f157a3a2ae521891af21d4b5","2026-07-19T06:15:14+0800",TRUE,""
"results/benchmark_debug/rep3_TasicBrain_scType_debug.csv","paired_debug_decisions",2000,"8df8e43e6ae2ec7bcd7a9ae2173d3d30","2026-07-19T06:15:09+0800",TRUE,""
"results/benchmark_debug/rep3_TasicBrain_scmap_debug.csv","paired_debug_decisions",1833,"c406cca8ddbfc4f04739c4c48ce7d98b","2026-07-19T06:15:19+0800",TRUE,""
"results/benchmark_debug/rep3_ZeiselBrain_DeepSeek-Plain_debug.csv","paired_debug_decisions",3929,"7af8bb72301f799fecc9cffbde952214","2026-07-19T06:15:47+0800",TRUE,""
"results/benchmark_debug/rep3_ZeiselBrain_DeepSeekCell-Calibrated_debug.csv","paired_debug_decisions",4362,"85fdce33143de0cebf90f693ea49416b","2026-07-19T06:15:47+0800",TRUE,""
"results/benchmark_debug/rep3_ZeiselBrain_DeepSeekCell-ConfidenceK_debug.csv","paired_debug_decisions",4501,"3512fd18d33c2ac5df15dd57930c1d6c","2026-07-19T06:15:48+0800",TRUE,""
"results/benchmark_debug/rep3_ZeiselBrain_DeepSeekCell-Evidence_debug.csv","paired_debug_decisions",4312,"5b2e9b6182e0d541db1f6fb7fbefa08f","2026-07-19T06:15:47+0800",TRUE,""
"results/benchmark_debug/rep3_ZeiselBrain_DeepSeekCell-FullRefined_debug.csv","paired_debug_decisions",4359,"ffbe7cca2b162a65433e2437f944b283","2026-07-19T06:15:48+0800",TRUE,""
"results/benchmark_debug/rep3_ZeiselBrain_DeepSeekCell-RandomK_debug.csv","paired_debug_decisions",4381,"da2838a5f4578571776728f097f8caa1","2026-07-19T06:15:47+0800",TRUE,""
"results/benchmark_debug/rep3_ZeiselBrain_DeepSeekCell-SelfRefined_debug.csv","paired_debug_decisions",4493,"e74b5a70e3869274f3b982896d20df04","2026-07-19T06:15:47+0800",TRUE,""
"results/benchmark_debug/rep3_ZeiselBrain_DeepSeek_debug.csv","paired_debug_decisions",1944,"87971859b8b673202e0f242f0d9f4848","2026-06-13T20:08:24+0800",TRUE,""
"results/benchmark_debug/rep3_ZeiselBrain_SingleR_debug.csv","paired_debug_decisions",1945,"e5c926377cd4154c26bd1e418168f705","2026-07-19T06:15:56+0800",TRUE,""
"results/benchmark_debug/rep3_ZeiselBrain_scType_debug.csv","paired_debug_decisions",1974,"7e993931541fbf21da499377dee1198b","2026-07-19T06:15:49+0800",TRUE,""
"results/benchmark_debug/rep3_ZeiselBrain_scmap_debug.csv","paired_debug_decisions",1896,"1187380123d6f932c2bf39707e8647bf","2026-07-19T06:16:04+0800",TRUE,""
"results/benchmark_debug/rep3_ZilionisLung_CellTypist_debug.csv","paired_debug_decisions",2078,"5ca865a516b514688ab404a05140fa33","2026-07-19T06:18:47+0800",TRUE,""
"results/benchmark_debug/rep3_ZilionisLung_DeepSeek-Plain_debug.csv","paired_debug_decisions",3874,"42214f6328167373fa74d0d01e0b3621","2026-07-19T06:16:44+0800",TRUE,""
"results/benchmark_debug/rep3_ZilionisLung_DeepSeekCell-Calibrated_debug.csv","paired_debug_decisions",4316,"97f7da8dab3aa1d5d91fdcb518fefb3b","2026-07-19T06:16:44+0800",TRUE,""
"results/benchmark_debug/rep3_ZilionisLung_DeepSeekCell-ConfidenceK_debug.csv","paired_debug_decisions",4483,"6f3f44090455a02037f0b1be54799c69","2026-07-19T06:16:45+0800",TRUE,""
"results/benchmark_debug/rep3_ZilionisLung_DeepSeekCell-Evidence_debug.csv","paired_debug_decisions",4249,"7f5f840f3468b4ea22a16c55acb69bd4","2026-07-19T06:16:44+0800",TRUE,""
"results/benchmark_debug/rep3_ZilionisLung_DeepSeekCell-FullRefined_debug.csv","paired_debug_decisions",4392,"0b67d263b48813e615159bae6adba20f","2026-07-19T06:16:45+0800",TRUE,""
"results/benchmark_debug/rep3_ZilionisLung_DeepSeekCell-RandomK_debug.csv","paired_debug_decisions",4335,"f0330a98b0c96a0dff8ef9c19aeb8ea6","2026-07-19T06:16:44+0800",TRUE,""
"results/benchmark_debug/rep3_ZilionisLung_DeepSeekCell-SelfRefined_debug.csv","paired_debug_decisions",4479,"35b5c3d0141f532f01b7fadcbebf6ca7","2026-07-19T06:16:44+0800",TRUE,""
"results/benchmark_debug/rep3_ZilionisLung_DeepSeek_debug.csv","paired_debug_decisions",1940,"5557a4ffae3b1e7179ae0e3d45baccc9","2026-06-13T20:08:50+0800",TRUE,""
"results/benchmark_debug/rep3_ZilionisLung_SingleR_debug.csv","paired_debug_decisions",1897,"2f317dd77a80f3a2f043f519409cd3e3","2026-07-19T06:16:57+0800",TRUE,""
"results/benchmark_debug/rep3_ZilionisLung_scType_debug.csv","paired_debug_decisions",2151,"9cd5b68c4c92885e769fbfa40e3d0970","2026-07-19T06:16:45+0800",TRUE,""
"results/benchmark_debug/rep3_ZilionisLung_scmap_debug.csv","paired_debug_decisions",1863,"8f47e6e5ddbf7e34e1414243b3df0aa8","2026-07-19T06:17:24+0800",TRUE,""
"results/reliability_generalization_calibration_comparison.pdf","reliability_model_or_analysis",9583,"2d2c296fe206ce82af200141981fa734","2026-08-06T16:34:21+0800",TRUE,""
"results/reliability_generalization_calibration_comparison_bins.csv","reliability_model_or_analysis",4605,"eb6a450a5727970c377791100d554658","2026-08-06T16:34:19+0800",TRUE,""
"results/reliability_generalization_calibration_comparison_metrics.csv","reliability_model_or_analysis",138,"a3f88abed23876364bc2adebcdef3351","2026-08-06T16:34:19+0800",TRUE,""
"results/reliability_generalization_cross_tissue_transfer_matrix.pdf","reliability_model_or_analysis",5523,"1156392c4aac3cfe18b3de4f40d38a21","2026-08-06T16:34:20+0800",TRUE,""
"results/reliability_generalization_domain_shift.csv","reliability_model_or_analysis",895,"1336725786b8782e9121be87a0263542","2026-08-06T16:34:19+0800",TRUE,""
"results/reliability_generalization_domain_shift_correlations.csv","reliability_model_or_analysis",550,"4af9efc51140d19f5491e17765a44851","2026-08-06T16:34:19+0800",TRUE,""
"results/reliability_generalization_failure_taxonomy.pdf","reliability_model_or_analysis",4261,"b5b23d250477f4402059f54c325f185d","2026-08-06T16:34:21+0800",TRUE,""
"results/reliability_generalization_failure_taxonomy_clusters.csv","reliability_model_or_analysis",19717,"92fbd78101459f57556ba664b4d6b2e4","2026-08-06T16:34:19+0800",TRUE,""
"results/reliability_generalization_failure_taxonomy_summary.csv","reliability_model_or_analysis",125,"ef8f342ba434eaaeb9d5ec43c8e1a767","2026-08-06T16:34:19+0800",TRUE,""
"results/reliability_generalization_features.csv","reliability_model_or_analysis",119198,"61d022911e28b0f7469b8f27fb2d2983","2026-08-06T16:34:19+0800",TRUE,""
"results/reliability_generalization_learning_curve.csv","reliability_model_or_analysis",28949,"bd66f719574c0c78a2bc03f6e6002b13","2026-08-06T16:34:19+0800",TRUE,""
"results/reliability_generalization_learning_curve.pdf","reliability_model_or_analysis",5833,"5b8e6cc2dfb272a3c4d32850f77c794c","2026-08-06T16:34:20+0800",TRUE,""
"results/reliability_generalization_leave_one_tissue_out.csv","reliability_model_or_analysis",3548,"a8bbe036a2a074c2463be7b9b5f61b55","2026-08-06T16:34:19+0800",TRUE,""
"results/reliability_generalization_oracle_gap.csv","reliability_model_or_analysis",3548,"a8bbe036a2a074c2463be7b9b5f61b55","2026-08-06T16:34:19+0800",TRUE,""
"results/reliability_generalization_oracle_gap.pdf","reliability_model_or_analysis",5037,"1d941ee884fcd0415c5f472cbd25454f","2026-08-06T16:34:20+0800",TRUE,""
"results/reliability_generalization_pairwise_tissue_transfer.csv","reliability_model_or_analysis",2050,"1848d4fea5c4e5f0420b61c75c6eb60b","2026-08-06T16:34:19+0800",TRUE,""
"results/reliability_generalization_smoke_calibration_comparison.pdf","reliability_model_or_analysis",9583,"7b849e406777390e5e62af5618310ac3","2026-08-06T16:32:05+0800",TRUE,""
"results/reliability_generalization_smoke_calibration_comparison_bins.csv","reliability_model_or_analysis",4605,"eb6a450a5727970c377791100d554658","2026-08-06T16:32:03+0800",TRUE,""
"results/reliability_generalization_smoke_calibration_comparison_metrics.csv","reliability_model_or_analysis",138,"a3f88abed23876364bc2adebcdef3351","2026-08-06T16:32:03+0800",TRUE,""
"results/reliability_generalization_smoke_cross_tissue_transfer_matrix.pdf","reliability_model_or_analysis",5523,"b5a062998812ba460e943aa345ee4c72","2026-08-06T16:32:04+0800",TRUE,""
"results/reliability_generalization_smoke_domain_shift.csv","reliability_model_or_analysis",895,"1336725786b8782e9121be87a0263542","2026-08-06T16:32:03+0800",TRUE,""
"results/reliability_generalization_smoke_domain_shift_correlations.csv","reliability_model_or_analysis",550,"4af9efc51140d19f5491e17765a44851","2026-08-06T16:32:03+0800",TRUE,""
"results/reliability_generalization_smoke_failure_taxonomy.pdf","reliability_model_or_analysis",4261,"d747e507e51fc828c316a8fe92f0492e","2026-08-06T16:32:05+0800",TRUE,""
"results/reliability_generalization_smoke_failure_taxonomy_clusters.csv","reliability_model_or_analysis",19717,"92fbd78101459f57556ba664b4d6b2e4","2026-08-06T16:32:03+0800",TRUE,""
"results/reliability_generalization_smoke_failure_taxonomy_summary.csv","reliability_model_or_analysis",125,"ef8f342ba434eaaeb9d5ec43c8e1a767","2026-08-06T16:32:03+0800",TRUE,""
"results/reliability_generalization_smoke_features.csv","reliability_model_or_analysis",119198,"61d022911e28b0f7469b8f27fb2d2983","2026-08-06T16:32:03+0800",TRUE,""
"results/reliability_generalization_smoke_learning_curve.csv","reliability_model_or_analysis",6194,"16094ce70eb7b0ade27dbe48b7ebe6f1","2026-08-06T16:32:03+0800",TRUE,""
"results/reliability_generalization_smoke_learning_curve.pdf","reliability_model_or_analysis",5816,"f882c2b3cd1df2bc7d664f65ed05e759","2026-08-06T16:32:04+0800",TRUE,""
"results/reliability_generalization_smoke_leave_one_tissue_out.csv","reliability_model_or_analysis",3548,"a8bbe036a2a074c2463be7b9b5f61b55","2026-08-06T16:32:03+0800",TRUE,""
"results/reliability_generalization_smoke_oracle_gap.csv","reliability_model_or_analysis",3548,"a8bbe036a2a074c2463be7b9b5f61b55","2026-08-06T16:32:03+0800",TRUE,""
"results/reliability_generalization_smoke_oracle_gap.pdf","reliability_model_or_analysis",5037,"7f290267aa04a560b8dbef06fc50b24a","2026-08-06T16:32:05+0800",TRUE,""
"results/reliability_generalization_smoke_pairwise_tissue_transfer.csv","reliability_model_or_analysis",2050,"1848d4fea5c4e5f0420b61c75c6eb60b","2026-08-06T16:32:03+0800",TRUE,""
"results/reliability_model_v1.1_error.rds","reliability_model_or_analysis",45736,"5f715b80ebe3ed6946559078aca70e92","2026-08-06T16:10:47+0800",TRUE,""
"results/reliability_model_v1.1_error_calibration_bins.csv","reliability_model_or_analysis",825,"6b24d25b36ba7b19958d2cfaa945ca54","2026-08-06T16:10:48+0800",TRUE,""
"results/reliability_model_v1.1_error_calibration_curve.pdf","reliability_model_or_analysis",5500,"4f80587b22e31e234ab7a03a6c7c8c07","2026-08-06T16:10:51+0800",TRUE,""
"results/reliability_model_v1.1_error_calibration_metrics.csv","reliability_model_or_analysis",333,"40db5635a931d2a5360358d90d04f5c1","2026-08-06T16:10:48+0800",TRUE,""
"results/reliability_model_v1.1_error_cluster_contributions.csv","reliability_model_or_analysis",627597,"b5210fd81593eb0e0a2ba3f6fa1169da","2026-08-06T16:10:48+0800",TRUE,""
"results/reliability_model_v1.1_error_contribution_importance.pdf","reliability_model_or_analysis",4790,"383c6d7e2ad1b2b1d7c12b931e5c7b8a","2026-08-06T16:10:51+0800",TRUE,""
"results/reliability_model_v1.1_error_feature_ablation.csv","reliability_model_or_analysis",2642,"3c7ec534d99c11c2cfde5de7442d681d","2026-08-06T16:10:48+0800",TRUE,""
"results/reliability_model_v1.1_error_feature_importance.csv","reliability_model_or_analysis",862,"63834cf1346dbeae24135ff23842b319","2026-08-06T16:10:48+0800",TRUE,""
"results/reliability_model_v1.1_error_feature_importance.pdf","reliability_model_or_analysis",4337,"d25c6a0b17db6c8b5ae4f146071678d9","2026-08-06T16:10:50+0800",TRUE,""
"results/reliability_model_v1.1_error_global_contributions.csv","reliability_model_or_analysis",627,"c28f16eb20a9cfac46f80f09f6f4c9fe","2026-08-06T16:10:48+0800",TRUE,""
"results/reliability_model_v1.1_error_reexplain_calibration_bins.csv","reliability_model_or_analysis",825,"6b24d25b36ba7b19958d2cfaa945ca54","2026-08-06T16:11:19+0800",TRUE,""
"results/reliability_model_v1.1_error_reexplain_calibration_curve.pdf","reliability_model_or_analysis",5500,"2c16aaa5d1b925c2be20448e2181a3ad","2026-08-06T16:11:21+0800",TRUE,""
"results/reliability_model_v1.1_error_reexplain_calibration_metrics.csv","reliability_model_or_analysis",333,"40db5635a931d2a5360358d90d04f5c1","2026-08-06T16:11:19+0800",TRUE,""
"results/reliability_model_v1.1_error_reexplain_cluster_contributions.csv","reliability_model_or_analysis",627597,"b5210fd81593eb0e0a2ba3f6fa1169da","2026-08-06T16:11:19+0800",TRUE,""
"results/reliability_model_v1.1_error_reexplain_contribution_importance.pdf","reliability_model_or_analysis",4790,"4f8f0f847b77f70f5eb2a10ddd2626c6","2026-08-06T16:11:20+0800",TRUE,""
"results/reliability_model_v1.1_error_reexplain_feature_ablation.csv","reliability_model_or_analysis",2642,"3c7ec534d99c11c2cfde5de7442d681d","2026-08-06T16:11:19+0800",TRUE,""
"results/reliability_model_v1.1_error_reexplain_feature_importance.csv","reliability_model_or_analysis",862,"63834cf1346dbeae24135ff23842b319","2026-08-06T16:11:19+0800",TRUE,""
"results/reliability_model_v1.1_error_reexplain_feature_importance.pdf","reliability_model_or_analysis",4337,"1229fe114efe7523186f88fd3b41895d","2026-08-06T16:11:20+0800",TRUE,""
"results/reliability_model_v1.1_error_reexplain_global_contributions.csv","reliability_model_or_analysis",627,"c28f16eb20a9cfac46f80f09f6f4c9fe","2026-08-06T16:11:19+0800",TRUE,""
"results/reliability_model_v1.1_error_smoke.rds","reliability_model_or_analysis",47094,"70191ce7909840ef26df8c847ea708dd","2026-08-06T16:36:41+0800",TRUE,""
"results/reliability_model_v1.1_error_smoke_calibration_bins.csv","reliability_model_or_analysis",825,"6b24d25b36ba7b19958d2cfaa945ca54","2026-08-06T16:36:41+0800",TRUE,""
"results/reliability_model_v1.1_error_smoke_calibration_curve.pdf","reliability_model_or_analysis",5500,"71f1a9dff6d8f051f1b0fe9d45e5e7af","2026-08-06T16:36:44+0800",TRUE,""
"results/reliability_model_v1.1_error_smoke_calibration_metrics.csv","reliability_model_or_analysis",333,"40db5635a931d2a5360358d90d04f5c1","2026-08-06T16:36:41+0800",TRUE,""
"results/reliability_model_v1.1_error_smoke_cluster_contributions.csv","reliability_model_or_analysis",627597,"b5210fd81593eb0e0a2ba3f6fa1169da","2026-08-06T16:36:41+0800",TRUE,""
"results/reliability_model_v1.1_error_smoke_contribution_importance.pdf","reliability_model_or_analysis",4790,"901d322c24775ebe7f807db1b4cdeb25","2026-08-06T16:36:44+0800",TRUE,""
"results/reliability_model_v1.1_error_smoke_feature_ablation.csv","reliability_model_or_analysis",2642,"3c7ec534d99c11c2cfde5de7442d681d","2026-08-06T16:36:41+0800",TRUE,""
"results/reliability_model_v1.1_error_smoke_feature_importance.csv","reliability_model_or_analysis",862,"63834cf1346dbeae24135ff23842b319","2026-08-06T16:36:41+0800",TRUE,""
"results/reliability_model_v1.1_error_smoke_feature_importance.pdf","reliability_model_or_analysis",4337,"06884abb84dd4edba735a9b17f6ca300","2026-08-06T16:36:43+0800",TRUE,""
"results/reliability_model_v1.1_error_smoke_global_contributions.csv","reliability_model_or_analysis",627,"c28f16eb20a9cfac46f80f09f6f4c9fe","2026-08-06T16:36:41+0800",TRUE,""
"results/reliability_model_v1.1_error_smoke_summary.csv","reliability_model_or_analysis",204,"19a666c53cb1e5a59d8bd27b8eb4a9f6","2026-08-06T16:36:41+0800",TRUE,""
"results/reliability_model_v1.1_error_smoke_training_features.csv","reliability_model_or_analysis",109140,"c0ef33e45316ffcaada84948fa60079a","2026-08-06T16:36:41+0800",TRUE,""
"results/reliability_model_v1.1_error_summary.csv","reliability_model_or_analysis",204,"19a666c53cb1e5a59d8bd27b8eb4a9f6","2026-08-06T16:10:47+0800",TRUE,""
"results/reliability_model_v1.1_error_training_features.csv","reliability_model_or_analysis",90785,"64ff24e9d389a10c8bf01ab993fec2bb","2026-08-06T16:10:47+0800",TRUE,""
"results/submission_reproducibility_report.json","validation_lock",4927,"41cd9118a76a4f36292577c04aae6c3f","2026-08-07T17:31:48+0800",TRUE,""
